timeStamp,elapsed,label,responseCode,responseMessage,threadName,dataType,success,failureMessage,bytes,sentBytes,grpThreads,allThreads,URL,Latency,IdleTime,Connect
1788744764017,110,GET Request,200,OK,Grupo GET Request 1-1,text,true,,984,221,2,2,http://localhost:3000/logistics/tenderos/productos-disponibles?tiendaId=bbbbbbbb-bbbb-4bbb-8bbb-bbbbbbbbbbbb&zona=Zona%20Norte,106,0,14
1788744764041,86,GET Request,200,OK,Grupo GET Request 1-2,text,true,,984,221,2,2,http://localhost:3000/logistics/tenderos/productos-disponibles?tiendaId=bbbbbbbb-bbbb-4bbb-8bbb-bbbbbbbbbbbb&zona=Zona%20Norte,82,0,1
1788744764128,46,GET Request,200,OK,Grupo GET Request 1-1,text,true,,984,221,3,3,http://localhost:3000/logistics/tenderos/productos-disponibles?tiendaId=bbbbbbbb-bbbb-4bbb-8bbb-bbbbbbbbbbbb&zona=Zona%20Norte,46,0,0
1788744764128,47,GET Request,200,OK,Grupo GET Request 1-2,text,true,,984,221,3,3,http://localhost:3000/logistics/tenderos/productos-disponibles?tiendaId=bbbbbbbb-bbbb-4bbb-8bbb-bbbbbbbbbbbb&zona=Zona%20Norte,47,0,0
1788744764151,54,GET Request,200,OK,Grupo GET Request 1-3,text,true,,984,221,3,3,http://localhost:3000/logistics/tenderos/productos-disponibles?tiendaId=bbbbbbbb-bbbb-4bbb-8bbb-bbbbbbbbbbbb&zona=Zona%20Norte,54,0,1
1788744764174,39,GET Request,200,OK,Grupo GET Request 1-1,text,true,,984,221,3,3,http://localhost:3000/logistics/tenderos/productos-disponibles?tiendaId=bbbbbbbb-bbbb-4bbb-8bbb-bbbbbbbbbbbb&zona=Zona%20Norte,39,0,0
1788744764176,38,GET Request,200,OK,Grupo GET Request 1-2,text,true,,984,221,3,3,http://localhost:3000/logistics/tenderos/productos-disponibles?tiendaId=bbbbbbbb-bbbb-4bbb-8bbb-bbbbbbbbbbbb&zona=Zona%20Norte,38,0,0
1788744764205,38,GET Request,200,OK,Grupo GET Request 1-3,text,true,,984,221,3,3,http://localhost:3000/logistics/tenderos/productos-disponibles?tiendaId=bbbbbbbb-bbbb-4bbb-8bbb-bbbbbbbbbbbb&zona=Zona%20Norte,38,0,0
1788744764214,35,GET Request,200,OK,Grupo GET Request 1-1,text,true,,984,221,3,3,http://localhost:3000/logistics/tenderos/productos-disponibles?tiendaId=bbbbbbbb-bbbb-4bbb-8bbb-bbbbbbbbbbbb&zona=Zona%20Norte,35,0,0
1788744764214,36,GET Request,200,OK,Grupo GET Request 1-2,text,true,,984,221,3,3,http://localhost:3000/logistics/tenderos/productos-disponibles?tiendaId=bbbbbbbb-bbbb-4bbb-8bbb-bbbbbbbbbbbb&zona=Zona%20Norte,36,0,0
1788744764244,36,GET Request,200,OK,Grupo GET Request 1-3,text,true,,984,221,4,4,http://localhost:3000/logistics/tenderos/productos-disponibles?tiendaId=bbbbbbbb-bbbb-4bbb-8bbb-bbbbbbbbbbbb&zona=Zona%20Norte,36,0,0
1788744764249,36,GET Request,200,OK,Grupo GET Request 1-1,text,true,,984,221,4,4,http://localhost:3000/logistics/tenderos/productos-disponibles?tiendaId=bbbbbbbb-bbbb-4bbb-8bbb-bbbbbbbbbbbb&zona=Zona%20Norte,36,0,0
1788744764250,37,GET Request,200,OK,Grupo GET Request 1-2,text,true,,984,221,4,4,http://localhost:3000/logistics/tenderos/productos-disponibles?tiendaId=bbbbbbbb-bbbb-4bbb-8bbb-bbbbbbbbbbbb&zona=Zona%20Norte,37,0,0
1788744764280,37,GET Request,200,OK,Grupo GET Request 1-3,text,true,,984,221,2,2,http://localhost:3000/logistics/tenderos/productos-disponibles?tiendaId=bbbbbbbb-bbbb-4bbb-8bbb-bbbbbbbbbbbb&zona=Zona%20Norte,37,0,0
1788744764264,54,GET Request,200,OK,Grupo GET Request 1-4,text,true,,984,221,2,2,http://localhost:3000/logistics/tenderos/productos-disponibles?tiendaId=bbbbbbbb-bbbb-4bbb-8bbb-bbbbbbbbbbbb&zona=Zona%20Norte,54,0,1
1788744764317,37,GET Request,200,OK,Grupo GET Request 1-3,text,true,,984,221,2,2,http://localhost:3000/logistics/tenderos/productos-disponibles?tiendaId=bbbbbbbb-bbbb-4bbb-8bbb-bbbbbbbbbbbb&zona=Zona%20Norte,37,0,0
1788744764318,36,GET Request,200,OK,Grupo GET Request 1-4,text,true,,984,221,2,2,http://localhost:3000/logistics/tenderos/productos-disponibles?tiendaId=bbbbbbbb-bbbb-4bbb-8bbb-bbbbbbbbbbbb&zona=Zona%20Norte,36,0,0
1788744764354,35,GET Request,200,OK,Grupo GET Request 1-4,text,true,,984,221,2,2,http://localhost:3000/logistics/tenderos/productos-disponibles?tiendaId=bbbbbbbb-bbbb-4bbb-8bbb-bbbbbbbbbbbb&zona=Zona%20Norte,35,0,0
1788744764374,36,GET Request,200,OK,Grupo GET Request 1-5,text,true,,984,221,2,2,http://localhost:3000/logistics/tenderos/productos-disponibles?tiendaId=bbbbbbbb-bbbb-4bbb-8bbb-bbbbbbbbbbbb&zona=Zona%20Norte,36,0,1
1788744764390,34,GET Request,200,OK,Grupo GET Request 1-4,text,true,,984,221,2,2,http://localhost:3000/logistics/tenderos/productos-disponibles?tiendaId=bbbbbbbb-bbbb-4bbb-8bbb-bbbbbbbbbbbb&zona=Zona%20Norte,33,0,0
1788744764410,34,GET Request,200,OK,Grupo GET Request 1-5,text,true,,984,221,2,2,http://localhost:3000/logistics/tenderos/productos-disponibles?tiendaId=bbbbbbbb-bbbb-4bbb-8bbb-bbbbbbbbbbbb&zona=Zona%20Norte,34,0,0
1788744764424,34,GET Request,200,OK,Grupo GET Request 1-4,text,true,,984,221,2,2,http://localhost:3000/logistics/tenderos/productos-disponibles?tiendaId=bbbbbbbb-bbbb-4bbb-8bbb-bbbbbbbbbbbb&zona=Zona%20Norte,34,0,0
1788744764445,46,GET Request,200,OK,Grupo GET Request 1-5,text,true,,984,221,2,2,http://localhost:3000/logistics/tenderos/productos-disponibles?tiendaId=bbbbbbbb-bbbb-4bbb-8bbb-bbbbbbbbbbbb&zona=Zona%20Norte,46,0,0
1788744764491,36,GET Request,200,OK,Grupo GET Request 1-5,text,true,,984,221,2,2,http://localhost:3000/logistics/tenderos/productos-disponibles?tiendaId=bbbbbbbb-bbbb-4bbb-8bbb-bbbbbbbbbbbb&zona=Zona%20Norte,36,0,0
1788744764492,37,GET Request,200,OK,Grupo GET Request 1-6,text,true,,984,221,2,2,http://localhost:3000/logistics/tenderos/productos-disponibles?tiendaId=bbbbbbbb-bbbb-4bbb-8bbb-bbbbbbbbbbbb&zona=Zona%20Norte,37,0,0
1788744764528,34,GET Request,200,OK,Grupo GET Request 1-5,text,true,,984,221,2,2,http://localhost:3000/logistics/tenderos/productos-disponibles?tiendaId=bbbbbbbb-bbbb-4bbb-8bbb-bbbbbbbbbbbb&zona=Zona%20Norte,34,0,0
1788744764529,34,GET Request,200,OK,Grupo GET Request 1-6,text,true,,984,221,1,1,http://localhost:3000/logistics/tenderos/productos-disponibles?tiendaId=bbbbbbbb-bbbb-4bbb-8bbb-bbbbbbbbbbbb&zona=Zona%20Norte,34,0,0
1788744764564,34,GET Request,200,OK,Grupo GET Request 1-6,text,true,,984,221,2,2,http://localhost:3000/logistics/tenderos/productos-disponibles?tiendaId=bbbbbbbb-bbbb-4bbb-8bbb-bbbbbbbbbbbb&zona=Zona%20Norte,34,0,0
1788744764597,36,GET Request,200,OK,Grupo GET Request 1-7,text,true,,984,221,2,2,http://localhost:3000/logistics/tenderos/productos-disponibles?tiendaId=bbbbbbbb-bbbb-4bbb-8bbb-bbbbbbbbbbbb&zona=Zona%20Norte,36,0,0
1788744764599,34,GET Request,200,OK,Grupo GET Request 1-6,text,true,,984,221,2,2,http://localhost:3000/logistics/tenderos/productos-disponibles?tiendaId=bbbbbbbb-bbbb-4bbb-8bbb-bbbbbbbbbbbb&zona=Zona%20Norte,34,0,0
1788744764633,34,GET Request,200,OK,Grupo GET Request 1-7,text,true,,984,221,2,2,http://localhost:3000/logistics/tenderos/productos-disponibles?tiendaId=bbbbbbbb-bbbb-4bbb-8bbb-bbbbbbbbbbbb&zona=Zona%20Norte,34,0,0
1788744764633,35,GET Request,200,OK,Grupo GET Request 1-6,text,true,,984,221,2,2,http://localhost:3000/logistics/tenderos/productos-disponibles?tiendaId=bbbbbbbb-bbbb-4bbb-8bbb-bbbbbbbbbbbb&zona=Zona%20Norte,35,0,0
1788744764668,35,GET Request,200,OK,Grupo GET Request 1-7,text,true,,984,221,2,2,http://localhost:3000/logistics/tenderos/productos-disponibles?tiendaId=bbbbbbbb-bbbb-4bbb-8bbb-bbbbbbbbbbbb&zona=Zona%20Norte,35,0,0
1788744764703,34,GET Request,200,OK,Grupo GET Request 1-7,text,true,,984,221,2,2,http://localhost:3000/logistics/tenderos/productos-disponibles?tiendaId=bbbbbbbb-bbbb-4bbb-8bbb-bbbbbbbbbbbb&zona=Zona%20Norte,34,0,0
1788744764703,35,GET Request,200,OK,Grupo GET Request 1-8,text,true,,984,221,2,2,http://localhost:3000/logistics/tenderos/productos-disponibles?tiendaId=bbbbbbbb-bbbb-4bbb-8bbb-bbbbbbbbbbbb&zona=Zona%20Norte,35,0,1
1788744764738,34,GET Request,200,OK,Grupo GET Request 1-7,text,true,,984,221,2,2,http://localhost:3000/logistics/tenderos/productos-disponibles?tiendaId=bbbbbbbb-bbbb-4bbb-8bbb-bbbbbbbbbbbb&zona=Zona%20Norte,34,0,0
1788744764739,34,GET Request,200,OK,Grupo GET Request 1-8,text,true,,984,221,2,2,http://localhost:3000/logistics/tenderos/productos-disponibles?tiendaId=bbbbbbbb-bbbb-4bbb-8bbb-bbbbbbbbbbbb&zona=Zona%20Norte,34,0,0
1788744764773,35,GET Request,200,OK,Grupo GET Request 1-8,text,true,,984,221,1,1,http://localhost:3000/logistics/tenderos/productos-disponibles?tiendaId=bbbbbbbb-bbbb-4bbb-8bbb-bbbbbbbbbbbb&zona=Zona%20Norte,35,0,0
1788744764808,34,GET Request,200,OK,Grupo GET Request 1-8,text,true,,984,221,2,2,http://localhost:3000/logistics/tenderos/productos-disponibles?tiendaId=bbbbbbbb-bbbb-4bbb-8bbb-bbbbbbbbbbbb&zona=Zona%20Norte,34,0,0
1788744764818,35,GET Request,200,OK,Grupo GET Request 1-9,text,true,,984,221,2,2,http://localhost:3000/logistics/tenderos/productos-disponibles?tiendaId=bbbbbbbb-bbbb-4bbb-8bbb-bbbbbbbbbbbb&zona=Zona%20Norte,35,0,1
1788744764843,34,GET Request,200,OK,Grupo GET Request 1-8,text,true,,984,221,2,2,http://localhost:3000/logistics/tenderos/productos-disponibles?tiendaId=bbbbbbbb-bbbb-4bbb-8bbb-bbbbbbbbbbbb&zona=Zona%20Norte,34,0,0
1788744764853,34,GET Request,200,OK,Grupo GET Request 1-9,text,true,,984,221,1,1,http://localhost:3000/logistics/tenderos/productos-disponibles?tiendaId=bbbbbbbb-bbbb-4bbb-8bbb-bbbbbbbbbbbb&zona=Zona%20Norte,34,0,0
1788744764888,34,GET Request,200,OK,Grupo GET Request 1-9,text,true,,984,221,1,1,http://localhost:3000/logistics/tenderos/productos-disponibles?tiendaId=bbbbbbbb-bbbb-4bbb-8bbb-bbbbbbbbbbbb&zona=Zona%20Norte,34,0,0
1788744764923,34,GET Request,200,OK,Grupo GET Request 1-9,text,true,,984,221,2,2,http://localhost:3000/logistics/tenderos/productos-disponibles?tiendaId=bbbbbbbb-bbbb-4bbb-8bbb-bbbbbbbbbbbb&zona=Zona%20Norte,34,0,0
1788744764927,34,GET Request,200,OK,Grupo GET Request 1-10,text,true,,984,221,2,2,http://localhost:3000/logistics/tenderos/productos-disponibles?tiendaId=bbbbbbbb-bbbb-4bbb-8bbb-bbbbbbbbbbbb&zona=Zona%20Norte,34,0,1
1788744764958,34,GET Request,200,OK,Grupo GET Request 1-9,text,true,,984,221,2,2,http://localhost:3000/logistics/tenderos/productos-disponibles?tiendaId=bbbbbbbb-bbbb-4bbb-8bbb-bbbbbbbbbbbb&zona=Zona%20Norte,34,0,0
1788744764961,34,GET Request,200,OK,Grupo GET Request 1-10,text,true,,984,221,1,1,http://localhost:3000/logistics/tenderos/productos-disponibles?tiendaId=bbbbbbbb-bbbb-4bbb-8bbb-bbbbbbbbbbbb&zona=Zona%20Norte,34,0,0
1788744764995,34,GET Request,200,OK,Grupo GET Request 1-10,text,true,,984,221,1,1,http://localhost:3000/logistics/tenderos/productos-disponibles?tiendaId=bbbbbbbb-bbbb-4bbb-8bbb-bbbbbbbbbbbb&zona=Zona%20Norte,34,0,0
1788744765029,34,GET Request,200,OK,Grupo GET Request 1-10,text,true,,984,221,2,2,http://localhost:3000/logistics/tenderos/productos-disponibles?tiendaId=bbbbbbbb-bbbb-4bbb-8bbb-bbbbbbbbbbbb&zona=Zona%20Norte,34,0,0
1788744765037,33,GET Request,200,OK,Grupo GET Request 1-11,text,true,,984,221,2,2,http://localhost:3000/logistics/tenderos/productos-disponibles?tiendaId=bbbbbbbb-bbbb-4bbb-8bbb-bbbbbbbbbbbb&zona=Zona%20Norte,33,0,0
1788744765063,35,GET Request,200,OK,Grupo GET Request 1-10,text,true,,984,221,2,2,http://localhost:3000/logistics/tenderos/productos-disponibles?tiendaId=bbbbbbbb-bbbb-4bbb-8bbb-bbbbbbbbbbbb&zona=Zona%20Norte,35,0,0
1788744765071,33,GET Request,200,OK,Grupo GET Request 1-11,text,true,,984,221,1,1,http://localhost:3000/logistics/tenderos/productos-disponibles?tiendaId=bbbbbbbb-bbbb-4bbb-8bbb-bbbbbbbbbbbb&zona=Zona%20Norte,33,0,0
1788744765105,34,GET Request,200,OK,Grupo GET Request 1-11,text,true,,984,221,1,1,http://localhost:3000/logistics/tenderos/productos-disponibles?tiendaId=bbbbbbbb-bbbb-4bbb-8bbb-bbbbbbbbbbbb&zona=Zona%20Norte,34,0,0
1788744765139,34,GET Request,200,OK,Grupo GET Request 1-11,text,true,,984,221,2,2,http://localhost:3000/logistics/tenderos/productos-disponibles?tiendaId=bbbbbbbb-bbbb-4bbb-8bbb-bbbbbbbbbbbb&zona=Zona%20Norte,34,0,0
1788744765147,35,GET Request,200,OK,Grupo GET Request 1-12,text,true,,984,221,2,2,http://localhost:3000/logistics/tenderos/productos-disponibles?tiendaId=bbbbbbbb-bbbb-4bbb-8bbb-bbbbbbbbbbbb&zona=Zona%20Norte,35,0,1
1788744765173,35,GET Request,200,OK,Grupo GET Request 1-11,text,true,,984,221,2,2,http://localhost:3000/logistics/tenderos/productos-disponibles?tiendaId=bbbbbbbb-bbbb-4bbb-8bbb-bbbbbbbbbbbb&zona=Zona%20Norte,34,0,0
1788744765182,34,GET Request,200,OK,Grupo GET Request 1-12,text,true,,984,221,1,1,http://localhost:3000/logistics/tenderos/productos-disponibles?tiendaId=bbbbbbbb-bbbb-4bbb-8bbb-bbbbbbbbbbbb&zona=Zona%20Norte,34,0,0
1788744765216,34,GET Request,200,OK,Grupo GET Request 1-12,text,true,,984,221,1,1,http://localhost:3000/logistics/tenderos/productos-disponibles?tiendaId=bbbbbbbb-bbbb-4bbb-8bbb-bbbbbbbbbbbb&zona=Zona%20Norte,34,0,0
1788744765251,34,GET Request,200,OK,Grupo GET Request 1-12,text,true,,984,221,2,2,http://localhost:3000/logistics/tenderos/productos-disponibles?tiendaId=bbbbbbbb-bbbb-4bbb-8bbb-bbbbbbbbbbbb&zona=Zona%20Norte,34,0,0
1788744765259,35,GET Request,200,OK,Grupo GET Request 1-13,text,true,,984,221,2,2,http://localhost:3000/logistics/tenderos/productos-disponibles?tiendaId=bbbbbbbb-bbbb-4bbb-8bbb-bbbbbbbbbbbb&zona=Zona%20Norte,35,0,1
1788744765286,34,GET Request,200,OK,Grupo GET Request 1-12,text,true,,984,221,2,2,http://localhost:3000/logistics/tenderos/productos-disponibles?tiendaId=bbbbbbbb-bbbb-4bbb-8bbb-bbbbbbbbbbbb&zona=Zona%20Norte,34,0,0
1788744765294,33,GET Request,200,OK,Grupo GET Request 1-13,text,true,,984,221,1,1,http://localhost:3000/logistics/tenderos/productos-disponibles?tiendaId=bbbbbbbb-bbbb-4bbb-8bbb-bbbbbbbbbbbb&zona=Zona%20Norte,33,0,0
1788744765328,33,GET Request,200,OK,Grupo GET Request 1-13,text,true,,984,221,1,1,http://localhost:3000/logistics/tenderos/productos-disponibles?tiendaId=bbbbbbbb-bbbb-4bbb-8bbb-bbbbbbbbbbbb&zona=Zona%20Norte,33,0,0
1788744765362,34,GET Request,200,OK,Grupo GET Request 1-13,text,true,,984,221,2,2,http://localhost:3000/logistics/tenderos/productos-disponibles?tiendaId=bbbbbbbb-bbbb-4bbb-8bbb-bbbbbbbbbbbb&zona=Zona%20Norte,34,0,0
1788744765373,35,GET Request,200,OK,Grupo GET Request 1-14,text,true,,984,221,2,2,http://localhost:3000/logistics/tenderos/productos-disponibles?tiendaId=bbbbbbbb-bbbb-4bbb-8bbb-bbbbbbbbbbbb&zona=Zona%20Norte,35,0,1
1788744765397,33,GET Request,200,OK,Grupo GET Request 1-13,text,true,,984,221,2,2,http://localhost:3000/logistics/tenderos/productos-disponibles?tiendaId=bbbbbbbb-bbbb-4bbb-8bbb-bbbbbbbbbbbb&zona=Zona%20Norte,33,0,0
1788744765408,37,GET Request,200,OK,Grupo GET Request 1-14,text,true,,984,221,1,1,http://localhost:3000/logistics/tenderos/productos-disponibles?tiendaId=bbbbbbbb-bbbb-4bbb-8bbb-bbbbbbbbbbbb&zona=Zona%20Norte,36,0,0
1788744765445,34,GET Request,200,OK,Grupo GET Request 1-14,text,true,,984,221,1,1,http://localhost:3000/logistics/tenderos/productos-disponibles?tiendaId=bbbbbbbb-bbbb-4bbb-8bbb-bbbbbbbbbbbb&zona=Zona%20Norte,34,0,0
1788744765479,35,GET Request,200,OK,Grupo GET Request 1-14,text,true,,984,221,2,2,http://localhost:3000/logistics/tenderos/productos-disponibles?tiendaId=bbbbbbbb-bbbb-4bbb-8bbb-bbbbbbbbbbbb&zona=Zona%20Norte,35,0,0
1788744765482,34,GET Request,200,OK,Grupo GET Request 1-15,text,true,,984,221,2,2,http://localhost:3000/logistics/tenderos/productos-disponibles?tiendaId=bbbbbbbb-bbbb-4bbb-8bbb-bbbbbbbbbbbb&zona=Zona%20Norte,34,0,1
1788744765514,35,GET Request,200,OK,Grupo GET Request 1-14,text,true,,984,221,2,2,http://localhost:3000/logistics/tenderos/productos-disponibles?tiendaId=bbbbbbbb-bbbb-4bbb-8bbb-bbbbbbbbbbbb&zona=Zona%20Norte,35,0,0
1788744765517,36,GET Request,200,OK,Grupo GET Request 1-15,text,true,,984,221,1,1,http://localhost:3000/logistics/tenderos/productos-disponibles?tiendaId=bbbbbbbb-bbbb-4bbb-8bbb-bbbbbbbbbbbb&zona=Zona%20Norte,36,0,0
1788744765554,33,GET Request,200,OK,Grupo GET Request 1-15,text,true,,984,221,1,1,http://localhost:3000/logistics/tenderos/productos-disponibles?tiendaId=bbbbbbbb-bbbb-4bbb-8bbb-bbbbbbbbbbbb&zona=Zona%20Norte,33,0,0
1788744765587,34,GET Request,200,OK,Grupo GET Request 1-15,text,true,,984,221,2,2,http://localhost:3000/logistics/tenderos/productos-disponibles?tiendaId=bbbbbbbb-bbbb-4bbb-8bbb-bbbbbbbbbbbb&zona=Zona%20Norte,34,0,0
1788744765594,34,GET Request,200,OK,Grupo GET Request 1-16,text,true,,984,221,2,2,http://localhost:3000/logistics/tenderos/productos-disponibles?tiendaId=bbbbbbbb-bbbb-4bbb-8bbb-bbbbbbbbbbbb&zona=Zona%20Norte,34,0,1
1788744765621,36,GET Request,200,OK,Grupo GET Request 1-15,text,true,,984,221,2,2,http://localhost:3000/logistics/tenderos/productos-disponibles?tiendaId=bbbbbbbb-bbbb-4bbb-8bbb-bbbbbbbbbbbb&zona=Zona%20Norte,36,0,0
1788744765628,37,GET Request,200,OK,Grupo GET Request 1-16,text,true,,984,221,1,1,http://localhost:3000/logistics/tenderos/productos-disponibles?tiendaId=bbbbbbbb-bbbb-4bbb-8bbb-bbbbbbbbbbbb&zona=Zona%20Norte,37,0,0
1788744765665,39,GET Request,200,OK,Grupo GET Request 1-16,text,true,,984,221,1,1,http://localhost:3000/logistics/tenderos/productos-disponibles?tiendaId=bbbbbbbb-bbbb-4bbb-8bbb-bbbbbbbbbbbb&zona=Zona%20Norte,39,0,0
1788744765704,35,GET Request,200,OK,Grupo GET Request 1-16,text,true,,984,221,2,2,http://localhost:3000/logistics/tenderos/productos-disponibles?tiendaId=bbbbbbbb-bbbb-4bbb-8bbb-bbbbbbbbbbbb&zona=Zona%20Norte,35,0,0
1788744765706,35,GET Request,200,OK,Grupo GET Request 1-17,text,true,,984,221,2,2,http://localhost:3000/logistics/tenderos/productos-disponibles?tiendaId=bbbbbbbb-bbbb-4bbb-8bbb-bbbbbbbbbbbb&zona=Zona%20Norte,35,0,0
1788744765739,38,GET Request,200,OK,Grupo GET Request 1-16,text,true,,984,221,2,2,http://localhost:3000/logistics/tenderos/productos-disponibles?tiendaId=bbbbbbbb-bbbb-4bbb-8bbb-bbbbbbbbbbbb&zona=Zona%20Norte,38,0,0
1788744765741,38,GET Request,200,OK,Grupo GET Request 1-17,text,true,,984,221,1,1,http://localhost:3000/logistics/tenderos/productos-disponibles?tiendaId=bbbbbbbb-bbbb-4bbb-8bbb-bbbbbbbbbbbb&zona=Zona%20Norte,38,0,0
1788744765779,38,GET Request,200,OK,Grupo GET Request 1-17,text,true,,984,221,2,2,http://localhost:3000/logistics/tenderos/productos-disponibles?tiendaId=bbbbbbbb-bbbb-4bbb-8bbb-bbbbbbbbbbbb&zona=Zona%20Norte,38,0,0
1788744765813,35,GET Request,200,OK,Grupo GET Request 1-18,text,true,,984,221,2,2,http://localhost:3000/logistics/tenderos/productos-disponibles?tiendaId=bbbbbbbb-bbbb-4bbb-8bbb-bbbbbbbbbbbb&zona=Zona%20Norte,35,0,1
1788744765818,33,GET Request,200,OK,Grupo GET Request 1-17,text,true,,984,221,2,2,http://localhost:3000/logistics/tenderos/productos-disponibles?tiendaId=bbbbbbbb-bbbb-4bbb-8bbb-bbbbbbbbbbbb&zona=Zona%20Norte,33,0,0
1788744765849,37,GET Request,200,OK,Grupo GET Request 1-18,text,true,,984,221,2,2,http://localhost:3000/logistics/tenderos/productos-disponibles?tiendaId=bbbbbbbb-bbbb-4bbb-8bbb-bbbbbbbbbbbb&zona=Zona%20Norte,37,0,0
1788744765851,37,GET Request,200,OK,Grupo GET Request 1-17,text,true,,984,221,2,2,http://localhost:3000/logistics/tenderos/productos-disponibles?tiendaId=bbbbbbbb-bbbb-4bbb-8bbb-bbbbbbbbbbbb&zona=Zona%20Norte,37,0,0
1788744765886,40,GET Request,200,OK,Grupo GET Request 1-18,text,true,,984,221,2,2,http://localhost:3000/logistics/tenderos/productos-disponibles?tiendaId=bbbbbbbb-bbbb-4bbb-8bbb-bbbbbbbbbbbb&zona=Zona%20Norte,40,0,0
1788744765926,39,GET Request,200,OK,Grupo GET Request 1-18,text,true,,984,221,2,2,http://localhost:3000/logistics/tenderos/productos-disponibles?tiendaId=bbbbbbbb-bbbb-4bbb-8bbb-bbbbbbbbbbbb&zona=Zona%20Norte,39,0,0
1788744765926,40,GET Request,200,OK,Grupo GET Request 1-19,text,true,,984,221,2,2,http://localhost:3000/logistics/tenderos/productos-disponibles?tiendaId=bbbbbbbb-bbbb-4bbb-8bbb-bbbbbbbbbbbb&zona=Zona%20Norte,40,0,1
1788744765966,39,GET Request,200,OK,Grupo GET Request 1-18,text,true,,984,221,2,2,http://localhost:3000/logistics/tenderos/productos-disponibles?tiendaId=bbbbbbbb-bbbb-4bbb-8bbb-bbbbbbbbbbbb&zona=Zona%20Norte,39,0,0
1788744765966,40,GET Request,200,OK,Grupo GET Request 1-19,text,true,,984,221,2,2,http://localhost:3000/logistics/tenderos/productos-disponibles?tiendaId=bbbbbbbb-bbbb-4bbb-8bbb-bbbbbbbbbbbb&zona=Zona%20Norte,40,0,0
1788744766006,38,GET Request,200,OK,Grupo GET Request 1-19,text,true,,984,221,2,2,http://localhost:3000/logistics/tenderos/productos-disponibles?tiendaId=bbbbbbbb-bbbb-4bbb-8bbb-bbbbbbbbbbbb&zona=Zona%20Norte,38,0,0
1788744766035,39,GET Request,200,OK,Grupo GET Request 1-20,text,true,,984,221,2,2,http://localhost:3000/logistics/tenderos/productos-disponibles?tiendaId=bbbbbbbb-bbbb-4bbb-8bbb-bbbbbbbbbbbb&zona=Zona%20Norte,38,0,0
1788744766045,38,GET Request,200,OK,Grupo GET Request 1-19,text,true,,984,221,2,2,http://localhost:3000/logistics/tenderos/productos-disponibles?tiendaId=bbbbbbbb-bbbb-4bbb-8bbb-bbbbbbbbbbbb&zona=Zona%20Norte,38,0,0
1788744766074,38,GET Request,200,OK,Grupo GET Request 1-20,text,true,,984,221,2,2,http://localhost:3000/logistics/tenderos/productos-disponibles?tiendaId=bbbbbbbb-bbbb-4bbb-8bbb-bbbbbbbbbbbb&zona=Zona%20Norte,38,0,0
1788744766083,38,GET Request,200,OK,Grupo GET Request 1-19,text,true,,984,221,2,2,http://localhost:3000/logistics/tenderos/productos-disponibles?tiendaId=bbbbbbbb-bbbb-4bbb-8bbb-bbbbbbbbbbbb&zona=Zona%20Norte,38,0,0
1788744766112,38,GET Request,200,OK,Grupo GET Request 1-20,text,true,,984,221,2,2,http://localhost:3000/logistics/tenderos/productos-disponibles?tiendaId=bbbbbbbb-bbbb-4bbb-8bbb-bbbbbbbbbbbb&zona=Zona%20Norte,38,0,0
1788744766151,40,GET Request,200,OK,Grupo GET Request 1-20,text,true,,984,221,2,2,http://localhost:3000/logistics/tenderos/productos-disponibles?tiendaId=bbbbbbbb-bbbb-4bbb-8bbb-bbbbbbbbbbbb&zona=Zona%20Norte,40,0,0
1788744766149,42,GET Request,200,OK,Grupo GET Request 1-21,text,true,,984,221,2,2,http://localhost:3000/logistics/tenderos/productos-disponibles?tiendaId=bbbbbbbb-bbbb-4bbb-8bbb-bbbbbbbbbbbb&zona=Zona%20Norte,42,0,1
1788744766191,42,GET Request,200,OK,Grupo GET Request 1-21,text,true,,984,221,2,2,http://localhost:3000/logistics/tenderos/productos-disponibles?tiendaId=bbbbbbbb-bbbb-4bbb-8bbb-bbbbbbbbbbbb&zona=Zona%20Norte,42,0,0
1788744766191,43,GET Request,200,OK,Grupo GET Request 1-20,text,true,,984,221,2,2,http://localhost:3000/logistics/tenderos/productos-disponibles?tiendaId=bbbbbbbb-bbbb-4bbb-8bbb-bbbbbbbbbbbb&zona=Zona%20Norte,43,0,0
1788744766233,53,GET Request,200,OK,Grupo GET Request 1-21,text,true,,984,221,2,2,http://localhost:3000/logistics/tenderos/productos-disponibles?tiendaId=bbbbbbbb-bbbb-4bbb-8bbb-bbbbbbbbbbbb&zona=Zona%20Norte,53,0,0
1788744766262,56,GET Request,200,OK,Grupo GET Request 1-22,text,true,,984,221,2,2,http://localhost:3000/logistics/tenderos/productos-disponibles?tiendaId=bbbbbbbb-bbbb-4bbb-8bbb-bbbbbbbbbbbb&zona=Zona%20Norte,56,0,0
1788744766287,55,GET Request,200,OK,Grupo GET Request 1-21,text,true,,984,221,2,2,http://localhost:3000/logistics/tenderos/productos-disponibles?tiendaId=bbbbbbbb-bbbb-4bbb-8bbb-bbbbbbbbbbbb&zona=Zona%20Norte,55,0,0
1788744766319,56,GET Request,200,OK,Grupo GET Request 1-22,text,true,,984,221,3,3,http://localhost:3000/logistics/tenderos/productos-disponibles?tiendaId=bbbbbbbb-bbbb-4bbb-8bbb-bbbbbbbbbbbb&zona=Zona%20Norte,56,0,0
1788744766343,56,GET Request,200,OK,Grupo GET Request 1-21,text,true,,984,221,3,3,http://localhost:3000/logistics/tenderos/productos-disponibles?tiendaId=bbbbbbbb-bbbb-4bbb-8bbb-bbbbbbbbbbbb&zona=Zona%20Norte,56,0,0
1788744766372,60,GET Request,200,OK,Grupo GET Request 1-23,text,true,,984,221,2,2,http://localhost:3000/logistics/tenderos/productos-disponibles?tiendaId=bbbbbbbb-bbbb-4bbb-8bbb-bbbbbbbbbbbb&zona=Zona%20Norte,60,0,2
1788744766376,56,GET Request,200,OK,Grupo GET Request 1-22,text,true,,984,221,2,2,http://localhost:3000/logistics/tenderos/productos-disponibles?tiendaId=bbbbbbbb-bbbb-4bbb-8bbb-bbbbbbbbbbbb&zona=Zona%20Norte,56,0,0
1788744766433,58,GET Request,200,OK,Grupo GET Request 1-22,text,true,,984,221,3,3,http://localhost:3000/logistics/tenderos/productos-disponibles?tiendaId=bbbbbbbb-bbbb-4bbb-8bbb-bbbbbbbbbbbb&zona=Zona%20Norte,58,0,0
1788744766432,60,GET Request,200,OK,Grupo GET Request 1-23,text,true,,984,221,3,3,http://localhost:3000/logistics/tenderos/productos-disponibles?tiendaId=bbbbbbbb-bbbb-4bbb-8bbb-bbbbbbbbbbbb&zona=Zona%20Norte,60,0,0
1788744766483,62,GET Request,200,OK,Grupo GET Request 1-24,text,true,,984,221,3,3,http://localhost:3000/logistics/tenderos/productos-disponibles?tiendaId=bbbbbbbb-bbbb-4bbb-8bbb-bbbbbbbbbbbb&zona=Zona%20Norte,62,0,0
1788744766492,62,GET Request,200,OK,Grupo GET Request 1-23,text,true,,984,221,3,3,http://localhost:3000/logistics/tenderos/productos-disponibles?tiendaId=bbbbbbbb-bbbb-4bbb-8bbb-bbbbbbbbbbbb&zona=Zona%20Norte,62,0,0
1788744766492,68,GET Request,200,OK,Grupo GET Request 1-22,text,true,,984,221,3,3,http://localhost:3000/logistics/tenderos/productos-disponibles?tiendaId=bbbbbbbb-bbbb-4bbb-8bbb-bbbbbbbbbbbb&zona=Zona%20Norte,68,0,0
1788744766546,54,GET Request,200,OK,Grupo GET Request 1-24,text,true,,984,221,3,3,http://localhost:3000/logistics/tenderos/productos-disponibles?tiendaId=bbbbbbbb-bbbb-4bbb-8bbb-bbbbbbbbbbbb&zona=Zona%20Norte,54,0,0
1788744766554,58,GET Request,200,OK,Grupo GET Request 1-23,text,true,,984,221,3,3,http://localhost:3000/logistics/tenderos/productos-disponibles?tiendaId=bbbbbbbb-bbbb-4bbb-8bbb-bbbbbbbbbbbb&zona=Zona%20Norte,58,0,0
1788744766592,56,GET Request,200,OK,Grupo GET Request 1-25,text,true,,984,221,3,3,http://localhost:3000/logistics/tenderos/productos-disponibles?tiendaId=bbbbbbbb-bbbb-4bbb-8bbb-bbbbbbbbbbbb&zona=Zona%20Norte,56,0,0
1788744766601,55,GET Request,200,OK,Grupo GET Request 1-24,text,true,,984,221,3,3,http://localhost:3000/logistics/tenderos/productos-disponibles?tiendaId=bbbbbbbb-bbbb-4bbb-8bbb-bbbbbbbbbbbb&zona=Zona%20Norte,55,0,0
1788744766612,57,GET Request,200,OK,Grupo GET Request 1-23,text,true,,984,221,3,3,http://localhost:3000/logistics/tenderos/productos-disponibles?tiendaId=bbbbbbbb-bbbb-4bbb-8bbb-bbbbbbbbbbbb&zona=Zona%20Norte,57,0,0
1788744766648,59,GET Request,200,OK,Grupo GET Request 1-25,text,true,,984,221,3,3,http://localhost:3000/logistics/tenderos/productos-disponibles?tiendaId=bbbbbbbb-bbbb-4bbb-8bbb-bbbbbbbbbbbb&zona=Zona%20Norte,59,0,0
1788744766657,57,GET Request,200,OK,Grupo GET Request 1-24,text,true,,984,221,3,3,http://localhost:3000/logistics/tenderos/productos-disponibles?tiendaId=bbbbbbbb-bbbb-4bbb-8bbb-bbbbbbbbbbbb&zona=Zona%20Norte,57,0,0
1788744766702,61,GET Request,200,OK,Grupo GET Request 1-26,text,true,,984,221,3,3,http://localhost:3000/logistics/tenderos/productos-disponibles?tiendaId=bbbbbbbb-bbbb-4bbb-8bbb-bbbbbbbbbbbb&zona=Zona%20Norte,61,0,1
1788744766707,64,GET Request,200,OK,Grupo GET Request 1-25,text,true,,984,221,3,3,http://localhost:3000/logistics/tenderos/productos-disponibles?tiendaId=bbbbbbbb-bbbb-4bbb-8bbb-bbbbbbbbbbbb&zona=Zona%20Norte,64,0,0
1788744766714,73,GET Request,200,OK,Grupo GET Request 1-24,text,true,,984,221,3,3,http://localhost:3000/logistics/tenderos/productos-disponibles?tiendaId=bbbbbbbb-bbbb-4bbb-8bbb-bbbbbbbbbbbb&zona=Zona%20Norte,73,0,0
1788744766763,54,GET Request,200,OK,Grupo GET Request 1-26,text,true,,984,221,3,3,http://localhost:3000/logistics/tenderos/productos-disponibles?tiendaId=bbbbbbbb-bbbb-4bbb-8bbb-bbbbbbbbbbbb&zona=Zona%20Norte,54,0,0
1788744766771,54,GET Request,200,OK,Grupo GET Request 1-25,text,true,,984,221,3,3,http://localhost:3000/logistics/tenderos/productos-disponibles?tiendaId=bbbbbbbb-bbbb-4bbb-8bbb-bbbbbbbbbbbb&zona=Zona%20Norte,54,0,0
1788744766813,56,GET Request,200,OK,Grupo GET Request 1-27,text,true,,984,221,3,3,http://localhost:3000/logistics/tenderos/productos-disponibles?tiendaId=bbbbbbbb-bbbb-4bbb-8bbb-bbbbbbbbbbbb&zona=Zona%20Norte,56,0,1
1788744766818,54,GET Request,200,OK,Grupo GET Request 1-26,text,true,,984,221,3,3,http://localhost:3000/logistics/tenderos/productos-disponibles?tiendaId=bbbbbbbb-bbbb-4bbb-8bbb-bbbbbbbbbbbb&zona=Zona%20Norte,54,0,0
1788744766826,53,GET Request,200,OK,Grupo GET Request 1-25,text,true,,984,221,3,3,http://localhost:3000/logistics/tenderos/productos-disponibles?tiendaId=bbbbbbbb-bbbb-4bbb-8bbb-bbbbbbbbbbbb&zona=Zona%20Norte,53,0,0
1788744766870,58,GET Request,200,OK,Grupo GET Request 1-27,text,true,,984,221,3,3,http://localhost:3000/logistics/tenderos/productos-disponibles?tiendaId=bbbbbbbb-bbbb-4bbb-8bbb-bbbbbbbbbbbb&zona=Zona%20Norte,58,0,0
1788744766872,59,GET Request,200,OK,Grupo GET Request 1-26,text,true,,984,221,3,3,http://localhost:3000/logistics/tenderos/productos-disponibles?tiendaId=bbbbbbbb-bbbb-4bbb-8bbb-bbbbbbbbbbbb&zona=Zona%20Norte,59,0,0
1788744766922,63,GET Request,200,OK,Grupo GET Request 1-28,text,true,,984,221,3,3,http://localhost:3000/logistics/tenderos/productos-disponibles?tiendaId=bbbbbbbb-bbbb-4bbb-8bbb-bbbbbbbbbbbb&zona=Zona%20Norte,63,0,1
1788744766928,58,GET Request,200,OK,Grupo GET Request 1-27,text,true,,984,221,3,3,http://localhost:3000/logistics/tenderos/productos-disponibles?tiendaId=bbbbbbbb-bbbb-4bbb-8bbb-bbbbbbbbbbbb&zona=Zona%20Norte,58,0,0
1788744766932,61,GET Request,200,OK,Grupo GET Request 1-26,text,true,,984,221,3,3,http://localhost:3000/logistics/tenderos/productos-disponibles?tiendaId=bbbbbbbb-bbbb-4bbb-8bbb-bbbbbbbbbbbb&zona=Zona%20Norte,61,0,0
1788744766987,54,GET Request,200,OK,Grupo GET Request 1-27,text,true,,984,221,3,3,http://localhost:3000/logistics/tenderos/productos-disponibles?tiendaId=bbbbbbbb-bbbb-4bbb-8bbb-bbbbbbbbbbbb&zona=Zona%20Norte,54,0,0
1788744766986,58,GET Request,200,OK,Grupo GET Request 1-28,text,true,,984,221,3,3,http://localhost:3000/logistics/tenderos/productos-disponibles?tiendaId=bbbbbbbb-bbbb-4bbb-8bbb-bbbbbbbbbbbb&zona=Zona%20Norte,58,0,0
1788744767037,56,GET Request,200,OK,Grupo GET Request 1-29,text,true,,984,221,3,3,http://localhost:3000/logistics/tenderos/productos-disponibles?tiendaId=bbbbbbbb-bbbb-4bbb-8bbb-bbbbbbbbbbbb&zona=Zona%20Norte,56,0,1
1788744767042,55,GET Request,200,OK,Grupo GET Request 1-27,text,true,,984,221,3,3,http://localhost:3000/logistics/tenderos/productos-disponibles?tiendaId=bbbbbbbb-bbbb-4bbb-8bbb-bbbbbbbbbbbb&zona=Zona%20Norte,55,0,0
1788744767045,54,GET Request,200,OK,Grupo GET Request 1-28,text,true,,984,221,2,2,http://localhost:3000/logistics/tenderos/productos-disponibles?tiendaId=bbbbbbbb-bbbb-4bbb-8bbb-bbbbbbbbbbbb&zona=Zona%20Norte,54,0,0
1788744767100,53,GET Request,200,OK,Grupo GET Request 1-28,text,true,,984,221,3,3,http://localhost:3000/logistics/tenderos/productos-disponibles?tiendaId=bbbbbbbb-bbbb-4bbb-8bbb-bbbbbbbbbbbb&zona=Zona%20Norte,53,0,0
1788744767094,62,GET Request,200,OK,Grupo GET Request 1-29,text,true,,984,221,3,3,http://localhost:3000/logistics/tenderos/productos-disponibles?tiendaId=bbbbbbbb-bbbb-4bbb-8bbb-bbbbbbbbbbbb&zona=Zona%20Norte,62,0,0
1788744767149,56,GET Request,200,OK,Grupo GET Request 1-30,text,true,,984,221,3,3,http://localhost:3000/logistics/tenderos/productos-disponibles?tiendaId=bbbbbbbb-bbbb-4bbb-8bbb-bbbbbbbbbbbb&zona=Zona%20Norte,56,0,1
1788744767153,54,GET Request,200,OK,Grupo GET Request 1-28,text,true,,984,221,3,3,http://localhost:3000/logistics/tenderos/productos-disponibles?tiendaId=bbbbbbbb-bbbb-4bbb-8bbb-bbbbbbbbbbbb&zona=Zona%20Norte,54,0,0
1788744767156,54,GET Request,200,OK,Grupo GET Request 1-29,text,true,,984,221,2,2,http://localhost:3000/logistics/tenderos/productos-disponibles?tiendaId=bbbbbbbb-bbbb-4bbb-8bbb-bbbbbbbbbbbb&zona=Zona%20Norte,54,0,0
1788744767205,120,GET Request,200,OK,Grupo GET Request 1-30,text,true,,984,221,3,3,http://localhost:3000/logistics/tenderos/productos-disponibles?tiendaId=bbbbbbbb-bbbb-4bbb-8bbb-bbbbbbbbbbbb&zona=Zona%20Norte,120,0,0
1788744767210,128,GET Request,200,OK,Grupo GET Request 1-29,text,true,,984,221,3,3,http://localhost:3000/logistics/tenderos/productos-disponibles?tiendaId=bbbbbbbb-bbbb-4bbb-8bbb-bbbbbbbbbbbb&zona=Zona%20Norte,128,0,0
1788744767285,76,GET Request,200,OK,Grupo GET Request 1-31,text,true,,984,221,3,3,http://localhost:3000/logistics/tenderos/productos-disponibles?tiendaId=bbbbbbbb-bbbb-4bbb-8bbb-bbbbbbbbbbbb&zona=Zona%20Norte,76,0,1
1788744767325,56,GET Request,200,OK,Grupo GET Request 1-30,text,true,,984,221,4,4,http://localhost:3000/logistics/tenderos/productos-disponibles?tiendaId=bbbbbbbb-bbbb-4bbb-8bbb-bbbbbbbbbbbb&zona=Zona%20Norte,56,0,0
1788744767339,57,GET Request,200,OK,Grupo GET Request 1-29,text,true,,984,221,4,4,http://localhost:3000/logistics/tenderos/productos-disponibles?tiendaId=bbbbbbbb-bbbb-4bbb-8bbb-bbbbbbbbbbbb&zona=Zona%20Norte,57,0,0
1788744767361,54,GET Request,200,OK,Grupo GET Request 1-31,text,true,,984,221,3,3,http://localhost:3000/logistics/tenderos/productos-disponibles?tiendaId=bbbbbbbb-bbbb-4bbb-8bbb-bbbbbbbbbbbb&zona=Zona%20Norte,54,0,0
1788744767370,56,GET Request,200,OK,Grupo GET Request 1-32,text,true,,984,221,3,3,http://localhost:3000/logistics/tenderos/productos-disponibles?tiendaId=bbbbbbbb-bbbb-4bbb-8bbb-bbbbbbbbbbbb&zona=Zona%20Norte,56,0,1
1788744767381,57,GET Request,200,OK,Grupo GET Request 1-30,text,true,,984,221,3,3,http://localhost:3000/logistics/tenderos/productos-disponibles?tiendaId=bbbbbbbb-bbbb-4bbb-8bbb-bbbbbbbbbbbb&zona=Zona%20Norte,57,0,0
1788744767416,55,GET Request,200,OK,Grupo GET Request 1-31,text,true,,984,221,3,3,http://localhost:3000/logistics/tenderos/productos-disponibles?tiendaId=bbbbbbbb-bbbb-4bbb-8bbb-bbbbbbbbbbbb&zona=Zona%20Norte,55,0,0
1788744767426,62,GET Request,200,OK,Grupo GET Request 1-32,text,true,,984,221,4,4,http://localhost:3000/logistics/tenderos/productos-disponibles?tiendaId=bbbbbbbb-bbbb-4bbb-8bbb-bbbbbbbbbbbb&zona=Zona%20Norte,62,0,0
1788744767438,59,GET Request,200,OK,Grupo GET Request 1-30,text,true,,984,221,4,4,http://localhost:3000/logistics/tenderos/productos-disponibles?tiendaId=bbbbbbbb-bbbb-4bbb-8bbb-bbbbbbbbbbbb&zona=Zona%20Norte,59,0,0
1788744767480,60,GET Request,200,OK,Grupo GET Request 1-33,text,true,,984,221,3,3,http://localhost:3000/logistics/tenderos/productos-disponibles?tiendaId=bbbbbbbb-bbbb-4bbb-8bbb-bbbbbbbbbbbb&zona=Zona%20Norte,60,0,0
1788744767472,74,GET Request,200,OK,Grupo GET Request 1-31,text,true,,984,221,3,3,http://localhost:3000/logistics/tenderos/productos-disponibles?tiendaId=bbbbbbbb-bbbb-4bbb-8bbb-bbbbbbbbbbbb&zona=Zona%20Norte,74,0,0
1788744767488,60,GET Request,200,OK,Grupo GET Request 1-32,text,true,,984,221,3,3,http://localhost:3000/logistics/tenderos/productos-disponibles?tiendaId=bbbbbbbb-bbbb-4bbb-8bbb-bbbbbbbbbbbb&zona=Zona%20Norte,60,0,0
1788744767540,55,GET Request,200,OK,Grupo GET Request 1-33,text,true,,984,221,4,4,http://localhost:3000/logistics/tenderos/productos-disponibles?tiendaId=bbbbbbbb-bbbb-4bbb-8bbb-bbbbbbbbbbbb&zona=Zona%20Norte,55,0,0
1788744767549,55,GET Request,200,OK,Grupo GET Request 1-32,text,true,,984,221,4,4,http://localhost:3000/logistics/tenderos/productos-disponibles?tiendaId=bbbbbbbb-bbbb-4bbb-8bbb-bbbbbbbbbbbb&zona=Zona%20Norte,55,0,0
1788744767546,58,GET Request,200,OK,Grupo GET Request 1-31,text,true,,984,221,4,4,http://localhost:3000/logistics/tenderos/productos-disponibles?tiendaId=bbbbbbbb-bbbb-4bbb-8bbb-bbbbbbbbbbbb&zona=Zona%20Norte,58,0,0
1788744767591,62,GET Request,200,OK,Grupo GET Request 1-34,text,true,,984,221,3,3,http://localhost:3000/logistics/tenderos/productos-disponibles?tiendaId=bbbbbbbb-bbbb-4bbb-8bbb-bbbbbbbbbbbb&zona=Zona%20Norte,62,0,1
1788744767596,61,GET Request,200,OK,Grupo GET Request 1-33,text,true,,984,221,3,3,http://localhost:3000/logistics/tenderos/productos-disponibles?tiendaId=bbbbbbbb-bbbb-4bbb-8bbb-bbbbbbbbbbbb&zona=Zona%20Norte,61,0,0
1788744767604,58,GET Request,200,OK,Grupo GET Request 1-32,text,true,,984,221,3,3,http://localhost:3000/logistics/tenderos/productos-disponibles?tiendaId=bbbbbbbb-bbbb-4bbb-8bbb-bbbbbbbbbbbb&zona=Zona%20Norte,58,0,0
1788744767653,60,GET Request,200,OK,Grupo GET Request 1-34,text,true,,984,221,3,3,http://localhost:3000/logistics/tenderos/productos-disponibles?tiendaId=bbbbbbbb-bbbb-4bbb-8bbb-bbbbbbbbbbbb&zona=Zona%20Norte,60,0,0
1788744767658,68,GET Request,200,OK,Grupo GET Request 1-33,text,true,,984,221,3,3,http://localhost:3000/logistics/tenderos/productos-disponibles?tiendaId=bbbbbbbb-bbbb-4bbb-8bbb-bbbbbbbbbbbb&zona=Zona%20Norte,67,0,0
1788744767703,57,GET Request,200,OK,Grupo GET Request 1-35,text,true,,984,221,3,3,http://localhost:3000/logistics/tenderos/productos-disponibles?tiendaId=bbbbbbbb-bbbb-4bbb-8bbb-bbbbbbbbbbbb&zona=Zona%20Norte,57,0,1
1788744767713,65,GET Request,200,OK,Grupo GET Request 1-34,text,true,,984,221,3,3,http://localhost:3000/logistics/tenderos/productos-disponibles?tiendaId=bbbbbbbb-bbbb-4bbb-8bbb-bbbbbbbbbbbb&zona=Zona%20Norte,65,0,0
1788744767726,58,GET Request,200,OK,Grupo GET Request 1-33,text,true,,984,221,3,3,http://localhost:3000/logistics/tenderos/productos-disponibles?tiendaId=bbbbbbbb-bbbb-4bbb-8bbb-bbbbbbbbbbbb&zona=Zona%20Norte,58,0,0
1788744767761,63,GET Request,200,OK,Grupo GET Request 1-35,text,true,,984,221,3,3,http://localhost:3000/logistics/tenderos/productos-disponibles?tiendaId=bbbbbbbb-bbbb-4bbb-8bbb-bbbbbbbbbbbb&zona=Zona%20Norte,63,0,0
1788744767778,60,GET Request,200,OK,Grupo GET Request 1-34,text,true,,984,221,3,3,http://localhost:3000/logistics/tenderos/productos-disponibles?tiendaId=bbbbbbbb-bbbb-4bbb-8bbb-bbbbbbbbbbbb&zona=Zona%20Norte,60,0,0
1788744767812,55,GET Request,200,OK,Grupo GET Request 1-36,text,true,,984,221,3,3,http://localhost:3000/logistics/tenderos/productos-disponibles?tiendaId=bbbbbbbb-bbbb-4bbb-8bbb-bbbbbbbbbbbb&zona=Zona%20Norte,55,0,0
1788744767824,57,GET Request,200,OK,Grupo GET Request 1-35,text,true,,984,221,3,3,http://localhost:3000/logistics/tenderos/productos-disponibles?tiendaId=bbbbbbbb-bbbb-4bbb-8bbb-bbbbbbbbbbbb&zona=Zona%20Norte,57,0,0
1788744767838,55,GET Request,200,OK,Grupo GET Request 1-34,text,true,,984,221,3,3,http://localhost:3000/logistics/tenderos/productos-disponibles?tiendaId=bbbbbbbb-bbbb-4bbb-8bbb-bbbbbbbbbbbb&zona=Zona%20Norte,55,0,0
1788744767867,117,GET Request,200,OK,Grupo GET Request 1-36,text,true,,984,221,3,3,http://localhost:3000/logistics/tenderos/productos-disponibles?tiendaId=bbbbbbbb-bbbb-4bbb-8bbb-bbbbbbbbbbbb&zona=Zona%20Norte,117,0,0
1788744767881,116,GET Request,200,OK,Grupo GET Request 1-35,text,true,,984,221,3,3,http://localhost:3000/logistics/tenderos/productos-disponibles?tiendaId=bbbbbbbb-bbbb-4bbb-8bbb-bbbbbbbbbbbb&zona=Zona%20Norte,116,0,0
1788744767957,73,GET Request,200,OK,Grupo GET Request 1-37,text,true,,984,221,3,3,http://localhost:3000/logistics/tenderos/productos-disponibles?tiendaId=bbbbbbbb-bbbb-4bbb-8bbb-bbbbbbbbbbbb&zona=Zona%20Norte,73,0,0
1788744767985,65,GET Request,200,OK,Grupo GET Request 1-36,text,true,,984,221,4,4,http://localhost:3000/logistics/tenderos/productos-disponibles?tiendaId=bbbbbbbb-bbbb-4bbb-8bbb-bbbbbbbbbbbb&zona=Zona%20Norte,65,0,0
1788744767997,60,GET Request,200,OK,Grupo GET Request 1-35,text,true,,984,221,4,4,http://localhost:3000/logistics/tenderos/productos-disponibles?tiendaId=bbbbbbbb-bbbb-4bbb-8bbb-bbbbbbbbbbbb&zona=Zona%20Norte,60,0,0
1788744768031,56,GET Request,200,OK,Grupo GET Request 1-37,text,true,,984,221,3,3,http://localhost:3000/logistics/tenderos/productos-disponibles?tiendaId=bbbbbbbb-bbbb-4bbb-8bbb-bbbbbbbbbbbb&zona=Zona%20Norte,56,0,0
1788744768032,61,GET Request,200,OK,Grupo GET Request 1-38,text,true,,984,221,3,3,http://localhost:3000/logistics/tenderos/productos-disponibles?tiendaId=bbbbbbbb-bbbb-4bbb-8bbb-bbbbbbbbbbbb&zona=Zona%20Norte,61,0,0
1788744768051,54,GET Request,200,OK,Grupo GET Request 1-36,text,true,,984,221,3,3,http://localhost:3000/logistics/tenderos/productos-disponibles?tiendaId=bbbbbbbb-bbbb-4bbb-8bbb-bbbbbbbbbbbb&zona=Zona%20Norte,54,0,0
1788744768088,54,GET Request,200,OK,Grupo GET Request 1-37,text,true,,984,221,3,3,http://localhost:3000/logistics/tenderos/productos-disponibles?tiendaId=bbbbbbbb-bbbb-4bbb-8bbb-bbbbbbbbbbbb&zona=Zona%20Norte,54,0,0
1788744768093,58,GET Request,200,OK,Grupo GET Request 1-38,text,true,,984,221,4,4,http://localhost:3000/logistics/tenderos/productos-disponibles?tiendaId=bbbbbbbb-bbbb-4bbb-8bbb-bbbbbbbbbbbb&zona=Zona%20Norte,58,0,0
1788744768106,57,GET Request,200,OK,Grupo GET Request 1-36,text,true,,984,221,4,4,http://localhost:3000/logistics/tenderos/productos-disponibles?tiendaId=bbbbbbbb-bbbb-4bbb-8bbb-bbbbbbbbbbbb&zona=Zona%20Norte,57,0,0
1788744768148,59,GET Request,200,OK,Grupo GET Request 1-39,text,true,,984,221,3,3,http://localhost:3000/logistics/tenderos/productos-disponibles?tiendaId=bbbbbbbb-bbbb-4bbb-8bbb-bbbbbbbbbbbb&zona=Zona%20Norte,58,0,1
1788744768143,68,GET Request,200,OK,Grupo GET Request 1-37,text,true,,984,221,3,3,http://localhost:3000/logistics/tenderos/productos-disponibles?tiendaId=bbbbbbbb-bbbb-4bbb-8bbb-bbbbbbbbbbbb&zona=Zona%20Norte,68,0,0
1788744768152,60,GET Request,200,OK,Grupo GET Request 1-38,text,true,,984,221,3,3,http://localhost:3000/logistics/tenderos/productos-disponibles?tiendaId=bbbbbbbb-bbbb-4bbb-8bbb-bbbbbbbbbbbb&zona=Zona%20Norte,60,0,0
1788744768207,70,GET Request,200,OK,Grupo GET Request 1-39,text,true,,984,221,4,4,http://localhost:3000/logistics/tenderos/productos-disponibles?tiendaId=bbbbbbbb-bbbb-4bbb-8bbb-bbbbbbbbbbbb&zona=Zona%20Norte,70,0,0
1788744768212,69,GET Request,200,OK,Grupo GET Request 1-37,text,true,,984,221,4,4,http://localhost:3000/logistics/tenderos/productos-disponibles?tiendaId=bbbbbbbb-bbbb-4bbb-8bbb-bbbbbbbbbbbb&zona=Zona%20Norte,69,0,0
1788744768213,69,GET Request,200,OK,Grupo GET Request 1-38,text,true,,984,221,4,4,http://localhost:3000/logistics/tenderos/productos-disponibles?tiendaId=bbbbbbbb-bbbb-4bbb-8bbb-bbbbbbbbbbbb&zona=Zona%20Norte,69,0,0
1788744768255,83,GET Request,200,OK,Grupo GET Request 1-40,text,true,,984,221,3,3,http://localhost:3000/logistics/tenderos/productos-disponibles?tiendaId=bbbbbbbb-bbbb-4bbb-8bbb-bbbbbbbbbbbb&zona=Zona%20Norte,82,0,2
1788744768283,66,GET Request,200,OK,Grupo GET Request 1-38,text,true,,984,221,3,3,http://localhost:3000/logistics/tenderos/productos-disponibles?tiendaId=bbbbbbbb-bbbb-4bbb-8bbb-bbbbbbbbbbbb&zona=Zona%20Norte,66,0,0
1788744768278,73,GET Request,200,OK,Grupo GET Request 1-39,text,true,,984,221,2,2,http://localhost:3000/logistics/tenderos/productos-disponibles?tiendaId=bbbbbbbb-bbbb-4bbb-8bbb-bbbbbbbbbbbb&zona=Zona%20Norte,73,0,0
1788744768338,81,GET Request,200,OK,Grupo GET Request 1-40,text,true,,984,221,3,3,http://localhost:3000/logistics/tenderos/productos-disponibles?tiendaId=bbbbbbbb-bbbb-4bbb-8bbb-bbbbbbbbbbbb&zona=Zona%20Norte,81,0,0
1788744768351,85,GET Request,200,OK,Grupo GET Request 1-39,text,true,,984,221,3,3,http://localhost:3000/logistics/tenderos/productos-disponibles?tiendaId=bbbbbbbb-bbbb-4bbb-8bbb-bbbbbbbbbbbb&zona=Zona%20Norte,85,0,0
1788744768369,68,GET Request,200,OK,Grupo GET Request 1-41,text,true,,984,221,3,3,http://localhost:3000/logistics/tenderos/productos-disponibles?tiendaId=bbbbbbbb-bbbb-4bbb-8bbb-bbbbbbbbbbbb&zona=Zona%20Norte,68,0,1
1788744768420,58,GET Request,200,OK,Grupo GET Request 1-40,text,true,,984,221,4,4,http://localhost:3000/logistics/tenderos/productos-disponibles?tiendaId=bbbbbbbb-bbbb-4bbb-8bbb-bbbbbbbbbbbb&zona=Zona%20Norte,58,0,0
1788744768437,55,GET Request,200,OK,Grupo GET Request 1-41,text,true,,984,221,4,4,http://localhost:3000/logistics/tenderos/productos-disponibles?tiendaId=bbbbbbbb-bbbb-4bbb-8bbb-bbbbbbbbbbbb&zona=Zona%20Norte,55,0,0
1788744768437,59,GET Request,200,OK,Grupo GET Request 1-39,text,true,,984,221,4,4,http://localhost:3000/logistics/tenderos/productos-disponibles?tiendaId=bbbbbbbb-bbbb-4bbb-8bbb-bbbbbbbbbbbb&zona=Zona%20Norte,59,0,0
1788744768478,58,GET Request,200,OK,Grupo GET Request 1-42,text,true,,984,221,3,3,http://localhost:3000/logistics/tenderos/productos-disponibles?tiendaId=bbbbbbbb-bbbb-4bbb-8bbb-bbbbbbbbbbbb&zona=Zona%20Norte,58,0,1
1788744768478,61,GET Request,200,OK,Grupo GET Request 1-40,text,true,,984,221,3,3,http://localhost:3000/logistics/tenderos/productos-disponibles?tiendaId=bbbbbbbb-bbbb-4bbb-8bbb-bbbbbbbbbbbb&zona=Zona%20Norte,61,0,0
1788744768493,57,GET Request,200,OK,Grupo GET Request 1-41,text,true,,984,221,3,3,http://localhost:3000/logistics/tenderos/productos-disponibles?tiendaId=bbbbbbbb-bbbb-4bbb-8bbb-bbbbbbbbbbbb&zona=Zona%20Norte,57,0,0
1788744768537,60,GET Request,200,OK,Grupo GET Request 1-42,text,true,,984,221,4,4,http://localhost:3000/logistics/tenderos/productos-disponibles?tiendaId=bbbbbbbb-bbbb-4bbb-8bbb-bbbbbbbbbbbb&zona=Zona%20Norte,60,0,0
1788744768539,58,GET Request,200,OK,Grupo GET Request 1-40,text,true,,984,221,4,4,http://localhost:3000/logistics/tenderos/productos-disponibles?tiendaId=bbbbbbbb-bbbb-4bbb-8bbb-bbbbbbbbbbbb&zona=Zona%20Norte,58,0,0
1788744768551,58,GET Request,200,OK,Grupo GET Request 1-41,text,true,,984,221,3,3,http://localhost:3000/logistics/tenderos/productos-disponibles?tiendaId=bbbbbbbb-bbbb-4bbb-8bbb-bbbbbbbbbbbb&zona=Zona%20Norte,58,0,0
1788744768592,59,GET Request,200,OK,Grupo GET Request 1-43,text,true,,984,221,3,3,http://localhost:3000/logistics/tenderos/productos-disponibles?tiendaId=bbbbbbbb-bbbb-4bbb-8bbb-bbbbbbbbbbbb&zona=Zona%20Norte,59,0,1
1788744768597,63,GET Request,200,OK,Grupo GET Request 1-42,text,true,,984,221,3,3,http://localhost:3000/logistics/tenderos/productos-disponibles?tiendaId=bbbbbbbb-bbbb-4bbb-8bbb-bbbbbbbbbbbb&zona=Zona%20Norte,63,0,0
1788744768610,58,GET Request,200,OK,Grupo GET Request 1-41,text,true,,984,221,3,3,http://localhost:3000/logistics/tenderos/productos-disponibles?tiendaId=bbbbbbbb-bbbb-4bbb-8bbb-bbbbbbbbbbbb&zona=Zona%20Norte,58,0,0
1788744768651,56,GET Request,200,OK,Grupo GET Request 1-43,text,true,,984,221,3,3,http://localhost:3000/logistics/tenderos/productos-disponibles?tiendaId=bbbbbbbb-bbbb-4bbb-8bbb-bbbbbbbbbbbb&zona=Zona%20Norte,56,0,0
1788744768660,61,GET Request,200,OK,Grupo GET Request 1-42,text,true,,984,221,3,3,http://localhost:3000/logistics/tenderos/productos-disponibles?tiendaId=bbbbbbbb-bbbb-4bbb-8bbb-bbbbbbbbbbbb&zona=Zona%20Norte,61,0,0
1788744768699,59,GET Request,200,OK,Grupo GET Request 1-44,text,true,,984,221,3,3,http://localhost:3000/logistics/tenderos/productos-disponibles?tiendaId=bbbbbbbb-bbbb-4bbb-8bbb-bbbbbbbbbbbb&zona=Zona%20Norte,59,0,1
1788744768708,59,GET Request,200,OK,Grupo GET Request 1-43,text,true,,984,221,3,3,http://localhost:3000/logistics/tenderos/productos-disponibles?tiendaId=bbbbbbbb-bbbb-4bbb-8bbb-bbbbbbbbbbbb&zona=Zona%20Norte,59,0,0
1788744768721,60,GET Request,200,OK,Grupo GET Request 1-42,text,true,,984,221,3,3,http://localhost:3000/logistics/tenderos/productos-disponibles?tiendaId=bbbbbbbb-bbbb-4bbb-8bbb-bbbbbbbbbbbb&zona=Zona%20Norte,60,0,0
1788744768758,60,GET Request,200,OK,Grupo GET Request 1-44,text,true,,984,221,3,3,http://localhost:3000/logistics/tenderos/productos-disponibles?tiendaId=bbbbbbbb-bbbb-4bbb-8bbb-bbbbbbbbbbbb&zona=Zona%20Norte,60,0,0
1788744768767,55,GET Request,200,OK,Grupo GET Request 1-43,text,true,,984,221,3,3,http://localhost:3000/logistics/tenderos/productos-disponibles?tiendaId=bbbbbbbb-bbbb-4bbb-8bbb-bbbbbbbbbbbb&zona=Zona%20Norte,55,0,0
1788744768818,55,GET Request,200,OK,Grupo GET Request 1-44,text,true,,984,221,3,3,http://localhost:3000/logistics/tenderos/productos-disponibles?tiendaId=bbbbbbbb-bbbb-4bbb-8bbb-bbbbbbbbbbbb&zona=Zona%20Norte,55,0,0
1788744768823,53,GET Request,200,OK,Grupo GET Request 1-43,text,true,,984,221,3,3,http://localhost:3000/logistics/tenderos/productos-disponibles?tiendaId=bbbbbbbb-bbbb-4bbb-8bbb-bbbbbbbbbbbb&zona=Zona%20Norte,53,0,0
1788744768812,89,GET Request,200,OK,Grupo GET Request 1-45,text,true,,984,221,2,2,http://localhost:3000/logistics/tenderos/productos-disponibles?tiendaId=bbbbbbbb-bbbb-4bbb-8bbb-bbbbbbbbbbbb&zona=Zona%20Norte,89,0,0
1788744768873,57,GET Request,200,OK,Grupo GET Request 1-44,text,true,,984,221,3,3,http://localhost:3000/logistics/tenderos/productos-disponibles?tiendaId=bbbbbbbb-bbbb-4bbb-8bbb-bbbbbbbbbbbb&zona=Zona%20Norte,57,0,0
1788744768901,59,GET Request,200,OK,Grupo GET Request 1-45,text,true,,984,221,3,3,http://localhost:3000/logistics/tenderos/productos-disponibles?tiendaId=bbbbbbbb-bbbb-4bbb-8bbb-bbbbbbbbbbbb&zona=Zona%20Norte,59,0,0
1788744768920,56,GET Request,200,OK,Grupo GET Request 1-46,text,true,,984,221,3,3,http://localhost:3000/logistics/tenderos/productos-disponibles?tiendaId=bbbbbbbb-bbbb-4bbb-8bbb-bbbbbbbbbbbb&zona=Zona%20Norte,56,0,1
1788744768930,58,GET Request,200,OK,Grupo GET Request 1-44,text,true,,984,221,3,3,http://localhost:3000/logistics/tenderos/productos-disponibles?tiendaId=bbbbbbbb-bbbb-4bbb-8bbb-bbbbbbbbbbbb&zona=Zona%20Norte,58,0,0
1788744768960,57,GET Request,200,OK,Grupo GET Request 1-45,text,true,,984,221,2,2,http://localhost:3000/logistics/tenderos/productos-disponibles?tiendaId=bbbbbbbb-bbbb-4bbb-8bbb-bbbbbbbbbbbb&zona=Zona%20Norte,56,0,0
1788744768976,57,GET Request,200,OK,Grupo GET Request 1-46,text,true,,984,221,3,3,http://localhost:3000/logistics/tenderos/productos-disponibles?tiendaId=bbbbbbbb-bbbb-4bbb-8bbb-bbbbbbbbbbbb&zona=Zona%20Norte,57,0,0
1788744769017,56,GET Request,200,OK,Grupo GET Request 1-45,text,true,,984,221,3,3,http://localhost:3000/logistics/tenderos/productos-disponibles?tiendaId=bbbbbbbb-bbbb-4bbb-8bbb-bbbbbbbbbbbb&zona=Zona%20Norte,56,0,0
1788744769034,54,GET Request,200,OK,Grupo GET Request 1-46,text,true,,984,221,3,3,http://localhost:3000/logistics/tenderos/productos-disponibles?tiendaId=bbbbbbbb-bbbb-4bbb-8bbb-bbbbbbbbbbbb&zona=Zona%20Norte,54,0,0
1788744769032,57,GET Request,200,OK,Grupo GET Request 1-47,text,true,,984,221,3,3,http://localhost:3000/logistics/tenderos/productos-disponibles?tiendaId=bbbbbbbb-bbbb-4bbb-8bbb-bbbbbbbbbbbb&zona=Zona%20Norte,57,0,1
1788744769073,55,GET Request,200,OK,Grupo GET Request 1-45,text,true,,984,221,3,3,http://localhost:3000/logistics/tenderos/productos-disponibles?tiendaId=bbbbbbbb-bbbb-4bbb-8bbb-bbbbbbbbbbbb&zona=Zona%20Norte,55,0,0
1788744769089,57,GET Request,200,OK,Grupo GET Request 1-46,text,true,,984,221,2,2,http://localhost:3000/logistics/tenderos/productos-disponibles?tiendaId=bbbbbbbb-bbbb-4bbb-8bbb-bbbbbbbbbbbb&zona=Zona%20Norte,57,0,0
1788744769089,57,GET Request,200,OK,Grupo GET Request 1-47,text,true,,984,221,3,3,http://localhost:3000/logistics/tenderos/productos-disponibles?tiendaId=bbbbbbbb-bbbb-4bbb-8bbb-bbbbbbbbbbbb&zona=Zona%20Norte,57,0,0
1788744769147,56,GET Request,200,OK,Grupo GET Request 1-48,text,true,,984,221,3,3,http://localhost:3000/logistics/tenderos/productos-disponibles?tiendaId=bbbbbbbb-bbbb-4bbb-8bbb-bbbbbbbbbbbb&zona=Zona%20Norte,56,0,1
1788744769146,58,GET Request,200,OK,Grupo GET Request 1-46,text,true,,984,221,3,3,http://localhost:3000/logistics/tenderos/productos-disponibles?tiendaId=bbbbbbbb-bbbb-4bbb-8bbb-bbbbbbbbbbbb&zona=Zona%20Norte,58,0,0
1788744769146,61,GET Request,200,OK,Grupo GET Request 1-47,text,true,,984,221,2,2,http://localhost:3000/logistics/tenderos/productos-disponibles?tiendaId=bbbbbbbb-bbbb-4bbb-8bbb-bbbbbbbbbbbb&zona=Zona%20Norte,61,0,0
1788744769204,61,GET Request,200,OK,Grupo GET Request 1-48,text,true,,984,221,3,3,http://localhost:3000/logistics/tenderos/productos-disponibles?tiendaId=bbbbbbbb-bbbb-4bbb-8bbb-bbbbbbbbbbbb&zona=Zona%20Norte,61,0,0
1788744769207,60,GET Request,200,OK,Grupo GET Request 1-47,text,true,,984,221,3,3,http://localhost:3000/logistics/tenderos/productos-disponibles?tiendaId=bbbbbbbb-bbbb-4bbb-8bbb-bbbbbbbbbbbb&zona=Zona%20Norte,60,0,0
1788744769257,56,GET Request,200,OK,Grupo GET Request 1-49,text,true,,984,221,3,3,http://localhost:3000/logistics/tenderos/productos-disponibles?tiendaId=bbbbbbbb-bbbb-4bbb-8bbb-bbbbbbbbbbbb&zona=Zona%20Norte,56,0,0
1788744769267,54,GET Request,200,OK,Grupo GET Request 1-47,text,true,,984,221,3,3,http://localhost:3000/logistics/tenderos/productos-disponibles?tiendaId=bbbbbbbb-bbbb-4bbb-8bbb-bbbbbbbbbbbb&zona=Zona%20Norte,54,0,0
1788744769265,56,GET Request,200,OK,Grupo GET Request 1-48,text,true,,984,221,3,3,http://localhost:3000/logistics/tenderos/productos-disponibles?tiendaId=bbbbbbbb-bbbb-4bbb-8bbb-bbbbbbbbbbbb&zona=Zona%20Norte,56,0,0
1788744769313,58,GET Request,200,OK,Grupo GET Request 1-49,text,true,,984,221,3,3,http://localhost:3000/logistics/tenderos/productos-disponibles?tiendaId=bbbbbbbb-bbbb-4bbb-8bbb-bbbbbbbbbbbb&zona=Zona%20Norte,58,0,0
1788744769322,57,GET Request,200,OK,Grupo GET Request 1-48,text,true,,984,221,3,3,http://localhost:3000/logistics/tenderos/productos-disponibles?tiendaId=bbbbbbbb-bbbb-4bbb-8bbb-bbbbbbbbbbbb&zona=Zona%20Norte,57,0,0
1788744769367,57,GET Request,200,OK,Grupo GET Request 1-50,text,true,,984,221,3,3,http://localhost:3000/logistics/tenderos/productos-disponibles?tiendaId=bbbbbbbb-bbbb-4bbb-8bbb-bbbbbbbbbbbb&zona=Zona%20Norte,57,0,1
1788744769371,55,GET Request,200,OK,Grupo GET Request 1-49,text,true,,984,221,3,3,http://localhost:3000/logistics/tenderos/productos-disponibles?tiendaId=bbbbbbbb-bbbb-4bbb-8bbb-bbbbbbbbbbbb&zona=Zona%20Norte,55,0,0
1788744769379,64,GET Request,200,OK,Grupo GET Request 1-48,text,true,,984,221,3,3,http://localhost:3000/logistics/tenderos/productos-disponibles?tiendaId=bbbbbbbb-bbbb-4bbb-8bbb-bbbbbbbbbbbb&zona=Zona%20Norte,64,0,0
1788744769425,55,GET Request,200,OK,Grupo GET Request 1-50,text,true,,984,221,3,3,http://localhost:3000/logistics/tenderos/productos-disponibles?tiendaId=bbbbbbbb-bbbb-4bbb-8bbb-bbbbbbbbbbbb&zona=Zona%20Norte,55,0,0
1788744769426,60,GET Request,200,OK,Grupo GET Request 1-49,text,true,,984,221,3,3,http://localhost:3000/logistics/tenderos/productos-disponibles?tiendaId=bbbbbbbb-bbbb-4bbb-8bbb-bbbbbbbbbbbb&zona=Zona%20Norte,60,0,0
1788744769480,61,GET Request,200,OK,Grupo GET Request 1-50,text,true,,984,221,3,3,http://localhost:3000/logistics/tenderos/productos-disponibles?tiendaId=bbbbbbbb-bbbb-4bbb-8bbb-bbbbbbbbbbbb&zona=Zona%20Norte,61,0,0
1788744769478,68,GET Request,200,OK,Grupo GET Request 1-51,text,true,,984,221,3,3,http://localhost:3000/logistics/tenderos/productos-disponibles?tiendaId=bbbbbbbb-bbbb-4bbb-8bbb-bbbbbbbbbbbb&zona=Zona%20Norte,68,0,0
1788744769487,63,GET Request,200,OK,Grupo GET Request 1-49,text,true,,984,221,3,3,http://localhost:3000/logistics/tenderos/productos-disponibles?tiendaId=bbbbbbbb-bbbb-4bbb-8bbb-bbbbbbbbbbbb&zona=Zona%20Norte,63,0,0
1788744769542,66,GET Request,200,OK,Grupo GET Request 1-50,text,true,,984,221,3,3,http://localhost:3000/logistics/tenderos/productos-disponibles?tiendaId=bbbbbbbb-bbbb-4bbb-8bbb-bbbbbbbbbbbb&zona=Zona%20Norte,66,0,0
1788744769547,64,GET Request,200,OK,Grupo GET Request 1-51,text,true,,984,221,3,3,http://localhost:3000/logistics/tenderos/productos-disponibles?tiendaId=bbbbbbbb-bbbb-4bbb-8bbb-bbbbbbbbbbbb&zona=Zona%20Norte,64,0,0
1788744769591,59,GET Request,200,OK,Grupo GET Request 1-52,text,true,,984,221,3,3,http://localhost:3000/logistics/tenderos/productos-disponibles?tiendaId=bbbbbbbb-bbbb-4bbb-8bbb-bbbbbbbbbbbb&zona=Zona%20Norte,59,0,0
1788744769609,57,GET Request,200,OK,Grupo GET Request 1-50,text,true,,984,221,3,3,http://localhost:3000/logistics/tenderos/productos-disponibles?tiendaId=bbbbbbbb-bbbb-4bbb-8bbb-bbbbbbbbbbbb&zona=Zona%20Norte,57,0,0
1788744769611,56,GET Request,200,OK,Grupo GET Request 1-51,text,true,,984,221,2,2,http://localhost:3000/logistics/tenderos/productos-disponibles?tiendaId=bbbbbbbb-bbbb-4bbb-8bbb-bbbbbbbbbbbb&zona=Zona%20Norte,56,0,0
1788744769650,63,GET Request,200,OK,Grupo GET Request 1-52,text,true,,984,221,3,3,http://localhost:3000/logistics/tenderos/productos-disponibles?tiendaId=bbbbbbbb-bbbb-4bbb-8bbb-bbbbbbbbbbbb&zona=Zona%20Norte,63,0,0
1788744769667,55,GET Request,200,OK,Grupo GET Request 1-51,text,true,,984,221,3,3,http://localhost:3000/logistics/tenderos/productos-disponibles?tiendaId=bbbbbbbb-bbbb-4bbb-8bbb-bbbbbbbbbbbb&zona=Zona%20Norte,55,0,0
1788744769700,65,GET Request,200,OK,Grupo GET Request 1-53,text,true,,984,221,3,3,http://localhost:3000/logistics/tenderos/productos-disponibles?tiendaId=bbbbbbbb-bbbb-4bbb-8bbb-bbbbbbbbbbbb&zona=Zona%20Norte,65,0,1
1788744769714,54,GET Request,200,OK,Grupo GET Request 1-52,text,true,,984,221,3,3,http://localhost:3000/logistics/tenderos/productos-disponibles?tiendaId=bbbbbbbb-bbbb-4bbb-8bbb-bbbbbbbbbbbb&zona=Zona%20Norte,54,0,0
1788744769723,55,GET Request,200,OK,Grupo GET Request 1-51,text,true,,984,221,3,3,http://localhost:3000/logistics/tenderos/productos-disponibles?tiendaId=bbbbbbbb-bbbb-4bbb-8bbb-bbbbbbbbbbbb&zona=Zona%20Norte,55,0,0
1788744769769,55,GET Request,200,OK,Grupo GET Request 1-52,text,true,,984,221,3,3,http://localhost:3000/logistics/tenderos/productos-disponibles?tiendaId=bbbbbbbb-bbbb-4bbb-8bbb-bbbbbbbbbbbb&zona=Zona%20Norte,55,0,0
1788744769766,60,GET Request,200,OK,Grupo GET Request 1-53,text,true,,984,221,3,3,http://localhost:3000/logistics/tenderos/productos-disponibles?tiendaId=bbbbbbbb-bbbb-4bbb-8bbb-bbbbbbbbbbbb&zona=Zona%20Norte,60,0,0
1788744769813,57,GET Request,200,OK,Grupo GET Request 1-54,text,true,,984,221,3,3,http://localhost:3000/logistics/tenderos/productos-disponibles?tiendaId=bbbbbbbb-bbbb-4bbb-8bbb-bbbbbbbbbbbb&zona=Zona%20Norte,57,0,1
1788744769825,59,GET Request,200,OK,Grupo GET Request 1-52,text,true,,984,221,3,3,http://localhost:3000/logistics/tenderos/productos-disponibles?tiendaId=bbbbbbbb-bbbb-4bbb-8bbb-bbbbbbbbbbbb&zona=Zona%20Norte,59,0,0
1788744769826,82,GET Request,200,OK,Grupo GET Request 1-53,text,true,,984,221,2,2,http://localhost:3000/logistics/tenderos/productos-disponibles?tiendaId=bbbbbbbb-bbbb-4bbb-8bbb-bbbbbbbbbbbb&zona=Zona%20Norte,82,0,0
1788744769870,64,GET Request,200,OK,Grupo GET Request 1-54,text,true,,984,221,3,3,http://localhost:3000/logistics/tenderos/productos-disponibles?tiendaId=bbbbbbbb-bbbb-4bbb-8bbb-bbbbbbbbbbbb&zona=Zona%20Norte,64,0,0
1788744769909,56,GET Request,200,OK,Grupo GET Request 1-53,text,true,,984,221,3,3,http://localhost:3000/logistics/tenderos/productos-disponibles?tiendaId=bbbbbbbb-bbbb-4bbb-8bbb-bbbbbbbbbbbb&zona=Zona%20Norte,56,0,0
1788744769934,58,GET Request,200,OK,Grupo GET Request 1-54,text,true,,984,221,3,3,http://localhost:3000/logistics/tenderos/productos-disponibles?tiendaId=bbbbbbbb-bbbb-4bbb-8bbb-bbbbbbbbbbbb&zona=Zona%20Norte,58,0,0
1788744769924,77,GET Request,200,OK,Grupo GET Request 1-55,text,true,,984,221,3,3,http://localhost:3000/logistics/tenderos/productos-disponibles?tiendaId=bbbbbbbb-bbbb-4bbb-8bbb-bbbbbbbbbbbb&zona=Zona%20Norte,77,0,1
1788744769966,56,GET Request,200,OK,Grupo GET Request 1-53,text,true,,984,221,3,3,http://localhost:3000/logistics/tenderos/productos-disponibles?tiendaId=bbbbbbbb-bbbb-4bbb-8bbb-bbbbbbbbbbbb&zona=Zona%20Norte,56,0,0
1788744769992,58,GET Request,200,OK,Grupo GET Request 1-54,text,true,,984,221,3,3,http://localhost:3000/logistics/tenderos/productos-disponibles?tiendaId=bbbbbbbb-bbbb-4bbb-8bbb-bbbbbbbbbbbb&zona=Zona%20Norte,58,0,0
1788744770001,62,GET Request,200,OK,Grupo GET Request 1-55,text,true,,984,221,3,3,http://localhost:3000/logistics/tenderos/productos-disponibles?tiendaId=bbbbbbbb-bbbb-4bbb-8bbb-bbbbbbbbbbbb&zona=Zona%20Norte,62,0,0
1788744770034,57,GET Request,200,OK,Grupo GET Request 1-56,text,true,,984,221,3,3,http://localhost:3000/logistics/tenderos/productos-disponibles?tiendaId=bbbbbbbb-bbbb-4bbb-8bbb-bbbbbbbbbbbb&zona=Zona%20Norte,57,0,1
1788744770051,66,GET Request,200,OK,Grupo GET Request 1-54,text,true,,984,221,3,3,http://localhost:3000/logistics/tenderos/productos-disponibles?tiendaId=bbbbbbbb-bbbb-4bbb-8bbb-bbbbbbbbbbbb&zona=Zona%20Norte,66,0,0
1788744770064,69,GET Request,200,OK,Grupo GET Request 1-55,text,true,,984,221,2,2,http://localhost:3000/logistics/tenderos/productos-disponibles?tiendaId=bbbbbbbb-bbbb-4bbb-8bbb-bbbbbbbbbbbb&zona=Zona%20Norte,68,0,0
1788744770091,54,GET Request,200,OK,Grupo GET Request 1-56,text,true,,984,221,3,3,http://localhost:3000/logistics/tenderos/productos-disponibles?tiendaId=bbbbbbbb-bbbb-4bbb-8bbb-bbbbbbbbbbbb&zona=Zona%20Norte,54,0,0
1788744770133,56,GET Request,200,OK,Grupo GET Request 1-55,text,true,,984,221,3,3,http://localhost:3000/logistics/tenderos/productos-disponibles?tiendaId=bbbbbbbb-bbbb-4bbb-8bbb-bbbbbbbbbbbb&zona=Zona%20Norte,56,0,0
1788744770141,57,GET Request,200,OK,Grupo GET Request 1-57,text,true,,984,221,3,3,http://localhost:3000/logistics/tenderos/productos-disponibles?tiendaId=bbbbbbbb-bbbb-4bbb-8bbb-bbbbbbbbbbbb&zona=Zona%20Norte,57,0,1
1788744770146,55,GET Request,200,OK,Grupo GET Request 1-56,text,true,,984,221,3,3,http://localhost:3000/logistics/tenderos/productos-disponibles?tiendaId=bbbbbbbb-bbbb-4bbb-8bbb-bbbbbbbbbbbb&zona=Zona%20Norte,55,0,0
1788744770189,53,GET Request,200,OK,Grupo GET Request 1-55,text,true,,984,221,3,3,http://localhost:3000/logistics/tenderos/productos-disponibles?tiendaId=bbbbbbbb-bbbb-4bbb-8bbb-bbbbbbbbbbbb&zona=Zona%20Norte,53,0,0
1788744770198,54,GET Request,200,OK,Grupo GET Request 1-57,text,true,,984,221,3,3,http://localhost:3000/logistics/tenderos/productos-disponibles?tiendaId=bbbbbbbb-bbbb-4bbb-8bbb-bbbbbbbbbbbb&zona=Zona%20Norte,54,0,0
1788744770201,74,GET Request,200,OK,Grupo GET Request 1-56,text,true,,984,221,3,3,http://localhost:3000/logistics/tenderos/productos-disponibles?tiendaId=bbbbbbbb-bbbb-4bbb-8bbb-bbbbbbbbbbbb&zona=Zona%20Norte,74,0,0
1788744770252,56,GET Request,200,OK,Grupo GET Request 1-58,text,true,,984,221,3,3,http://localhost:3000/logistics/tenderos/productos-disponibles?tiendaId=bbbbbbbb-bbbb-4bbb-8bbb-bbbbbbbbbbbb&zona=Zona%20Norte,56,0,1
1788744770252,59,GET Request,200,OK,Grupo GET Request 1-57,text,true,,984,221,3,3,http://localhost:3000/logistics/tenderos/productos-disponibles?tiendaId=bbbbbbbb-bbbb-4bbb-8bbb-bbbbbbbbbbbb&zona=Zona%20Norte,59,0,0
1788744770275,56,GET Request,200,OK,Grupo GET Request 1-56,text,true,,984,221,3,3,http://localhost:3000/logistics/tenderos/productos-disponibles?tiendaId=bbbbbbbb-bbbb-4bbb-8bbb-bbbbbbbbbbbb&zona=Zona%20Norte,55,0,0
1788744770311,54,GET Request,200,OK,Grupo GET Request 1-57,text,true,,984,221,2,2,http://localhost:3000/logistics/tenderos/productos-disponibles?tiendaId=bbbbbbbb-bbbb-4bbb-8bbb-bbbbbbbbbbbb&zona=Zona%20Norte,54,0,0
1788744770308,66,GET Request,200,OK,Grupo GET Request 1-58,text,true,,984,221,3,3,http://localhost:3000/logistics/tenderos/productos-disponibles?tiendaId=bbbbbbbb-bbbb-4bbb-8bbb-bbbbbbbbbbbb&zona=Zona%20Norte,66,0,0
1788744770365,62,GET Request,200,OK,Grupo GET Request 1-57,text,true,,984,221,3,3,http://localhost:3000/logistics/tenderos/productos-disponibles?tiendaId=bbbbbbbb-bbbb-4bbb-8bbb-bbbbbbbbbbbb&zona=Zona%20Norte,62,0,0
1788744770366,67,GET Request,200,OK,Grupo GET Request 1-59,text,true,,984,221,2,2,http://localhost:3000/logistics/tenderos/productos-disponibles?tiendaId=bbbbbbbb-bbbb-4bbb-8bbb-bbbbbbbbbbbb&zona=Zona%20Norte,67,0,0
1788744770374,61,GET Request,200,OK,Grupo GET Request 1-58,text,true,,984,221,2,2,http://localhost:3000/logistics/tenderos/productos-disponibles?tiendaId=bbbbbbbb-bbbb-4bbb-8bbb-bbbbbbbbbbbb&zona=Zona%20Norte,61,0,0
1788744770436,64,GET Request,200,OK,Grupo GET Request 1-58,text,true,,984,221,3,3,http://localhost:3000/logistics/tenderos/productos-disponibles?tiendaId=bbbbbbbb-bbbb-4bbb-8bbb-bbbbbbbbbbbb&zona=Zona%20Norte,64,0,0
1788744770433,68,GET Request,200,OK,Grupo GET Request 1-59,text,true,,984,221,3,3,http://localhost:3000/logistics/tenderos/productos-disponibles?tiendaId=bbbbbbbb-bbbb-4bbb-8bbb-bbbbbbbbbbbb&zona=Zona%20Norte,68,0,0
1788744770479,69,GET Request,200,OK,Grupo GET Request 1-60,text,true,,984,221,3,3,http://localhost:3000/logistics/tenderos/productos-disponibles?tiendaId=bbbbbbbb-bbbb-4bbb-8bbb-bbbbbbbbbbbb&zona=Zona%20Norte,69,0,1
1788744770500,60,GET Request,200,OK,Grupo GET Request 1-58,text,true,,984,221,3,3,http://localhost:3000/logistics/tenderos/productos-disponibles?tiendaId=bbbbbbbb-bbbb-4bbb-8bbb-bbbbbbbbbbbb&zona=Zona%20Norte,60,0,0
1788744770502,60,GET Request,200,OK,Grupo GET Request 1-59,text,true,,984,221,2,2,http://localhost:3000/logistics/tenderos/productos-disponibles?tiendaId=bbbbbbbb-bbbb-4bbb-8bbb-bbbbbbbbbbbb&zona=Zona%20Norte,60,0,0
1788744770549,59,GET Request,200,OK,Grupo GET Request 1-60,text,true,,984,221,3,3,http://localhost:3000/logistics/tenderos/productos-disponibles?tiendaId=bbbbbbbb-bbbb-4bbb-8bbb-bbbbbbbbbbbb&zona=Zona%20Norte,59,0,0
1788744770562,58,GET Request,200,OK,Grupo GET Request 1-59,text,true,,984,221,3,3,http://localhost:3000/logistics/tenderos/productos-disponibles?tiendaId=bbbbbbbb-bbbb-4bbb-8bbb-bbbbbbbbbbbb&zona=Zona%20Norte,58,0,0
1788744770590,59,GET Request,200,OK,Grupo GET Request 1-61,text,true,,984,221,3,3,http://localhost:3000/logistics/tenderos/productos-disponibles?tiendaId=bbbbbbbb-bbbb-4bbb-8bbb-bbbbbbbbbbbb&zona=Zona%20Norte,59,0,1
1788744770608,55,GET Request,200,OK,Grupo GET Request 1-60,text,true,,984,221,3,3,http://localhost:3000/logistics/tenderos/productos-disponibles?tiendaId=bbbbbbbb-bbbb-4bbb-8bbb-bbbbbbbbbbbb&zona=Zona%20Norte,55,0,0
1788744770621,60,GET Request,200,OK,Grupo GET Request 1-59,text,true,,984,221,3,3,http://localhost:3000/logistics/tenderos/productos-disponibles?tiendaId=bbbbbbbb-bbbb-4bbb-8bbb-bbbbbbbbbbbb&zona=Zona%20Norte,59,0,0
1788744770650,64,GET Request,200,OK,Grupo GET Request 1-61,text,true,,984,221,3,3,http://localhost:3000/logistics/tenderos/productos-disponibles?tiendaId=bbbbbbbb-bbbb-4bbb-8bbb-bbbbbbbbbbbb&zona=Zona%20Norte,64,0,0
1788744770664,64,GET Request,200,OK,Grupo GET Request 1-60,text,true,,984,221,3,3,http://localhost:3000/logistics/tenderos/productos-disponibles?tiendaId=bbbbbbbb-bbbb-4bbb-8bbb-bbbbbbbbbbbb&zona=Zona%20Norte,64,0,0
1788744770697,64,GET Request,200,OK,Grupo GET Request 1-62,text,true,,984,221,3,3,http://localhost:3000/logistics/tenderos/productos-disponibles?tiendaId=bbbbbbbb-bbbb-4bbb-8bbb-bbbbbbbbbbbb&zona=Zona%20Norte,64,0,1
1788744770715,67,GET Request,200,OK,Grupo GET Request 1-61,text,true,,984,221,3,3,http://localhost:3000/logistics/tenderos/productos-disponibles?tiendaId=bbbbbbbb-bbbb-4bbb-8bbb-bbbbbbbbbbbb&zona=Zona%20Norte,67,0,0
1788744770728,57,GET Request,200,OK,Grupo GET Request 1-60,text,true,,984,221,3,3,http://localhost:3000/logistics/tenderos/productos-disponibles?tiendaId=bbbbbbbb-bbbb-4bbb-8bbb-bbbbbbbbbbbb&zona=Zona%20Norte,57,0,0
1788744770761,57,GET Request,200,OK,Grupo GET Request 1-62,text,true,,984,221,3,3,http://localhost:3000/logistics/tenderos/productos-disponibles?tiendaId=bbbbbbbb-bbbb-4bbb-8bbb-bbbbbbbbbbbb&zona=Zona%20Norte,57,0,0
1788744770783,57,GET Request,200,OK,Grupo GET Request 1-61,text,true,,984,221,3,3,http://localhost:3000/logistics/tenderos/productos-disponibles?tiendaId=bbbbbbbb-bbbb-4bbb-8bbb-bbbbbbbbbbbb&zona=Zona%20Norte,57,0,0
1788744770811,55,GET Request,200,OK,Grupo GET Request 1-63,text,true,,984,221,3,3,http://localhost:3000/logistics/tenderos/productos-disponibles?tiendaId=bbbbbbbb-bbbb-4bbb-8bbb-bbbbbbbbbbbb&zona=Zona%20Norte,55,0,1
1788744770819,69,GET Request,200,OK,Grupo GET Request 1-62,text,true,,984,221,3,3,http://localhost:3000/logistics/tenderos/productos-disponibles?tiendaId=bbbbbbbb-bbbb-4bbb-8bbb-bbbbbbbbbbbb&zona=Zona%20Norte,69,0,0
1788744770841,57,GET Request,200,OK,Grupo GET Request 1-61,text,true,,984,221,3,3,http://localhost:3000/logistics/tenderos/productos-disponibles?tiendaId=bbbbbbbb-bbbb-4bbb-8bbb-bbbbbbbbbbbb&zona=Zona%20Norte,57,0,0
1788744770867,55,GET Request,200,OK,Grupo GET Request 1-63,text,true,,984,221,3,3,http://localhost:3000/logistics/tenderos/productos-disponibles?tiendaId=bbbbbbbb-bbbb-4bbb-8bbb-bbbbbbbbbbbb&zona=Zona%20Norte,55,0,0
1788744770889,57,GET Request,200,OK,Grupo GET Request 1-62,text,true,,984,221,3,3,http://localhost:3000/logistics/tenderos/productos-disponibles?tiendaId=bbbbbbbb-bbbb-4bbb-8bbb-bbbbbbbbbbbb&zona=Zona%20Norte,57,0,0
1788744770923,56,GET Request,200,OK,Grupo GET Request 1-64,text,true,,984,221,3,3,http://localhost:3000/logistics/tenderos/productos-disponibles?tiendaId=bbbbbbbb-bbbb-4bbb-8bbb-bbbbbbbbbbbb&zona=Zona%20Norte,56,0,0
1788744770923,58,GET Request,200,OK,Grupo GET Request 1-63,text,true,,984,221,3,3,http://localhost:3000/logistics/tenderos/productos-disponibles?tiendaId=bbbbbbbb-bbbb-4bbb-8bbb-bbbbbbbbbbbb&zona=Zona%20Norte,58,0,0
1788744770946,56,GET Request,200,OK,Grupo GET Request 1-62,text,true,,984,221,3,3,http://localhost:3000/logistics/tenderos/productos-disponibles?tiendaId=bbbbbbbb-bbbb-4bbb-8bbb-bbbbbbbbbbbb&zona=Zona%20Norte,56,0,0
1788744770979,57,GET Request,200,OK,Grupo GET Request 1-64,text,true,,984,221,3,3,http://localhost:3000/logistics/tenderos/productos-disponibles?tiendaId=bbbbbbbb-bbbb-4bbb-8bbb-bbbbbbbbbbbb&zona=Zona%20Norte,57,0,0
1788744770981,55,GET Request,200,OK,Grupo GET Request 1-63,text,true,,984,221,3,3,http://localhost:3000/logistics/tenderos/productos-disponibles?tiendaId=bbbbbbbb-bbbb-4bbb-8bbb-bbbbbbbbbbbb&zona=Zona%20Norte,55,0,0
1788744771036,55,GET Request,200,OK,Grupo GET Request 1-63,text,true,,984,221,3,3,http://localhost:3000/logistics/tenderos/productos-disponibles?tiendaId=bbbbbbbb-bbbb-4bbb-8bbb-bbbbbbbbbbbb&zona=Zona%20Norte,55,0,0
1788744771036,56,GET Request,200,OK,Grupo GET Request 1-64,text,true,,984,221,3,3,http://localhost:3000/logistics/tenderos/productos-disponibles?tiendaId=bbbbbbbb-bbbb-4bbb-8bbb-bbbbbbbbbbbb&zona=Zona%20Norte,56,0,0
1788744771033,59,GET Request,200,OK,Grupo GET Request 1-65,text,true,,984,221,2,2,http://localhost:3000/logistics/tenderos/productos-disponibles?tiendaId=bbbbbbbb-bbbb-4bbb-8bbb-bbbbbbbbbbbb&zona=Zona%20Norte,59,0,1
1788744771092,56,GET Request,200,OK,Grupo GET Request 1-64,text,true,,984,221,3,3,http://localhost:3000/logistics/tenderos/productos-disponibles?tiendaId=bbbbbbbb-bbbb-4bbb-8bbb-bbbbbbbbbbbb&zona=Zona%20Norte,56,0,0
1788744771093,62,GET Request,200,OK,Grupo GET Request 1-65,text,true,,984,221,3,3,http://localhost:3000/logistics/tenderos/productos-disponibles?tiendaId=bbbbbbbb-bbbb-4bbb-8bbb-bbbbbbbbbbbb&zona=Zona%20Norte,62,0,0
1788744771143,58,GET Request,200,OK,Grupo GET Request 1-66,text,true,,984,221,3,3,http://localhost:3000/logistics/tenderos/productos-disponibles?tiendaId=bbbbbbbb-bbbb-4bbb-8bbb-bbbbbbbbbbbb&zona=Zona%20Norte,58,0,0
1788744771149,59,GET Request,200,OK,Grupo GET Request 1-64,text,true,,984,221,3,3,http://localhost:3000/logistics/tenderos/productos-disponibles?tiendaId=bbbbbbbb-bbbb-4bbb-8bbb-bbbbbbbbbbbb&zona=Zona%20Norte,59,0,0
1788744771155,59,GET Request,200,OK,Grupo GET Request 1-65,text,true,,984,221,2,2,http://localhost:3000/logistics/tenderos/productos-disponibles?tiendaId=bbbbbbbb-bbbb-4bbb-8bbb-bbbbbbbbbbbb&zona=Zona%20Norte,59,0,0
1788744771201,60,GET Request,200,OK,Grupo GET Request 1-66,text,true,,984,221,3,3,http://localhost:3000/logistics/tenderos/productos-disponibles?tiendaId=bbbbbbbb-bbbb-4bbb-8bbb-bbbbbbbbbbbb&zona=Zona%20Norte,60,0,0
1788744771215,54,GET Request,200,OK,Grupo GET Request 1-65,text,true,,984,221,3,3,http://localhost:3000/logistics/tenderos/productos-disponibles?tiendaId=bbbbbbbb-bbbb-4bbb-8bbb-bbbbbbbbbbbb&zona=Zona%20Norte,54,0,0
1788744771256,55,GET Request,200,OK,Grupo GET Request 1-67,text,true,,984,221,3,3,http://localhost:3000/logistics/tenderos/productos-disponibles?tiendaId=bbbbbbbb-bbbb-4bbb-8bbb-bbbbbbbbbbbb&zona=Zona%20Norte,55,0,0
1788744771261,55,GET Request,200,OK,Grupo GET Request 1-66,text,true,,984,221,3,3,http://localhost:3000/logistics/tenderos/productos-disponibles?tiendaId=bbbbbbbb-bbbb-4bbb-8bbb-bbbbbbbbbbbb&zona=Zona%20Norte,55,0,0
1788744771269,57,GET Request,200,OK,Grupo GET Request 1-65,text,true,,984,221,3,3,http://localhost:3000/logistics/tenderos/productos-disponibles?tiendaId=bbbbbbbb-bbbb-4bbb-8bbb-bbbbbbbbbbbb&zona=Zona%20Norte,57,0,0
1788744771312,54,GET Request,200,OK,Grupo GET Request 1-67,text,true,,984,221,3,3,http://localhost:3000/logistics/tenderos/productos-disponibles?tiendaId=bbbbbbbb-bbbb-4bbb-8bbb-bbbbbbbbbbbb&zona=Zona%20Norte,54,0,0
1788744771316,53,GET Request,200,OK,Grupo GET Request 1-66,text,true,,984,221,3,3,http://localhost:3000/logistics/tenderos/productos-disponibles?tiendaId=bbbbbbbb-bbbb-4bbb-8bbb-bbbbbbbbbbbb&zona=Zona%20Norte,53,0,0
1788744771366,55,GET Request,200,OK,Grupo GET Request 1-68,text,true,,984,221,3,3,http://localhost:3000/logistics/tenderos/productos-disponibles?tiendaId=bbbbbbbb-bbbb-4bbb-8bbb-bbbbbbbbbbbb&zona=Zona%20Norte,55,0,0
1788744771366,56,GET Request,200,OK,Grupo GET Request 1-67,text,true,,984,221,3,3,http://localhost:3000/logistics/tenderos/productos-disponibles?tiendaId=bbbbbbbb-bbbb-4bbb-8bbb-bbbbbbbbbbbb&zona=Zona%20Norte,56,0,0
1788744771370,56,GET Request,200,OK,Grupo GET Request 1-66,text,true,,984,221,3,3,http://localhost:3000/logistics/tenderos/productos-disponibles?tiendaId=bbbbbbbb-bbbb-4bbb-8bbb-bbbbbbbbbbbb&zona=Zona%20Norte,56,0,0
1788744771422,58,GET Request,200,OK,Grupo GET Request 1-68,text,true,,984,221,3,3,http://localhost:3000/logistics/tenderos/productos-disponibles?tiendaId=bbbbbbbb-bbbb-4bbb-8bbb-bbbbbbbbbbbb&zona=Zona%20Norte,58,0,0
1788744771422,64,GET Request,200,OK,Grupo GET Request 1-67,text,true,,984,221,3,3,http://localhost:3000/logistics/tenderos/productos-disponibles?tiendaId=bbbbbbbb-bbbb-4bbb-8bbb-bbbbbbbbbbbb&zona=Zona%20Norte,64,0,0
1788744771475,62,GET Request,200,OK,Grupo GET Request 1-69,text,true,,984,221,3,3,http://localhost:3000/logistics/tenderos/productos-disponibles?tiendaId=bbbbbbbb-bbbb-4bbb-8bbb-bbbbbbbbbbbb&zona=Zona%20Norte,62,0,1
1788744771481,58,GET Request,200,OK,Grupo GET Request 1-68,text,true,,984,221,3,3,http://localhost:3000/logistics/tenderos/productos-disponibles?tiendaId=bbbbbbbb-bbbb-4bbb-8bbb-bbbbbbbbbbbb&zona=Zona%20Norte,58,0,0
1788744771486,61,GET Request,200,OK,Grupo GET Request 1-67,text,true,,984,221,3,3,http://localhost:3000/logistics/tenderos/productos-disponibles?tiendaId=bbbbbbbb-bbbb-4bbb-8bbb-bbbbbbbbbbbb&zona=Zona%20Norte,61,0,0
1788744771539,60,GET Request,200,OK,Grupo GET Request 1-68,text,true,,984,221,3,3,http://localhost:3000/logistics/tenderos/productos-disponibles?tiendaId=bbbbbbbb-bbbb-4bbb-8bbb-bbbbbbbbbbbb&zona=Zona%20Norte,60,0,0
1788744771537,71,GET Request,200,OK,Grupo GET Request 1-69,text,true,,984,221,3,3,http://localhost:3000/logistics/tenderos/productos-disponibles?tiendaId=bbbbbbbb-bbbb-4bbb-8bbb-bbbbbbbbbbbb&zona=Zona%20Norte,71,0,0
1788744771599,58,GET Request,200,OK,Grupo GET Request 1-68,text,true,,984,221,3,3,http://localhost:3000/logistics/tenderos/productos-disponibles?tiendaId=bbbbbbbb-bbbb-4bbb-8bbb-bbbbbbbbbbbb&zona=Zona%20Norte,58,0,0
1788744771590,69,GET Request,200,OK,Grupo GET Request 1-70,text,true,,984,221,2,2,http://localhost:3000/logistics/tenderos/productos-disponibles?tiendaId=bbbbbbbb-bbbb-4bbb-8bbb-bbbbbbbbbbbb&zona=Zona%20Norte,69,0,0
1788744771608,57,GET Request,200,OK,Grupo GET Request 1-69,text,true,,984,221,2,2,http://localhost:3000/logistics/tenderos/productos-disponibles?tiendaId=bbbbbbbb-bbbb-4bbb-8bbb-bbbbbbbbbbbb&zona=Zona%20Norte,57,0,0
1788744771660,56,GET Request,200,OK,Grupo GET Request 1-70,text,true,,984,221,3,3,http://localhost:3000/logistics/tenderos/productos-disponibles?tiendaId=bbbbbbbb-bbbb-4bbb-8bbb-bbbbbbbbbbbb&zona=Zona%20Norte,56,0,0
1788744771666,66,GET Request,200,OK,Grupo GET Request 1-69,text,true,,984,221,3,3,http://localhost:3000/logistics/tenderos/productos-disponibles?tiendaId=bbbbbbbb-bbbb-4bbb-8bbb-bbbbbbbbbbbb&zona=Zona%20Norte,66,0,0
1788744771699,54,GET Request,200,OK,Grupo GET Request 1-71,text,true,,984,221,3,3,http://localhost:3000/logistics/tenderos/productos-disponibles?tiendaId=bbbbbbbb-bbbb-4bbb-8bbb-bbbbbbbbbbbb&zona=Zona%20Norte,54,0,0
1788744771716,53,GET Request,200,OK,Grupo GET Request 1-70,text,true,,984,221,3,3,http://localhost:3000/logistics/tenderos/productos-disponibles?tiendaId=bbbbbbbb-bbbb-4bbb-8bbb-bbbbbbbbbbbb&zona=Zona%20Norte,53,0,0
1788744771732,61,GET Request,200,OK,Grupo GET Request 1-69,text,true,,984,221,3,3,http://localhost:3000/logistics/tenderos/productos-disponibles?tiendaId=bbbbbbbb-bbbb-4bbb-8bbb-bbbbbbbbbbbb&zona=Zona%20Norte,61,0,0
1788744771753,56,GET Request,200,OK,Grupo GET Request 1-71,text,true,,984,221,3,3,http://localhost:3000/logistics/tenderos/productos-disponibles?tiendaId=bbbbbbbb-bbbb-4bbb-8bbb-bbbbbbbbbbbb&zona=Zona%20Norte,56,0,0
1788744771769,65,GET Request,200,OK,Grupo GET Request 1-70,text,true,,984,221,3,3,http://localhost:3000/logistics/tenderos/productos-disponibles?tiendaId=bbbbbbbb-bbbb-4bbb-8bbb-bbbbbbbbbbbb&zona=Zona%20Norte,65,0,0
1788744771808,55,GET Request,200,OK,Grupo GET Request 1-72,text,true,,984,221,3,3,http://localhost:3000/logistics/tenderos/productos-disponibles?tiendaId=bbbbbbbb-bbbb-4bbb-8bbb-bbbbbbbbbbbb&zona=Zona%20Norte,55,0,1
1788744771810,54,GET Request,200,OK,Grupo GET Request 1-71,text,true,,984,221,3,3,http://localhost:3000/logistics/tenderos/productos-disponibles?tiendaId=bbbbbbbb-bbbb-4bbb-8bbb-bbbbbbbbbbbb&zona=Zona%20Norte,54,0,0
1788744771834,55,GET Request,200,OK,Grupo GET Request 1-70,text,true,,984,221,3,3,http://localhost:3000/logistics/tenderos/productos-disponibles?tiendaId=bbbbbbbb-bbbb-4bbb-8bbb-bbbbbbbbbbbb&zona=Zona%20Norte,55,0,0
1788744771864,56,GET Request,200,OK,Grupo GET Request 1-72,text,true,,984,221,3,3,http://localhost:3000/logistics/tenderos/productos-disponibles?tiendaId=bbbbbbbb-bbbb-4bbb-8bbb-bbbbbbbbbbbb&zona=Zona%20Norte,55,0,0
1788744771864,57,GET Request,200,OK,Grupo GET Request 1-71,text,true,,984,221,3,3,http://localhost:3000/logistics/tenderos/productos-disponibles?tiendaId=bbbbbbbb-bbbb-4bbb-8bbb-bbbbbbbbbbbb&zona=Zona%20Norte,57,0,0
1788744771918,57,GET Request,200,OK,Grupo GET Request 1-73,text,true,,984,221,3,3,http://localhost:3000/logistics/tenderos/productos-disponibles?tiendaId=bbbbbbbb-bbbb-4bbb-8bbb-bbbbbbbbbbbb&zona=Zona%20Norte,57,0,1
1788744771922,54,GET Request,200,OK,Grupo GET Request 1-71,text,true,,984,221,3,3,http://localhost:3000/logistics/tenderos/productos-disponibles?tiendaId=bbbbbbbb-bbbb-4bbb-8bbb-bbbbbbbbbbbb&zona=Zona%20Norte,54,0,0
1788744771920,65,GET Request,200,OK,Grupo GET Request 1-72,text,true,,984,221,2,2,http://localhost:3000/logistics/tenderos/productos-disponibles?tiendaId=bbbbbbbb-bbbb-4bbb-8bbb-bbbbbbbbbbbb&zona=Zona%20Norte,65,0,0
1788744771976,55,GET Request,200,OK,Grupo GET Request 1-73,text,true,,984,221,2,2,http://localhost:3000/logistics/tenderos/productos-disponibles?tiendaId=bbbbbbbb-bbbb-4bbb-8bbb-bbbbbbbbbbbb&zona=Zona%20Norte,55,0,0
1788744771985,56,GET Request,200,OK,Grupo GET Request 1-72,text,true,,984,221,3,3,http://localhost:3000/logistics/tenderos/productos-disponibles?tiendaId=bbbbbbbb-bbbb-4bbb-8bbb-bbbbbbbbbbbb&zona=Zona%20Norte,56,0,0
1788744772031,55,GET Request,200,OK,Grupo GET Request 1-73,text,true,,984,221,3,3,http://localhost:3000/logistics/tenderos/productos-disponibles?tiendaId=bbbbbbbb-bbbb-4bbb-8bbb-bbbbbbbbbbbb&zona=Zona%20Norte,55,0,0
1788744772033,56,GET Request,200,OK,Grupo GET Request 1-74,text,true,,984,221,3,3,http://localhost:3000/logistics/tenderos/productos-disponibles?tiendaId=bbbbbbbb-bbbb-4bbb-8bbb-bbbbbbbbbbbb&zona=Zona%20Norte,56,0,0
1788744772041,54,GET Request,200,OK,Grupo GET Request 1-72,text,true,,984,221,3,3,http://localhost:3000/logistics/tenderos/productos-disponibles?tiendaId=bbbbbbbb-bbbb-4bbb-8bbb-bbbbbbbbbbbb&zona=Zona%20Norte,54,0,0
1788744772086,56,GET Request,200,OK,Grupo GET Request 1-73,text,true,,984,221,3,3,http://localhost:3000/logistics/tenderos/productos-disponibles?tiendaId=bbbbbbbb-bbbb-4bbb-8bbb-bbbbbbbbbbbb&zona=Zona%20Norte,56,0,0
1788744772089,55,GET Request,200,OK,Grupo GET Request 1-74,text,true,,984,221,3,3,http://localhost:3000/logistics/tenderos/productos-disponibles?tiendaId=bbbbbbbb-bbbb-4bbb-8bbb-bbbbbbbbbbbb&zona=Zona%20Norte,55,0,0
1788744772142,59,GET Request,200,OK,Grupo GET Request 1-73,text,true,,984,221,3,3,http://localhost:3000/logistics/tenderos/productos-disponibles?tiendaId=bbbbbbbb-bbbb-4bbb-8bbb-bbbbbbbbbbbb&zona=Zona%20Norte,59,0,0
1788744772141,62,GET Request,200,OK,Grupo GET Request 1-75,text,true,,984,221,2,2,http://localhost:3000/logistics/tenderos/productos-disponibles?tiendaId=bbbbbbbb-bbbb-4bbb-8bbb-bbbbbbbbbbbb&zona=Zona%20Norte,62,0,1
1788744772144,59,GET Request,200,OK,Grupo GET Request 1-74,text,true,,984,221,2,2,http://localhost:3000/logistics/tenderos/productos-disponibles?tiendaId=bbbbbbbb-bbbb-4bbb-8bbb-bbbbbbbbbbbb&zona=Zona%20Norte,59,0,0
1788744772203,55,GET Request,200,OK,Grupo GET Request 1-75,text,true,,984,221,3,3,http://localhost:3000/logistics/tenderos/productos-disponibles?tiendaId=bbbbbbbb-bbbb-4bbb-8bbb-bbbbbbbbbbbb&zona=Zona%20Norte,55,0,0
1788744772203,57,GET Request,200,OK,Grupo GET Request 1-74,text,true,,984,221,3,3,http://localhost:3000/logistics/tenderos/productos-disponibles?tiendaId=bbbbbbbb-bbbb-4bbb-8bbb-bbbbbbbbbbbb&zona=Zona%20Norte,57,0,0
1788744772252,56,GET Request,200,OK,Grupo GET Request 1-76,text,true,,984,221,3,3,http://localhost:3000/logistics/tenderos/productos-disponibles?tiendaId=bbbbbbbb-bbbb-4bbb-8bbb-bbbbbbbbbbbb&zona=Zona%20Norte,56,0,1
1788744772259,53,GET Request,200,OK,Grupo GET Request 1-75,text,true,,984,221,3,3,http://localhost:3000/logistics/tenderos/productos-disponibles?tiendaId=bbbbbbbb-bbbb-4bbb-8bbb-bbbbbbbbbbbb&zona=Zona%20Norte,53,0,0
1788744772260,54,GET Request,200,OK,Grupo GET Request 1-74,text,true,,984,221,3,3,http://localhost:3000/logistics/tenderos/productos-disponibles?tiendaId=bbbbbbbb-bbbb-4bbb-8bbb-bbbbbbbbbbbb&zona=Zona%20Norte,54,0,0
1788744772309,55,GET Request,200,OK,Grupo GET Request 1-76,text,true,,984,221,3,3,http://localhost:3000/logistics/tenderos/productos-disponibles?tiendaId=bbbbbbbb-bbbb-4bbb-8bbb-bbbbbbbbbbbb&zona=Zona%20Norte,55,0,0
1788744772312,54,GET Request,200,OK,Grupo GET Request 1-75,text,true,,984,221,3,3,http://localhost:3000/logistics/tenderos/productos-disponibles?tiendaId=bbbbbbbb-bbbb-4bbb-8bbb-bbbbbbbbbbbb&zona=Zona%20Norte,54,0,0
1788744772364,59,GET Request,200,OK,Grupo GET Request 1-76,text,true,,984,221,3,3,http://localhost:3000/logistics/tenderos/productos-disponibles?tiendaId=bbbbbbbb-bbbb-4bbb-8bbb-bbbbbbbbbbbb&zona=Zona%20Norte,59,0,0
1788744772363,68,GET Request,200,OK,Grupo GET Request 1-77,text,true,,984,221,3,3,http://localhost:3000/logistics/tenderos/productos-disponibles?tiendaId=bbbbbbbb-bbbb-4bbb-8bbb-bbbbbbbbbbbb&zona=Zona%20Norte,68,0,1
1788744772367,64,GET Request,200,OK,Grupo GET Request 1-75,text,true,,984,221,3,3,http://localhost:3000/logistics/tenderos/productos-disponibles?tiendaId=bbbbbbbb-bbbb-4bbb-8bbb-bbbbbbbbbbbb&zona=Zona%20Norte,64,0,0
1788744772424,69,GET Request,200,OK,Grupo GET Request 1-76,text,true,,984,221,3,3,http://localhost:3000/logistics/tenderos/productos-disponibles?tiendaId=bbbbbbbb-bbbb-4bbb-8bbb-bbbbbbbbbbbb&zona=Zona%20Norte,69,0,0
1788744772431,79,GET Request,200,OK,Grupo GET Request 1-77,text,true,,984,221,3,3,http://localhost:3000/logistics/tenderos/productos-disponibles?tiendaId=bbbbbbbb-bbbb-4bbb-8bbb-bbbbbbbbbbbb&zona=Zona%20Norte,79,0,0
1788744772475,148,GET Request,200,OK,Grupo GET Request 1-78,text,true,,984,221,4,4,http://localhost:3000/logistics/tenderos/productos-disponibles?tiendaId=bbbbbbbb-bbbb-4bbb-8bbb-bbbbbbbbbbbb&zona=Zona%20Norte,148,0,2
1788744772493,153,GET Request,200,OK,Grupo GET Request 1-76,text,true,,984,221,4,4,http://localhost:3000/logistics/tenderos/productos-disponibles?tiendaId=bbbbbbbb-bbbb-4bbb-8bbb-bbbbbbbbbbbb&zona=Zona%20Norte,153,0,0
1788744772511,142,GET Request,200,OK,Grupo GET Request 1-77,text,true,,984,221,3,3,http://localhost:3000/logistics/tenderos/productos-disponibles?tiendaId=bbbbbbbb-bbbb-4bbb-8bbb-bbbbbbbbbbbb&zona=Zona%20Norte,142,0,0
1788744772587,250,GET Request,200,OK,Grupo GET Request 1-79,text,true,,984,221,5,5,http://localhost:3000/logistics/tenderos/productos-disponibles?tiendaId=bbbbbbbb-bbbb-4bbb-8bbb-bbbbbbbbbbbb&zona=Zona%20Norte,249,0,0
1788744772624,248,GET Request,200,OK,Grupo GET Request 1-78,text,true,,984,221,5,5,http://localhost:3000/logistics/tenderos/productos-disponibles?tiendaId=bbbbbbbb-bbbb-4bbb-8bbb-bbbbbbbbbbbb&zona=Zona%20Norte,248,0,0
1788744772654,234,GET Request,200,OK,Grupo GET Request 1-77,text,true,,984,221,5,5,http://localhost:3000/logistics/tenderos/productos-disponibles?tiendaId=bbbbbbbb-bbbb-4bbb-8bbb-bbbbbbbbbbbb&zona=Zona%20Norte,234,0,0
1788744772834,156,GET Request,200,OK,Grupo GET Request 1-81,text,true,,984,221,6,6,http://localhost:3000/logistics/tenderos/productos-disponibles?tiendaId=bbbbbbbb-bbbb-4bbb-8bbb-bbbbbbbbbbbb&zona=Zona%20Norte,156,0,0
1788744772714,283,GET Request,200,OK,Grupo GET Request 1-80,text,true,,984,221,6,6,http://localhost:3000/logistics/tenderos/productos-disponibles?tiendaId=bbbbbbbb-bbbb-4bbb-8bbb-bbbbbbbbbbbb&zona=Zona%20Norte,283,0,4
1788744772839,183,GET Request,200,OK,Grupo GET Request 1-79,text,true,,984,221,6,6,http://localhost:3000/logistics/tenderos/productos-disponibles?tiendaId=bbbbbbbb-bbbb-4bbb-8bbb-bbbbbbbbbbbb&zona=Zona%20Norte,183,0,0
1788744772872,151,GET Request,200,OK,Grupo GET Request 1-78,text,true,,984,221,6,6,http://localhost:3000/logistics/tenderos/productos-disponibles?tiendaId=bbbbbbbb-bbbb-4bbb-8bbb-bbbbbbbbbbbb&zona=Zona%20Norte,151,0,0
1788744772889,153,GET Request,200,OK,Grupo GET Request 1-77,text,true,,984,221,7,7,http://localhost:3000/logistics/tenderos/productos-disponibles?tiendaId=bbbbbbbb-bbbb-4bbb-8bbb-bbbbbbbbbbbb&zona=Zona%20Norte,153,0,0
1788744772997,99,GET Request,200,OK,Grupo GET Request 1-80,text,true,,984,221,6,6,http://localhost:3000/logistics/tenderos/productos-disponibles?tiendaId=bbbbbbbb-bbbb-4bbb-8bbb-bbbbbbbbbbbb&zona=Zona%20Norte,99,0,0
1788744772921,227,GET Request,200,OK,Grupo GET Request 1-82,text,true,,984,221,7,7,http://localhost:3000/logistics/tenderos/productos-disponibles?tiendaId=bbbbbbbb-bbbb-4bbb-8bbb-bbbbbbbbbbbb&zona=Zona%20Norte,227,0,0
1788744772990,161,GET Request,200,OK,Grupo GET Request 1-81,text,true,,984,221,7,7,http://localhost:3000/logistics/tenderos/productos-disponibles?tiendaId=bbbbbbbb-bbbb-4bbb-8bbb-bbbbbbbbbbbb&zona=Zona%20Norte,161,0,0
1788744773023,141,GET Request,200,OK,Grupo GET Request 1-78,text,true,,984,221,7,7,http://localhost:3000/logistics/tenderos/productos-disponibles?tiendaId=bbbbbbbb-bbbb-4bbb-8bbb-bbbbbbbbbbbb&zona=Zona%20Norte,141,0,0
1788744773023,152,GET Request,200,OK,Grupo GET Request 1-79,text,true,,984,221,7,7,http://localhost:3000/logistics/tenderos/productos-disponibles?tiendaId=bbbbbbbb-bbbb-4bbb-8bbb-bbbbbbbbbbbb&zona=Zona%20Norte,152,0,0
1788744773097,400,GET Request,200,OK,Grupo GET Request 1-80,text,true,,984,221,10,10,http://localhost:3000/logistics/tenderos/productos-disponibles?tiendaId=bbbbbbbb-bbbb-4bbb-8bbb-bbbbbbbbbbbb&zona=Zona%20Norte,400,0,0
1788744773029,479,GET Request,200,OK,Grupo GET Request 1-83,text,true,,984,221,10,10,http://localhost:3000/logistics/tenderos/productos-disponibles?tiendaId=bbbbbbbb-bbbb-4bbb-8bbb-bbbbbbbbbbbb&zona=Zona%20Norte,479,0,1
1788744773148,365,GET Request,200,OK,Grupo GET Request 1-82,text,true,,984,221,10,10,http://localhost:3000/logistics/tenderos/productos-disponibles?tiendaId=bbbbbbbb-bbbb-4bbb-8bbb-bbbbbbbbbbbb&zona=Zona%20Norte,365,0,0
1788744773143,379,GET Request,200,OK,Grupo GET Request 1-84,text,true,,984,221,10,10,http://localhost:3000/logistics/tenderos/productos-disponibles?tiendaId=bbbbbbbb-bbbb-4bbb-8bbb-bbbbbbbbbbbb&zona=Zona%20Norte,379,0,1
1788744773151,371,GET Request,200,OK,Grupo GET Request 1-81,text,true,,984,221,10,10,http://localhost:3000/logistics/tenderos/productos-disponibles?tiendaId=bbbbbbbb-bbbb-4bbb-8bbb-bbbbbbbbbbbb&zona=Zona%20Norte,371,0,0
1788744773176,365,GET Request,200,OK,Grupo GET Request 1-79,text,true,,984,221,10,10,http://localhost:3000/logistics/tenderos/productos-disponibles?tiendaId=bbbbbbbb-bbbb-4bbb-8bbb-bbbbbbbbbbbb&zona=Zona%20Norte,365,0,0
1788744773164,384,GET Request,200,OK,Grupo GET Request 1-78,text,true,,984,221,10,10,http://localhost:3000/logistics/tenderos/productos-disponibles?tiendaId=bbbbbbbb-bbbb-4bbb-8bbb-bbbbbbbbbbbb&zona=Zona%20Norte,384,0,0
1788744773513,86,GET Request,200,OK,Grupo GET Request 1-82,text,true,,984,221,10,10,http://localhost:3000/logistics/tenderos/productos-disponibles?tiendaId=bbbbbbbb-bbbb-4bbb-8bbb-bbbbbbbbbbbb&zona=Zona%20Norte,86,0,0
1788744773508,120,GET Request,200,OK,Grupo GET Request 1-83,text,true,,984,221,10,10,http://localhost:3000/logistics/tenderos/productos-disponibles?tiendaId=bbbbbbbb-bbbb-4bbb-8bbb-bbbbbbbbbbbb&zona=Zona%20Norte,120,0,0
1788744773497,212,GET Request,200,OK,Grupo GET Request 1-80,text,true,,984,221,11,11,http://localhost:3000/logistics/tenderos/productos-disponibles?tiendaId=bbbbbbbb-bbbb-4bbb-8bbb-bbbbbbbbbbbb&zona=Zona%20Norte,212,0,0
1788744773522,216,GET Request,200,OK,Grupo GET Request 1-84,text,true,,984,221,11,11,http://localhost:3000/logistics/tenderos/productos-disponibles?tiendaId=bbbbbbbb-bbbb-4bbb-8bbb-bbbbbbbbbbbb&zona=Zona%20Norte,216,0,0
1788744773585,162,GET Request,200,OK,Grupo GET Request 1-88,text,true,,984,221,11,11,http://localhost:3000/logistics/tenderos/productos-disponibles?tiendaId=bbbbbbbb-bbbb-4bbb-8bbb-bbbbbbbbbbbb&zona=Zona%20Norte,162,0,1
1788744773523,230,GET Request,200,OK,Grupo GET Request 1-81,text,true,,984,221,11,11,http://localhost:3000/logistics/tenderos/productos-disponibles?tiendaId=bbbbbbbb-bbbb-4bbb-8bbb-bbbbbbbbbbbb&zona=Zona%20Norte,230,0,0
1788744773542,238,GET Request,200,OK,Grupo GET Request 1-79,text,true,,984,221,11,11,http://localhost:3000/logistics/tenderos/productos-disponibles?tiendaId=bbbbbbbb-bbbb-4bbb-8bbb-bbbbbbbbbbbb&zona=Zona%20Norte,238,0,0
1788744773432,348,GET Request,200,OK,Grupo GET Request 1-86,text,true,,984,221,11,11,http://localhost:3000/logistics/tenderos/productos-disponibles?tiendaId=bbbbbbbb-bbbb-4bbb-8bbb-bbbbbbbbbbbb&zona=Zona%20Norte,348,0,9
1788744773331,450,GET Request,200,OK,Grupo GET Request 1-85,text,true,,984,221,10,10,http://localhost:3000/logistics/tenderos/productos-disponibles?tiendaId=bbbbbbbb-bbbb-4bbb-8bbb-bbbbbbbbbbbb&zona=Zona%20Norte,450,0,1
1788744773599,188,GET Request,200,OK,Grupo GET Request 1-82,text,true,,984,221,10,10,http://localhost:3000/logistics/tenderos/productos-disponibles?tiendaId=bbbbbbbb-bbbb-4bbb-8bbb-bbbbbbbbbbbb&zona=Zona%20Norte,187,0,0
1788744773629,158,GET Request,200,OK,Grupo GET Request 1-83,text,true,,984,221,10,10,http://localhost:3000/logistics/tenderos/productos-disponibles?tiendaId=bbbbbbbb-bbbb-4bbb-8bbb-bbbbbbbbbbbb&zona=Zona%20Norte,158,0,0
1788744773474,383,GET Request,200,OK,Grupo GET Request 1-87,text,true,,984,221,11,11,http://localhost:3000/logistics/tenderos/productos-disponibles?tiendaId=bbbbbbbb-bbbb-4bbb-8bbb-bbbbbbbbbbbb&zona=Zona%20Norte,383,0,1
1788744773738,120,GET Request,200,OK,Grupo GET Request 1-84,text,true,,984,221,11,11,http://localhost:3000/logistics/tenderos/productos-disponibles?tiendaId=bbbbbbbb-bbbb-4bbb-8bbb-bbbbbbbbbbbb&zona=Zona%20Norte,120,0,0
1788744773709,152,GET Request,200,OK,Grupo GET Request 1-80,text,true,,984,221,11,11,http://localhost:3000/logistics/tenderos/productos-disponibles?tiendaId=bbbbbbbb-bbbb-4bbb-8bbb-bbbbbbbbbbbb&zona=Zona%20Norte,152,0,0
1788744773747,122,GET Request,200,OK,Grupo GET Request 1-88,text,true,,984,221,10,10,http://localhost:3000/logistics/tenderos/productos-disponibles?tiendaId=bbbbbbbb-bbbb-4bbb-8bbb-bbbbbbbbbbbb&zona=Zona%20Norte,122,0,0
1788744773695,196,GET Request,200,OK,Grupo GET Request 1-89,text,true,,984,221,10,10,http://localhost:3000/logistics/tenderos/productos-disponibles?tiendaId=bbbbbbbb-bbbb-4bbb-8bbb-bbbbbbbbbbbb&zona=Zona%20Norte,195,0,1
1788744773787,109,GET Request,200,OK,Grupo GET Request 1-83,text,true,,984,221,10,10,http://localhost:3000/logistics/tenderos/productos-disponibles?tiendaId=bbbbbbbb-bbbb-4bbb-8bbb-bbbbbbbbbbbb&zona=Zona%20Norte,109,0,0
1788744773787,149,GET Request,200,OK,Grupo GET Request 1-82,text,true,,984,221,11,11,http://localhost:3000/logistics/tenderos/productos-disponibles?tiendaId=bbbbbbbb-bbbb-4bbb-8bbb-bbbbbbbbbbbb&zona=Zona%20Norte,149,0,0
1788744773781,155,GET Request,200,OK,Grupo GET Request 1-85,text,true,,984,221,11,11,http://localhost:3000/logistics/tenderos/productos-disponibles?tiendaId=bbbbbbbb-bbbb-4bbb-8bbb-bbbbbbbbbbbb&zona=Zona%20Norte,155,0,0
1788744773753,191,GET Request,200,OK,Grupo GET Request 1-81,text,true,,984,221,10,10,http://localhost:3000/logistics/tenderos/productos-disponibles?tiendaId=bbbbbbbb-bbbb-4bbb-8bbb-bbbbbbbbbbbb&zona=Zona%20Norte,191,0,0
1788744773858,86,GET Request,200,OK,Grupo GET Request 1-87,text,true,,984,221,10,10,http://localhost:3000/logistics/tenderos/productos-disponibles?tiendaId=bbbbbbbb-bbbb-4bbb-8bbb-bbbbbbbbbbbb&zona=Zona%20Norte,86,0,0
1788744773780,195,GET Request,200,OK,Grupo GET Request 1-86,text,true,,984,221,9,9,http://localhost:3000/logistics/tenderos/productos-disponibles?tiendaId=bbbbbbbb-bbbb-4bbb-8bbb-bbbbbbbbbbbb&zona=Zona%20Norte,195,0,0
1788744773858,117,GET Request,200,OK,Grupo GET Request 1-84,text,true,,984,221,9,9,http://localhost:3000/logistics/tenderos/productos-disponibles?tiendaId=bbbbbbbb-bbbb-4bbb-8bbb-bbbbbbbbbbbb&zona=Zona%20Norte,117,0,0
1788744773870,119,GET Request,200,OK,Grupo GET Request 1-88,text,true,,984,221,9,9,http://localhost:3000/logistics/tenderos/productos-disponibles?tiendaId=bbbbbbbb-bbbb-4bbb-8bbb-bbbbbbbbbbbb&zona=Zona%20Norte,119,0,0
1788744773896,110,GET Request,200,OK,Grupo GET Request 1-83,text,true,,984,221,9,9,http://localhost:3000/logistics/tenderos/productos-disponibles?tiendaId=bbbbbbbb-bbbb-4bbb-8bbb-bbbbbbbbbbbb&zona=Zona%20Norte,110,0,0
1788744773809,211,GET Request,200,OK,Grupo GET Request 1-90,text,true,,984,221,8,8,http://localhost:3000/logistics/tenderos/productos-disponibles?tiendaId=bbbbbbbb-bbbb-4bbb-8bbb-bbbbbbbbbbbb&zona=Zona%20Norte,211,0,1
1788744773937,96,GET Request,200,OK,Grupo GET Request 1-85,text,true,,984,221,9,9,http://localhost:3000/logistics/tenderos/productos-disponibles?tiendaId=bbbbbbbb-bbbb-4bbb-8bbb-bbbbbbbbbbbb&zona=Zona%20Norte,96,0,0
1788744773921,115,GET Request,200,OK,Grupo GET Request 1-91,text,true,,984,221,9,9,http://localhost:3000/logistics/tenderos/productos-disponibles?tiendaId=bbbbbbbb-bbbb-4bbb-8bbb-bbbbbbbbbbbb&zona=Zona%20Norte,115,0,1
1788744773891,158,GET Request,200,OK,Grupo GET Request 1-89,text,true,,984,221,9,9,http://localhost:3000/logistics/tenderos/productos-disponibles?tiendaId=bbbbbbbb-bbbb-4bbb-8bbb-bbbbbbbbbbbb&zona=Zona%20Norte,158,0,0
1788744773945,104,GET Request,200,OK,Grupo GET Request 1-87,text,true,,984,221,9,9,http://localhost:3000/logistics/tenderos/productos-disponibles?tiendaId=bbbbbbbb-bbbb-4bbb-8bbb-bbbbbbbbbbbb&zona=Zona%20Norte,104,0,0
1788744773975,101,GET Request,200,OK,Grupo GET Request 1-86,text,true,,984,221,9,9,http://localhost:3000/logistics/tenderos/productos-disponibles?tiendaId=bbbbbbbb-bbbb-4bbb-8bbb-bbbbbbbbbbbb&zona=Zona%20Norte,101,0,0
1788744773976,112,GET Request,200,OK,Grupo GET Request 1-84,text,true,,984,221,9,9,http://localhost:3000/logistics/tenderos/productos-disponibles?tiendaId=bbbbbbbb-bbbb-4bbb-8bbb-bbbbbbbbbbbb&zona=Zona%20Norte,112,0,0
1788744773989,139,GET Request,200,OK,Grupo GET Request 1-88,text,true,,984,221,8,8,http://localhost:3000/logistics/tenderos/productos-disponibles?tiendaId=bbbbbbbb-bbbb-4bbb-8bbb-bbbbbbbbbbbb&zona=Zona%20Norte,139,0,0
1788744774028,99,GET Request,200,OK,Grupo GET Request 1-92,text,true,,984,221,8,8,http://localhost:3000/logistics/tenderos/productos-disponibles?tiendaId=bbbbbbbb-bbbb-4bbb-8bbb-bbbbbbbbbbbb&zona=Zona%20Norte,99,0,0
1788744774035,96,GET Request,200,OK,Grupo GET Request 1-91,text,true,,984,221,8,8,http://localhost:3000/logistics/tenderos/productos-disponibles?tiendaId=bbbbbbbb-bbbb-4bbb-8bbb-bbbbbbbbbbbb&zona=Zona%20Norte,96,0,0
1788744774048,92,GET Request,200,OK,Grupo GET Request 1-89,text,true,,984,221,9,9,http://localhost:3000/logistics/tenderos/productos-disponibles?tiendaId=bbbbbbbb-bbbb-4bbb-8bbb-bbbbbbbbbbbb&zona=Zona%20Norte,92,0,0
1788744774032,116,GET Request,200,OK,Grupo GET Request 1-85,text,true,,984,221,9,9,http://localhost:3000/logistics/tenderos/productos-disponibles?tiendaId=bbbbbbbb-bbbb-4bbb-8bbb-bbbbbbbbbbbb&zona=Zona%20Norte,116,0,0
1788744774019,134,GET Request,200,OK,Grupo GET Request 1-90,text,true,,984,221,9,9,http://localhost:3000/logistics/tenderos/productos-disponibles?tiendaId=bbbbbbbb-bbbb-4bbb-8bbb-bbbbbbbbbbbb&zona=Zona%20Norte,134,0,0
1788744774048,122,GET Request,200,OK,Grupo GET Request 1-87,text,true,,984,221,9,9,http://localhost:3000/logistics/tenderos/productos-disponibles?tiendaId=bbbbbbbb-bbbb-4bbb-8bbb-bbbbbbbbbbbb&zona=Zona%20Norte,121,0,0
1788744774076,121,GET Request,200,OK,Grupo GET Request 1-86,text,true,,984,221,9,9,http://localhost:3000/logistics/tenderos/productos-disponibles?tiendaId=bbbbbbbb-bbbb-4bbb-8bbb-bbbbbbbbbbbb&zona=Zona%20Norte,121,0,0
1788744774128,97,GET Request,200,OK,Grupo GET Request 1-92,text,true,,984,221,9,9,http://localhost:3000/logistics/tenderos/productos-disponibles?tiendaId=bbbbbbbb-bbbb-4bbb-8bbb-bbbbbbbbbbbb&zona=Zona%20Norte,97,0,0
1788744774141,92,GET Request,200,OK,Grupo GET Request 1-89,text,true,,984,221,9,9,http://localhost:3000/logistics/tenderos/productos-disponibles?tiendaId=bbbbbbbb-bbbb-4bbb-8bbb-bbbbbbbbbbbb&zona=Zona%20Norte,92,0,0
1788744774128,107,GET Request,200,OK,Grupo GET Request 1-88,text,true,,984,221,9,9,http://localhost:3000/logistics/tenderos/productos-disponibles?tiendaId=bbbbbbbb-bbbb-4bbb-8bbb-bbbbbbbbbbbb&zona=Zona%20Norte,107,0,0
1788744774131,109,GET Request,200,OK,Grupo GET Request 1-91,text,true,,984,221,8,8,http://localhost:3000/logistics/tenderos/productos-disponibles?tiendaId=bbbbbbbb-bbbb-4bbb-8bbb-bbbbbbbbbbbb&zona=Zona%20Norte,109,0,0
1788744774148,107,GET Request,200,OK,Grupo GET Request 1-85,text,true,,984,221,9,9,http://localhost:3000/logistics/tenderos/productos-disponibles?tiendaId=bbbbbbbb-bbbb-4bbb-8bbb-bbbbbbbbbbbb&zona=Zona%20Norte,106,0,0
1788744774154,101,GET Request,200,OK,Grupo GET Request 1-90,text,true,,984,221,8,8,http://localhost:3000/logistics/tenderos/productos-disponibles?tiendaId=bbbbbbbb-bbbb-4bbb-8bbb-bbbbbbbbbbbb&zona=Zona%20Norte,101,0,0
1788744774141,121,GET Request,200,OK,Grupo GET Request 1-93,text,true,,984,221,8,8,http://localhost:3000/logistics/tenderos/productos-disponibles?tiendaId=bbbbbbbb-bbbb-4bbb-8bbb-bbbbbbbbbbbb&zona=Zona%20Norte,121,0,1
1788744774170,120,GET Request,200,OK,Grupo GET Request 1-87,text,true,,984,221,8,8,http://localhost:3000/logistics/tenderos/productos-disponibles?tiendaId=bbbbbbbb-bbbb-4bbb-8bbb-bbbbbbbbbbbb&zona=Zona%20Norte,120,0,0
1788744774225,96,GET Request,200,OK,Grupo GET Request 1-92,text,true,,984,221,7,7,http://localhost:3000/logistics/tenderos/productos-disponibles?tiendaId=bbbbbbbb-bbbb-4bbb-8bbb-bbbbbbbbbbbb&zona=Zona%20Norte,96,0,0
1788744774198,124,GET Request,200,OK,Grupo GET Request 1-86,text,true,,984,221,7,7,http://localhost:3000/logistics/tenderos/productos-disponibles?tiendaId=bbbbbbbb-bbbb-4bbb-8bbb-bbbbbbbbbbbb&zona=Zona%20Norte,124,0,0
1788744774240,103,GET Request,200,OK,Grupo GET Request 1-91,text,true,,984,221,6,6,http://localhost:3000/logistics/tenderos/productos-disponibles?tiendaId=bbbbbbbb-bbbb-4bbb-8bbb-bbbbbbbbbbbb&zona=Zona%20Norte,103,0,0
1788744774262,83,GET Request,200,OK,Grupo GET Request 1-93,text,true,,984,221,6,6,http://localhost:3000/logistics/tenderos/productos-disponibles?tiendaId=bbbbbbbb-bbbb-4bbb-8bbb-bbbbbbbbbbbb&zona=Zona%20Norte,83,0,0
1788744774252,96,GET Request,200,OK,Grupo GET Request 1-94,text,true,,984,221,6,6,http://localhost:3000/logistics/tenderos/productos-disponibles?tiendaId=bbbbbbbb-bbbb-4bbb-8bbb-bbbbbbbbbbbb&zona=Zona%20Norte,96,0,2
1788744774233,115,GET Request,200,OK,Grupo GET Request 1-89,text,true,,984,221,6,6,http://localhost:3000/logistics/tenderos/productos-disponibles?tiendaId=bbbbbbbb-bbbb-4bbb-8bbb-bbbbbbbbbbbb&zona=Zona%20Norte,115,0,0
1788744774256,96,GET Request,200,OK,Grupo GET Request 1-90,text,true,,984,221,5,5,http://localhost:3000/logistics/tenderos/productos-disponibles?tiendaId=bbbbbbbb-bbbb-4bbb-8bbb-bbbbbbbbbbbb&zona=Zona%20Norte,96,0,0
1788744774321,77,GET Request,200,OK,Grupo GET Request 1-92,text,true,,984,221,6,6,http://localhost:3000/logistics/tenderos/productos-disponibles?tiendaId=bbbbbbbb-bbbb-4bbb-8bbb-bbbbbbbbbbbb&zona=Zona%20Norte,76,0,0
1788744774348,64,GET Request,200,OK,Grupo GET Request 1-94,text,true,,984,221,6,6,http://localhost:3000/logistics/tenderos/productos-disponibles?tiendaId=bbbbbbbb-bbbb-4bbb-8bbb-bbbbbbbbbbbb&zona=Zona%20Norte,64,0,0
1788744774343,70,GET Request,200,OK,Grupo GET Request 1-91,text,true,,984,221,6,6,http://localhost:3000/logistics/tenderos/productos-disponibles?tiendaId=bbbbbbbb-bbbb-4bbb-8bbb-bbbbbbbbbbbb&zona=Zona%20Norte,70,0,0
1788744774345,72,GET Request,200,OK,Grupo GET Request 1-93,text,true,,984,221,5,5,http://localhost:3000/logistics/tenderos/productos-disponibles?tiendaId=bbbbbbbb-bbbb-4bbb-8bbb-bbbbbbbbbbbb&zona=Zona%20Norte,72,0,0
1788744774353,72,GET Request,200,OK,Grupo GET Request 1-90,text,true,,984,221,5,5,http://localhost:3000/logistics/tenderos/productos-disponibles?tiendaId=bbbbbbbb-bbbb-4bbb-8bbb-bbbbbbbbbbbb&zona=Zona%20Norte,72,0,0
1788744774363,70,GET Request,200,OK,Grupo GET Request 1-95,text,true,,984,221,4,4,http://localhost:3000/logistics/tenderos/productos-disponibles?tiendaId=bbbbbbbb-bbbb-4bbb-8bbb-bbbbbbbbbbbb&zona=Zona%20Norte,70,0,0
1788744774413,64,GET Request,200,OK,Grupo GET Request 1-94,text,true,,984,221,5,5,http://localhost:3000/logistics/tenderos/productos-disponibles?tiendaId=bbbbbbbb-bbbb-4bbb-8bbb-bbbbbbbbbbbb&zona=Zona%20Norte,64,0,0
1788744774398,79,GET Request,200,OK,Grupo GET Request 1-92,text,true,,984,221,5,5,http://localhost:3000/logistics/tenderos/productos-disponibles?tiendaId=bbbbbbbb-bbbb-4bbb-8bbb-bbbbbbbbbbbb&zona=Zona%20Norte,79,0,0
1788744774417,72,GET Request,200,OK,Grupo GET Request 1-93,text,true,,984,221,4,4,http://localhost:3000/logistics/tenderos/productos-disponibles?tiendaId=bbbbbbbb-bbbb-4bbb-8bbb-bbbbbbbbbbbb&zona=Zona%20Norte,72,0,0
1788744774433,63,GET Request,200,OK,Grupo GET Request 1-95,text,true,,984,221,4,4,http://localhost:3000/logistics/tenderos/productos-disponibles?tiendaId=bbbbbbbb-bbbb-4bbb-8bbb-bbbbbbbbbbbb&zona=Zona%20Norte,63,0,0
1788744774472,72,GET Request,200,OK,Grupo GET Request 1-96,text,true,,984,221,4,4,http://localhost:3000/logistics/tenderos/productos-disponibles?tiendaId=bbbbbbbb-bbbb-4bbb-8bbb-bbbbbbbbbbbb&zona=Zona%20Norte,72,0,1
1788744774478,77,GET Request,200,OK,Grupo GET Request 1-94,text,true,,984,221,4,4,http://localhost:3000/logistics/tenderos/productos-disponibles?tiendaId=bbbbbbbb-bbbb-4bbb-8bbb-bbbbbbbbbbbb&zona=Zona%20Norte,77,0,0
1788744774497,64,GET Request,200,OK,Grupo GET Request 1-95,text,true,,984,221,4,4,http://localhost:3000/logistics/tenderos/productos-disponibles?tiendaId=bbbbbbbb-bbbb-4bbb-8bbb-bbbbbbbbbbbb&zona=Zona%20Norte,64,0,0
1788744774489,76,GET Request,200,OK,Grupo GET Request 1-93,text,true,,984,221,4,4,http://localhost:3000/logistics/tenderos/productos-disponibles?tiendaId=bbbbbbbb-bbbb-4bbb-8bbb-bbbbbbbbbbbb&zona=Zona%20Norte,76,0,0
1788744774545,55,GET Request,200,OK,Grupo GET Request 1-96,text,true,,984,221,4,4,http://localhost:3000/logistics/tenderos/productos-disponibles?tiendaId=bbbbbbbb-bbbb-4bbb-8bbb-bbbbbbbbbbbb&zona=Zona%20Norte,55,0,0
1788744774555,55,GET Request,200,OK,Grupo GET Request 1-94,text,true,,984,221,4,4,http://localhost:3000/logistics/tenderos/productos-disponibles?tiendaId=bbbbbbbb-bbbb-4bbb-8bbb-bbbbbbbbbbbb&zona=Zona%20Norte,55,0,0
1788744774561,56,GET Request,200,OK,Grupo GET Request 1-95,text,true,,984,221,3,3,http://localhost:3000/logistics/tenderos/productos-disponibles?tiendaId=bbbbbbbb-bbbb-4bbb-8bbb-bbbbbbbbbbbb&zona=Zona%20Norte,56,0,0
1788744774584,59,GET Request,200,OK,Grupo GET Request 1-97,text,true,,984,221,3,3,http://localhost:3000/logistics/tenderos/productos-disponibles?tiendaId=bbbbbbbb-bbbb-4bbb-8bbb-bbbbbbbbbbbb&zona=Zona%20Norte,59,0,1
1788744774600,63,GET Request,200,OK,Grupo GET Request 1-96,text,true,,984,221,3,3,http://localhost:3000/logistics/tenderos/productos-disponibles?tiendaId=bbbbbbbb-bbbb-4bbb-8bbb-bbbbbbbbbbbb&zona=Zona%20Norte,63,0,0
1788744774617,62,GET Request,200,OK,Grupo GET Request 1-95,text,true,,984,221,3,3,http://localhost:3000/logistics/tenderos/productos-disponibles?tiendaId=bbbbbbbb-bbbb-4bbb-8bbb-bbbbbbbbbbbb&zona=Zona%20Norte,62,0,0
1788744774643,61,GET Request,200,OK,Grupo GET Request 1-97,text,true,,984,221,3,3,http://localhost:3000/logistics/tenderos/productos-disponibles?tiendaId=bbbbbbbb-bbbb-4bbb-8bbb-bbbbbbbbbbbb&zona=Zona%20Norte,61,0,0
1788744774663,61,GET Request,200,OK,Grupo GET Request 1-96,text,true,,984,221,3,3,http://localhost:3000/logistics/tenderos/productos-disponibles?tiendaId=bbbbbbbb-bbbb-4bbb-8bbb-bbbbbbbbbbbb&zona=Zona%20Norte,61,0,0
1788744774695,66,GET Request,200,OK,Grupo GET Request 1-98,text,true,,984,221,3,3,http://localhost:3000/logistics/tenderos/productos-disponibles?tiendaId=bbbbbbbb-bbbb-4bbb-8bbb-bbbbbbbbbbbb&zona=Zona%20Norte,66,0,1
1788744774705,57,GET Request,200,OK,Grupo GET Request 1-97,text,true,,984,221,3,3,http://localhost:3000/logistics/tenderos/productos-disponibles?tiendaId=bbbbbbbb-bbbb-4bbb-8bbb-bbbbbbbbbbbb&zona=Zona%20Norte,57,0,0
1788744774724,66,GET Request,200,OK,Grupo GET Request 1-96,text,true,,984,221,3,3,http://localhost:3000/logistics/tenderos/productos-disponibles?tiendaId=bbbbbbbb-bbbb-4bbb-8bbb-bbbbbbbbbbbb&zona=Zona%20Norte,66,0,0
1788744774761,62,GET Request,200,OK,Grupo GET Request 1-98,text,true,,984,221,3,3,http://localhost:3000/logistics/tenderos/productos-disponibles?tiendaId=bbbbbbbb-bbbb-4bbb-8bbb-bbbbbbbbbbbb&zona=Zona%20Norte,62,0,0
1788744774762,62,GET Request,200,OK,Grupo GET Request 1-97,text,true,,984,221,3,3,http://localhost:3000/logistics/tenderos/productos-disponibles?tiendaId=bbbbbbbb-bbbb-4bbb-8bbb-bbbbbbbbbbbb&zona=Zona%20Norte,62,0,0
1788744774805,61,GET Request,200,OK,Grupo GET Request 1-99,text,true,,984,221,3,3,http://localhost:3000/logistics/tenderos/productos-disponibles?tiendaId=bbbbbbbb-bbbb-4bbb-8bbb-bbbbbbbbbbbb&zona=Zona%20Norte,61,0,0
1788744774824,59,GET Request,200,OK,Grupo GET Request 1-97,text,true,,984,221,3,3,http://localhost:3000/logistics/tenderos/productos-disponibles?tiendaId=bbbbbbbb-bbbb-4bbb-8bbb-bbbbbbbbbbbb&zona=Zona%20Norte,59,0,0
1788744774823,61,GET Request,200,OK,Grupo GET Request 1-98,text,true,,984,221,3,3,http://localhost:3000/logistics/tenderos/productos-disponibles?tiendaId=bbbbbbbb-bbbb-4bbb-8bbb-bbbbbbbbbbbb&zona=Zona%20Norte,61,0,0
1788744774866,69,GET Request,200,OK,Grupo GET Request 1-99,text,true,,984,221,3,3,http://localhost:3000/logistics/tenderos/productos-disponibles?tiendaId=bbbbbbbb-bbbb-4bbb-8bbb-bbbbbbbbbbbb&zona=Zona%20Norte,69,0,0
1788744774884,68,GET Request,200,OK,Grupo GET Request 1-98,text,true,,984,221,3,3,http://localhost:3000/logistics/tenderos/productos-disponibles?tiendaId=bbbbbbbb-bbbb-4bbb-8bbb-bbbbbbbbbbbb&zona=Zona%20Norte,68,0,0
1788744774916,63,GET Request,200,OK,Grupo GET Request 1-100,text,true,,984,221,3,3,http://localhost:3000/logistics/tenderos/productos-disponibles?tiendaId=bbbbbbbb-bbbb-4bbb-8bbb-bbbbbbbbbbbb&zona=Zona%20Norte,63,0,0
1788744774935,76,GET Request,200,OK,Grupo GET Request 1-99,text,true,,984,221,3,3,http://localhost:3000/logistics/tenderos/productos-disponibles?tiendaId=bbbbbbbb-bbbb-4bbb-8bbb-bbbbbbbbbbbb&zona=Zona%20Norte,76,0,0
1788744774953,60,GET Request,200,OK,Grupo GET Request 1-98,text,true,,984,221,3,3,http://localhost:3000/logistics/tenderos/productos-disponibles?tiendaId=bbbbbbbb-bbbb-4bbb-8bbb-bbbbbbbbbbbb&zona=Zona%20Norte,60,0,0
1788744774979,57,GET Request,200,OK,Grupo GET Request 1-100,text,true,,984,221,3,3,http://localhost:3000/logistics/tenderos/productos-disponibles?tiendaId=bbbbbbbb-bbbb-4bbb-8bbb-bbbbbbbbbbbb&zona=Zona%20Norte,57,0,0
1788744775011,65,GET Request,200,OK,Grupo GET Request 1-99,text,true,,984,221,3,3,http://localhost:3000/logistics/tenderos/productos-disponibles?tiendaId=bbbbbbbb-bbbb-4bbb-8bbb-bbbbbbbbbbbb&zona=Zona%20Norte,65,0,0
1788744775026,63,GET Request,200,OK,Grupo GET Request 1-101,text,true,,984,221,3,3,http://localhost:3000/logistics/tenderos/productos-disponibles?tiendaId=bbbbbbbb-bbbb-4bbb-8bbb-bbbbbbbbbbbb&zona=Zona%20Norte,63,0,1
1788744775036,59,GET Request,200,OK,Grupo GET Request 1-100,text,true,,984,221,3,3,http://localhost:3000/logistics/tenderos/productos-disponibles?tiendaId=bbbbbbbb-bbbb-4bbb-8bbb-bbbbbbbbbbbb&zona=Zona%20Norte,59,0,0
1788744775076,60,GET Request,200,OK,Grupo GET Request 1-99,text,true,,984,221,3,3,http://localhost:3000/logistics/tenderos/productos-disponibles?tiendaId=bbbbbbbb-bbbb-4bbb-8bbb-bbbbbbbbbbbb&zona=Zona%20Norte,60,0,0
1788744775090,61,GET Request,200,OK,Grupo GET Request 1-101,text,true,,984,221,3,3,http://localhost:3000/logistics/tenderos/productos-disponibles?tiendaId=bbbbbbbb-bbbb-4bbb-8bbb-bbbbbbbbbbbb&zona=Zona%20Norte,61,0,0
1788744775096,59,GET Request,200,OK,Grupo GET Request 1-100,text,true,,984,221,3,3,http://localhost:3000/logistics/tenderos/productos-disponibles?tiendaId=bbbbbbbb-bbbb-4bbb-8bbb-bbbbbbbbbbbb&zona=Zona%20Norte,59,0,0
1788744775151,56,GET Request,200,OK,Grupo GET Request 1-101,text,true,,984,221,3,3,http://localhost:3000/logistics/tenderos/productos-disponibles?tiendaId=bbbbbbbb-bbbb-4bbb-8bbb-bbbbbbbbbbbb&zona=Zona%20Norte,56,0,0
1788744775139,68,GET Request,200,OK,Grupo GET Request 1-102,text,true,,984,221,3,3,http://localhost:3000/logistics/tenderos/productos-disponibles?tiendaId=bbbbbbbb-bbbb-4bbb-8bbb-bbbbbbbbbbbb&zona=Zona%20Norte,68,0,1
1788744775155,56,GET Request,200,OK,Grupo GET Request 1-100,text,true,,984,221,3,3,http://localhost:3000/logistics/tenderos/productos-disponibles?tiendaId=bbbbbbbb-bbbb-4bbb-8bbb-bbbbbbbbbbbb&zona=Zona%20Norte,56,0,0
1788744775207,67,GET Request,200,OK,Grupo GET Request 1-102,text,true,,984,221,2,2,http://localhost:3000/logistics/tenderos/productos-disponibles?tiendaId=bbbbbbbb-bbbb-4bbb-8bbb-bbbbbbbbbbbb&zona=Zona%20Norte,67,0,0
1788744775207,67,GET Request,200,OK,Grupo GET Request 1-101,text,true,,984,221,2,2,http://localhost:3000/logistics/tenderos/productos-disponibles?tiendaId=bbbbbbbb-bbbb-4bbb-8bbb-bbbbbbbbbbbb&zona=Zona%20Norte,67,0,0
1788744775275,57,GET Request,200,OK,Grupo GET Request 1-103,text,true,,984,221,3,3,http://localhost:3000/logistics/tenderos/productos-disponibles?tiendaId=bbbbbbbb-bbbb-4bbb-8bbb-bbbbbbbbbbbb&zona=Zona%20Norte,57,0,0
1788744775274,59,GET Request,200,OK,Grupo GET Request 1-101,text,true,,984,221,3,3,http://localhost:3000/logistics/tenderos/productos-disponibles?tiendaId=bbbbbbbb-bbbb-4bbb-8bbb-bbbbbbbbbbbb&zona=Zona%20Norte,59,0,0
1788744775274,60,GET Request,200,OK,Grupo GET Request 1-102,text,true,,984,221,2,2,http://localhost:3000/logistics/tenderos/productos-disponibles?tiendaId=bbbbbbbb-bbbb-4bbb-8bbb-bbbbbbbbbbbb&zona=Zona%20Norte,60,0,0
1788744775334,60,GET Request,200,OK,Grupo GET Request 1-102,text,true,,984,221,3,3,http://localhost:3000/logistics/tenderos/productos-disponibles?tiendaId=bbbbbbbb-bbbb-4bbb-8bbb-bbbbbbbbbbbb&zona=Zona%20Norte,60,0,0
1788744775332,73,GET Request,200,OK,Grupo GET Request 1-103,text,true,,984,221,3,3,http://localhost:3000/logistics/tenderos/productos-disponibles?tiendaId=bbbbbbbb-bbbb-4bbb-8bbb-bbbbbbbbbbbb&zona=Zona%20Norte,73,0,0
1788744775367,71,GET Request,200,OK,Grupo GET Request 1-104,text,true,,984,221,3,3,http://localhost:3000/logistics/tenderos/productos-disponibles?tiendaId=bbbbbbbb-bbbb-4bbb-8bbb-bbbbbbbbbbbb&zona=Zona%20Norte,71,0,1
1788744775395,63,GET Request,200,OK,Grupo GET Request 1-102,text,true,,984,221,3,3,http://localhost:3000/logistics/tenderos/productos-disponibles?tiendaId=bbbbbbbb-bbbb-4bbb-8bbb-bbbbbbbbbbbb&zona=Zona%20Norte,63,0,0
1788744775406,56,GET Request,200,OK,Grupo GET Request 1-103,text,true,,984,221,2,2,http://localhost:3000/logistics/tenderos/productos-disponibles?tiendaId=bbbbbbbb-bbbb-4bbb-8bbb-bbbbbbbbbbbb&zona=Zona%20Norte,56,0,0
1788744775439,59,GET Request,200,OK,Grupo GET Request 1-104,text,true,,984,221,3,3,http://localhost:3000/logistics/tenderos/productos-disponibles?tiendaId=bbbbbbbb-bbbb-4bbb-8bbb-bbbbbbbbbbbb&zona=Zona%20Norte,59,0,0
1788744775463,58,GET Request,200,OK,Grupo GET Request 1-103,text,true,,984,221,3,3,http://localhost:3000/logistics/tenderos/productos-disponibles?tiendaId=bbbbbbbb-bbbb-4bbb-8bbb-bbbbbbbbbbbb&zona=Zona%20Norte,57,0,0
1788744775472,72,GET Request,200,OK,Grupo GET Request 1-105,text,true,,984,221,3,3,http://localhost:3000/logistics/tenderos/productos-disponibles?tiendaId=bbbbbbbb-bbbb-4bbb-8bbb-bbbbbbbbbbbb&zona=Zona%20Norte,72,0,1
1788744775498,60,GET Request,200,OK,Grupo GET Request 1-104,text,true,,984,221,3,3,http://localhost:3000/logistics/tenderos/productos-disponibles?tiendaId=bbbbbbbb-bbbb-4bbb-8bbb-bbbbbbbbbbbb&zona=Zona%20Norte,60,0,0
1788744775521,57,GET Request,200,OK,Grupo GET Request 1-103,text,true,,984,221,3,3,http://localhost:3000/logistics/tenderos/productos-disponibles?tiendaId=bbbbbbbb-bbbb-4bbb-8bbb-bbbbbbbbbbbb&zona=Zona%20Norte,57,0,0
1788744775545,60,GET Request,200,OK,Grupo GET Request 1-105,text,true,,984,221,3,3,http://localhost:3000/logistics/tenderos/productos-disponibles?tiendaId=bbbbbbbb-bbbb-4bbb-8bbb-bbbbbbbbbbbb&zona=Zona%20Norte,60,0,0
1788744775558,61,GET Request,200,OK,Grupo GET Request 1-104,text,true,,984,221,3,3,http://localhost:3000/logistics/tenderos/productos-disponibles?tiendaId=bbbbbbbb-bbbb-4bbb-8bbb-bbbbbbbbbbbb&zona=Zona%20Norte,60,0,0
1788744775582,65,GET Request,200,OK,Grupo GET Request 1-106,text,true,,984,221,3,3,http://localhost:3000/logistics/tenderos/productos-disponibles?tiendaId=bbbbbbbb-bbbb-4bbb-8bbb-bbbbbbbbbbbb&zona=Zona%20Norte,65,0,1
1788744775605,68,GET Request,200,OK,Grupo GET Request 1-105,text,true,,984,221,3,3,http://localhost:3000/logistics/tenderos/productos-disponibles?tiendaId=bbbbbbbb-bbbb-4bbb-8bbb-bbbbbbbbbbbb&zona=Zona%20Norte,68,0,0
1788744775619,57,GET Request,200,OK,Grupo GET Request 1-104,text,true,,984,221,3,3,http://localhost:3000/logistics/tenderos/productos-disponibles?tiendaId=bbbbbbbb-bbbb-4bbb-8bbb-bbbbbbbbbbbb&zona=Zona%20Norte,57,0,0
1788744775647,66,GET Request,200,OK,Grupo GET Request 1-106,text,true,,984,221,3,3,http://localhost:3000/logistics/tenderos/productos-disponibles?tiendaId=bbbbbbbb-bbbb-4bbb-8bbb-bbbbbbbbbbbb&zona=Zona%20Norte,66,0,0
1788744775673,60,GET Request,200,OK,Grupo GET Request 1-105,text,true,,984,221,3,3,http://localhost:3000/logistics/tenderos/productos-disponibles?tiendaId=bbbbbbbb-bbbb-4bbb-8bbb-bbbbbbbbbbbb&zona=Zona%20Norte,60,0,0
1788744775696,59,GET Request,200,OK,Grupo GET Request 1-107,text,true,,984,221,3,3,http://localhost:3000/logistics/tenderos/productos-disponibles?tiendaId=bbbbbbbb-bbbb-4bbb-8bbb-bbbbbbbbbbbb&zona=Zona%20Norte,59,0,1
1788744775713,56,GET Request,200,OK,Grupo GET Request 1-106,text,true,,984,221,3,3,http://localhost:3000/logistics/tenderos/productos-disponibles?tiendaId=bbbbbbbb-bbbb-4bbb-8bbb-bbbbbbbbbbbb&zona=Zona%20Norte,56,0,0
1788744775734,68,GET Request,200,OK,Grupo GET Request 1-105,text,true,,984,221,3,3,http://localhost:3000/logistics/tenderos/productos-disponibles?tiendaId=bbbbbbbb-bbbb-4bbb-8bbb-bbbbbbbbbbbb&zona=Zona%20Norte,68,0,0
1788744775755,56,GET Request,200,OK,Grupo GET Request 1-107,text,true,,984,221,3,3,http://localhost:3000/logistics/tenderos/productos-disponibles?tiendaId=bbbbbbbb-bbbb-4bbb-8bbb-bbbbbbbbbbbb&zona=Zona%20Norte,56,0,0
1788744775769,64,GET Request,200,OK,Grupo GET Request 1-106,text,true,,984,221,3,3,http://localhost:3000/logistics/tenderos/productos-disponibles?tiendaId=bbbbbbbb-bbbb-4bbb-8bbb-bbbbbbbbbbbb&zona=Zona%20Norte,64,0,0
1788744775806,59,GET Request,200,OK,Grupo GET Request 1-108,text,true,,984,221,3,3,http://localhost:3000/logistics/tenderos/productos-disponibles?tiendaId=bbbbbbbb-bbbb-4bbb-8bbb-bbbbbbbbbbbb&zona=Zona%20Norte,59,0,1
1788744775812,62,GET Request,200,OK,Grupo GET Request 1-107,text,true,,984,221,3,3,http://localhost:3000/logistics/tenderos/productos-disponibles?tiendaId=bbbbbbbb-bbbb-4bbb-8bbb-bbbbbbbbbbbb&zona=Zona%20Norte,62,0,0
1788744775834,58,GET Request,200,OK,Grupo GET Request 1-106,text,true,,984,221,3,3,http://localhost:3000/logistics/tenderos/productos-disponibles?tiendaId=bbbbbbbb-bbbb-4bbb-8bbb-bbbbbbbbbbbb&zona=Zona%20Norte,58,0,0
1788744775865,66,GET Request,200,OK,Grupo GET Request 1-108,text,true,,984,221,3,3,http://localhost:3000/logistics/tenderos/productos-disponibles?tiendaId=bbbbbbbb-bbbb-4bbb-8bbb-bbbbbbbbbbbb&zona=Zona%20Norte,66,0,0
1788744775874,57,GET Request,200,OK,Grupo GET Request 1-107,text,true,,984,221,3,3,http://localhost:3000/logistics/tenderos/productos-disponibles?tiendaId=bbbbbbbb-bbbb-4bbb-8bbb-bbbbbbbbbbbb&zona=Zona%20Norte,57,0,0
1788744775915,62,GET Request,200,OK,Grupo GET Request 1-109,text,true,,984,221,3,3,http://localhost:3000/logistics/tenderos/productos-disponibles?tiendaId=bbbbbbbb-bbbb-4bbb-8bbb-bbbbbbbbbbbb&zona=Zona%20Norte,62,0,1
1788744775931,58,GET Request,200,OK,Grupo GET Request 1-107,text,true,,984,221,3,3,http://localhost:3000/logistics/tenderos/productos-disponibles?tiendaId=bbbbbbbb-bbbb-4bbb-8bbb-bbbbbbbbbbbb&zona=Zona%20Norte,58,0,0
1788744775931,59,GET Request,200,OK,Grupo GET Request 1-108,text,true,,984,221,2,2,http://localhost:3000/logistics/tenderos/productos-disponibles?tiendaId=bbbbbbbb-bbbb-4bbb-8bbb-bbbbbbbbbbbb&zona=Zona%20Norte,59,0,0
1788744775978,59,GET Request,200,OK,Grupo GET Request 1-109,text,true,,984,221,3,3,http://localhost:3000/logistics/tenderos/productos-disponibles?tiendaId=bbbbbbbb-bbbb-4bbb-8bbb-bbbbbbbbbbbb&zona=Zona%20Norte,59,0,0
1788744775990,103,GET Request,200,OK,Grupo GET Request 1-108,text,true,,984,221,3,3,http://localhost:3000/logistics/tenderos/productos-disponibles?tiendaId=bbbbbbbb-bbbb-4bbb-8bbb-bbbbbbbbbbbb&zona=Zona%20Norte,103,0,0
1788744776037,110,GET Request,200,OK,Grupo GET Request 1-109,text,true,,984,221,4,4,http://localhost:3000/logistics/tenderos/productos-disponibles?tiendaId=bbbbbbbb-bbbb-4bbb-8bbb-bbbbbbbbbbbb&zona=Zona%20Norte,110,0,0
1788744776027,126,GET Request,200,OK,Grupo GET Request 1-110,text,true,,984,221,4,4,http://localhost:3000/logistics/tenderos/productos-disponibles?tiendaId=bbbbbbbb-bbbb-4bbb-8bbb-bbbbbbbbbbbb&zona=Zona%20Norte,126,0,1
1788744776093,75,GET Request,200,OK,Grupo GET Request 1-108,text,true,,984,221,4,4,http://localhost:3000/logistics/tenderos/productos-disponibles?tiendaId=bbbbbbbb-bbbb-4bbb-8bbb-bbbbbbbbbbbb&zona=Zona%20Norte,75,0,0
1788744776147,73,GET Request,200,OK,Grupo GET Request 1-109,text,true,,984,221,3,3,http://localhost:3000/logistics/tenderos/productos-disponibles?tiendaId=bbbbbbbb-bbbb-4bbb-8bbb-bbbbbbbbbbbb&zona=Zona%20Norte,73,0,0
1788744776137,90,GET Request,200,OK,Grupo GET Request 1-111,text,true,,984,221,3,3,http://localhost:3000/logistics/tenderos/productos-disponibles?tiendaId=bbbbbbbb-bbbb-4bbb-8bbb-bbbbbbbbbbbb&zona=Zona%20Norte,90,0,1
1788744776154,85,GET Request,200,OK,Grupo GET Request 1-110,text,true,,984,221,3,3,http://localhost:3000/logistics/tenderos/productos-disponibles?tiendaId=bbbbbbbb-bbbb-4bbb-8bbb-bbbbbbbbbbbb&zona=Zona%20Norte,85,0,0
1788744776220,81,GET Request,200,OK,Grupo GET Request 1-109,text,true,,984,221,4,4,http://localhost:3000/logistics/tenderos/productos-disponibles?tiendaId=bbbbbbbb-bbbb-4bbb-8bbb-bbbbbbbbbbbb&zona=Zona%20Norte,81,0,0
1788744776227,74,GET Request,200,OK,Grupo GET Request 1-111,text,true,,984,221,4,4,http://localhost:3000/logistics/tenderos/productos-disponibles?tiendaId=bbbbbbbb-bbbb-4bbb-8bbb-bbbbbbbbbbbb&zona=Zona%20Norte,74,0,0
1788744776249,61,GET Request,200,OK,Grupo GET Request 1-112,text,true,,984,221,3,3,http://localhost:3000/logistics/tenderos/productos-disponibles?tiendaId=bbbbbbbb-bbbb-4bbb-8bbb-bbbbbbbbbbbb&zona=Zona%20Norte,61,0,1
1788744776239,85,GET Request,200,OK,Grupo GET Request 1-110,text,true,,984,221,3,3,http://localhost:3000/logistics/tenderos/productos-disponibles?tiendaId=bbbbbbbb-bbbb-4bbb-8bbb-bbbbbbbbbbbb&zona=Zona%20Norte,84,0,0
1788744776302,61,GET Request,200,OK,Grupo GET Request 1-111,text,true,,984,221,4,4,http://localhost:3000/logistics/tenderos/productos-disponibles?tiendaId=bbbbbbbb-bbbb-4bbb-8bbb-bbbbbbbbbbbb&zona=Zona%20Norte,61,0,0
1788744776311,58,GET Request,200,OK,Grupo GET Request 1-112,text,true,,984,221,4,4,http://localhost:3000/logistics/tenderos/productos-disponibles?tiendaId=bbbbbbbb-bbbb-4bbb-8bbb-bbbbbbbbbbbb&zona=Zona%20Norte,58,0,0
1788744776324,63,GET Request,200,OK,Grupo GET Request 1-110,text,true,,984,221,4,4,http://localhost:3000/logistics/tenderos/productos-disponibles?tiendaId=bbbbbbbb-bbbb-4bbb-8bbb-bbbbbbbbbbbb&zona=Zona%20Norte,63,0,0
1788744776359,56,GET Request,200,OK,Grupo GET Request 1-113,text,true,,984,221,4,4,http://localhost:3000/logistics/tenderos/productos-disponibles?tiendaId=bbbbbbbb-bbbb-4bbb-8bbb-bbbbbbbbbbbb&zona=Zona%20Norte,56,0,0
1788744776369,54,GET Request,200,OK,Grupo GET Request 1-112,text,true,,984,221,4,4,http://localhost:3000/logistics/tenderos/productos-disponibles?tiendaId=bbbbbbbb-bbbb-4bbb-8bbb-bbbbbbbbbbbb&zona=Zona%20Norte,54,0,0
1788744776364,66,GET Request,200,OK,Grupo GET Request 1-111,text,true,,984,221,4,4,http://localhost:3000/logistics/tenderos/productos-disponibles?tiendaId=bbbbbbbb-bbbb-4bbb-8bbb-bbbbbbbbbbbb&zona=Zona%20Norte,66,0,0
1788744776387,57,GET Request,200,OK,Grupo GET Request 1-110,text,true,,984,221,4,4,http://localhost:3000/logistics/tenderos/productos-disponibles?tiendaId=bbbbbbbb-bbbb-4bbb-8bbb-bbbbbbbbbbbb&zona=Zona%20Norte,57,0,0
1788744776415,59,GET Request,200,OK,Grupo GET Request 1-113,text,true,,984,221,4,4,http://localhost:3000/logistics/tenderos/productos-disponibles?tiendaId=bbbbbbbb-bbbb-4bbb-8bbb-bbbbbbbbbbbb&zona=Zona%20Norte,59,0,0
1788744776424,59,GET Request,200,OK,Grupo GET Request 1-112,text,true,,984,221,4,4,http://localhost:3000/logistics/tenderos/productos-disponibles?tiendaId=bbbbbbbb-bbbb-4bbb-8bbb-bbbbbbbbbbbb&zona=Zona%20Norte,59,0,0
1788744776431,68,GET Request,200,OK,Grupo GET Request 1-111,text,true,,984,221,4,4,http://localhost:3000/logistics/tenderos/productos-disponibles?tiendaId=bbbbbbbb-bbbb-4bbb-8bbb-bbbbbbbbbbbb&zona=Zona%20Norte,68,0,0
1788744776470,59,GET Request,200,OK,Grupo GET Request 1-114,text,true,,984,221,3,3,http://localhost:3000/logistics/tenderos/productos-disponibles?tiendaId=bbbbbbbb-bbbb-4bbb-8bbb-bbbbbbbbbbbb&zona=Zona%20Norte,59,0,1
1788744776475,57,GET Request,200,OK,Grupo GET Request 1-113,text,true,,984,221,3,3,http://localhost:3000/logistics/tenderos/productos-disponibles?tiendaId=bbbbbbbb-bbbb-4bbb-8bbb-bbbbbbbbbbbb&zona=Zona%20Norte,57,0,0
1788744776484,64,GET Request,200,OK,Grupo GET Request 1-112,text,true,,984,221,3,3,http://localhost:3000/logistics/tenderos/productos-disponibles?tiendaId=bbbbbbbb-bbbb-4bbb-8bbb-bbbbbbbbbbbb&zona=Zona%20Norte,64,0,0
1788744776532,59,GET Request,200,OK,Grupo GET Request 1-113,text,true,,984,221,3,3,http://localhost:3000/logistics/tenderos/productos-disponibles?tiendaId=bbbbbbbb-bbbb-4bbb-8bbb-bbbbbbbbbbbb&zona=Zona%20Norte,59,0,0
1788744776529,62,GET Request,200,OK,Grupo GET Request 1-114,text,true,,984,221,3,3,http://localhost:3000/logistics/tenderos/productos-disponibles?tiendaId=bbbbbbbb-bbbb-4bbb-8bbb-bbbbbbbbbbbb&zona=Zona%20Norte,62,0,0
1788744776579,56,GET Request,200,OK,Grupo GET Request 1-115,text,true,,984,221,3,3,http://localhost:3000/logistics/tenderos/productos-disponibles?tiendaId=bbbbbbbb-bbbb-4bbb-8bbb-bbbbbbbbbbbb&zona=Zona%20Norte,56,0,1
1788744776591,56,GET Request,200,OK,Grupo GET Request 1-114,text,true,,984,221,3,3,http://localhost:3000/logistics/tenderos/productos-disponibles?tiendaId=bbbbbbbb-bbbb-4bbb-8bbb-bbbbbbbbbbbb&zona=Zona%20Norte,56,0,0
1788744776591,56,GET Request,200,OK,Grupo GET Request 1-113,text,true,,984,221,3,3,http://localhost:3000/logistics/tenderos/productos-disponibles?tiendaId=bbbbbbbb-bbbb-4bbb-8bbb-bbbbbbbbbbbb&zona=Zona%20Norte,56,0,0
1788744776635,60,GET Request,200,OK,Grupo GET Request 1-115,text,true,,984,221,3,3,http://localhost:3000/logistics/tenderos/productos-disponibles?tiendaId=bbbbbbbb-bbbb-4bbb-8bbb-bbbbbbbbbbbb&zona=Zona%20Norte,60,0,0
1788744776647,73,GET Request,200,OK,Grupo GET Request 1-114,text,true,,984,221,3,3,http://localhost:3000/logistics/tenderos/productos-disponibles?tiendaId=bbbbbbbb-bbbb-4bbb-8bbb-bbbbbbbbbbbb&zona=Zona%20Norte,73,0,0
1788744776695,60,GET Request,200,OK,Grupo GET Request 1-115,text,true,,984,221,3,3,http://localhost:3000/logistics/tenderos/productos-disponibles?tiendaId=bbbbbbbb-bbbb-4bbb-8bbb-bbbbbbbbbbbb&zona=Zona%20Norte,60,0,0
1788744776694,63,GET Request,200,OK,Grupo GET Request 1-116,text,true,,984,221,3,3,http://localhost:3000/logistics/tenderos/productos-disponibles?tiendaId=bbbbbbbb-bbbb-4bbb-8bbb-bbbbbbbbbbbb&zona=Zona%20Norte,63,0,0
1788744776720,68,GET Request,200,OK,Grupo GET Request 1-114,text,true,,984,221,3,3,http://localhost:3000/logistics/tenderos/productos-disponibles?tiendaId=bbbbbbbb-bbbb-4bbb-8bbb-bbbbbbbbbbbb&zona=Zona%20Norte,68,0,0
1788744776756,60,GET Request,200,OK,Grupo GET Request 1-115,text,true,,984,221,3,3,http://localhost:3000/logistics/tenderos/productos-disponibles?tiendaId=bbbbbbbb-bbbb-4bbb-8bbb-bbbbbbbbbbbb&zona=Zona%20Norte,60,0,0
1788744776758,59,GET Request,200,OK,Grupo GET Request 1-116,text,true,,984,221,3,3,http://localhost:3000/logistics/tenderos/productos-disponibles?tiendaId=bbbbbbbb-bbbb-4bbb-8bbb-bbbbbbbbbbbb&zona=Zona%20Norte,59,0,0
1788744776817,57,GET Request,200,OK,Grupo GET Request 1-116,text,true,,984,221,3,3,http://localhost:3000/logistics/tenderos/productos-disponibles?tiendaId=bbbbbbbb-bbbb-4bbb-8bbb-bbbbbbbbbbbb&zona=Zona%20Norte,57,0,0
1788744776804,71,GET Request,200,OK,Grupo GET Request 1-117,text,true,,984,221,3,3,http://localhost:3000/logistics/tenderos/productos-disponibles?tiendaId=bbbbbbbb-bbbb-4bbb-8bbb-bbbbbbbbbbbb&zona=Zona%20Norte,71,0,1
1788744776816,65,GET Request,200,OK,Grupo GET Request 1-115,text,true,,984,221,3,3,http://localhost:3000/logistics/tenderos/productos-disponibles?tiendaId=bbbbbbbb-bbbb-4bbb-8bbb-bbbbbbbbbbbb&zona=Zona%20Norte,65,0,0
1788744776875,66,GET Request,200,OK,Grupo GET Request 1-117,text,true,,984,221,3,3,http://localhost:3000/logistics/tenderos/productos-disponibles?tiendaId=bbbbbbbb-bbbb-4bbb-8bbb-bbbbbbbbbbbb&zona=Zona%20Norte,66,0,0
1788744776875,67,GET Request,200,OK,Grupo GET Request 1-116,text,true,,984,221,3,3,http://localhost:3000/logistics/tenderos/productos-disponibles?tiendaId=bbbbbbbb-bbbb-4bbb-8bbb-bbbbbbbbbbbb&zona=Zona%20Norte,67,0,0
1788744776918,65,GET Request,200,OK,Grupo GET Request 1-118,text,true,,984,221,3,3,http://localhost:3000/logistics/tenderos/productos-disponibles?tiendaId=bbbbbbbb-bbbb-4bbb-8bbb-bbbbbbbbbbbb&zona=Zona%20Norte,65,0,1
1788744776942,59,GET Request,200,OK,Grupo GET Request 1-116,text,true,,984,221,3,3,http://localhost:3000/logistics/tenderos/productos-disponibles?tiendaId=bbbbbbbb-bbbb-4bbb-8bbb-bbbbbbbbbbbb&zona=Zona%20Norte,59,0,0
1788744776942,59,GET Request,200,OK,Grupo GET Request 1-117,text,true,,984,221,3,3,http://localhost:3000/logistics/tenderos/productos-disponibles?tiendaId=bbbbbbbb-bbbb-4bbb-8bbb-bbbbbbbbbbbb&zona=Zona%20Norte,59,0,0
1788744776983,60,GET Request,200,OK,Grupo GET Request 1-118,text,true,,984,221,3,3,http://localhost:3000/logistics/tenderos/productos-disponibles?tiendaId=bbbbbbbb-bbbb-4bbb-8bbb-bbbbbbbbbbbb&zona=Zona%20Norte,60,0,0
1788744777002,64,GET Request,200,OK,Grupo GET Request 1-117,text,true,,984,221,3,3,http://localhost:3000/logistics/tenderos/productos-disponibles?tiendaId=bbbbbbbb-bbbb-4bbb-8bbb-bbbbbbbbbbbb&zona=Zona%20Norte,64,0,0
1788744777024,61,GET Request,200,OK,Grupo GET Request 1-119,text,true,,984,221,3,3,http://localhost:3000/logistics/tenderos/productos-disponibles?tiendaId=bbbbbbbb-bbbb-4bbb-8bbb-bbbbbbbbbbbb&zona=Zona%20Norte,61,0,0
1788744777044,66,GET Request,200,OK,Grupo GET Request 1-118,text,true,,984,221,3,3,http://localhost:3000/logistics/tenderos/productos-disponibles?tiendaId=bbbbbbbb-bbbb-4bbb-8bbb-bbbbbbbbbbbb&zona=Zona%20Norte,66,0,0
1788744777066,68,GET Request,200,OK,Grupo GET Request 1-117,text,true,,984,221,3,3,http://localhost:3000/logistics/tenderos/productos-disponibles?tiendaId=bbbbbbbb-bbbb-4bbb-8bbb-bbbbbbbbbbbb&zona=Zona%20Norte,68,0,0
1788744777086,67,GET Request,200,OK,Grupo GET Request 1-119,text,true,,984,221,3,3,http://localhost:3000/logistics/tenderos/productos-disponibles?tiendaId=bbbbbbbb-bbbb-4bbb-8bbb-bbbbbbbbbbbb&zona=Zona%20Norte,67,0,0
1788744777111,62,GET Request,200,OK,Grupo GET Request 1-118,text,true,,984,221,3,3,http://localhost:3000/logistics/tenderos/productos-disponibles?tiendaId=bbbbbbbb-bbbb-4bbb-8bbb-bbbbbbbbbbbb&zona=Zona%20Norte,62,0,0
1788744777137,64,GET Request,200,OK,Grupo GET Request 1-120,text,true,,984,221,3,3,http://localhost:3000/logistics/tenderos/productos-disponibles?tiendaId=bbbbbbbb-bbbb-4bbb-8bbb-bbbbbbbbbbbb&zona=Zona%20Norte,64,0,1
1788744777154,61,GET Request,200,OK,Grupo GET Request 1-119,text,true,,984,221,3,3,http://localhost:3000/logistics/tenderos/productos-disponibles?tiendaId=bbbbbbbb-bbbb-4bbb-8bbb-bbbbbbbbbbbb&zona=Zona%20Norte,61,0,0
1788744777173,63,GET Request,200,OK,Grupo GET Request 1-118,text,true,,984,221,3,3,http://localhost:3000/logistics/tenderos/productos-disponibles?tiendaId=bbbbbbbb-bbbb-4bbb-8bbb-bbbbbbbbbbbb&zona=Zona%20Norte,63,0,0
1788744777215,57,GET Request,200,OK,Grupo GET Request 1-119,text,true,,984,221,3,3,http://localhost:3000/logistics/tenderos/productos-disponibles?tiendaId=bbbbbbbb-bbbb-4bbb-8bbb-bbbbbbbbbbbb&zona=Zona%20Norte,57,0,0
1788744777201,80,GET Request,200,OK,Grupo GET Request 1-120,text,true,,984,221,3,3,http://localhost:3000/logistics/tenderos/productos-disponibles?tiendaId=bbbbbbbb-bbbb-4bbb-8bbb-bbbbbbbbbbbb&zona=Zona%20Norte,80,0,0
1788744777248,67,GET Request,200,OK,Grupo GET Request 1-121,text,true,,984,221,3,3,http://localhost:3000/logistics/tenderos/productos-disponibles?tiendaId=bbbbbbbb-bbbb-4bbb-8bbb-bbbbbbbbbbbb&zona=Zona%20Norte,66,0,1
1788744777272,61,GET Request,200,OK,Grupo GET Request 1-119,text,true,,984,221,3,3,http://localhost:3000/logistics/tenderos/productos-disponibles?tiendaId=bbbbbbbb-bbbb-4bbb-8bbb-bbbbbbbbbbbb&zona=Zona%20Norte,61,0,0
1788744777281,71,GET Request,200,OK,Grupo GET Request 1-120,text,true,,984,221,2,2,http://localhost:3000/logistics/tenderos/productos-disponibles?tiendaId=bbbbbbbb-bbbb-4bbb-8bbb-bbbbbbbbbbbb&zona=Zona%20Norte,71,0,0
1788744777315,88,GET Request,200,OK,Grupo GET Request 1-121,text,true,,984,221,3,3,http://localhost:3000/logistics/tenderos/productos-disponibles?tiendaId=bbbbbbbb-bbbb-4bbb-8bbb-bbbbbbbbbbbb&zona=Zona%20Norte,88,0,0
1788744777352,93,GET Request,200,OK,Grupo GET Request 1-120,text,true,,984,221,3,3,http://localhost:3000/logistics/tenderos/productos-disponibles?tiendaId=bbbbbbbb-bbbb-4bbb-8bbb-bbbbbbbbbbbb&zona=Zona%20Norte,92,0,0
1788744777361,89,GET Request,200,OK,Grupo GET Request 1-122,text,true,,984,221,3,3,http://localhost:3000/logistics/tenderos/productos-disponibles?tiendaId=bbbbbbbb-bbbb-4bbb-8bbb-bbbbbbbbbbbb&zona=Zona%20Norte,89,0,1
1788744777403,99,GET Request,200,OK,Grupo GET Request 1-121,text,true,,984,221,4,4,http://localhost:3000/logistics/tenderos/productos-disponibles?tiendaId=bbbbbbbb-bbbb-4bbb-8bbb-bbbbbbbbbbbb&zona=Zona%20Norte,99,0,0
1788744777445,96,GET Request,200,OK,Grupo GET Request 1-120,text,true,,984,221,4,4,http://localhost:3000/logistics/tenderos/productos-disponibles?tiendaId=bbbbbbbb-bbbb-4bbb-8bbb-bbbbbbbbbbbb&zona=Zona%20Norte,96,0,0
1788744777450,101,GET Request,200,OK,Grupo GET Request 1-122,text,true,,984,221,3,3,http://localhost:3000/logistics/tenderos/productos-disponibles?tiendaId=bbbbbbbb-bbbb-4bbb-8bbb-bbbbbbbbbbbb&zona=Zona%20Norte,101,0,0
1788744777471,88,GET Request,200,OK,Grupo GET Request 1-123,text,true,,984,221,3,3,http://localhost:3000/logistics/tenderos/productos-disponibles?tiendaId=bbbbbbbb-bbbb-4bbb-8bbb-bbbbbbbbbbbb&zona=Zona%20Norte,88,0,1
1788744777502,84,GET Request,200,OK,Grupo GET Request 1-121,text,true,,984,221,4,4,http://localhost:3000/logistics/tenderos/productos-disponibles?tiendaId=bbbbbbbb-bbbb-4bbb-8bbb-bbbbbbbbbbbb&zona=Zona%20Norte,84,0,0
1788744777551,67,GET Request,200,OK,Grupo GET Request 1-122,text,true,,984,221,4,4,http://localhost:3000/logistics/tenderos/productos-disponibles?tiendaId=bbbbbbbb-bbbb-4bbb-8bbb-bbbbbbbbbbbb&zona=Zona%20Norte,66,0,0
1788744777560,66,GET Request,200,OK,Grupo GET Request 1-123,text,true,,984,221,4,4,http://localhost:3000/logistics/tenderos/productos-disponibles?tiendaId=bbbbbbbb-bbbb-4bbb-8bbb-bbbbbbbbbbbb&zona=Zona%20Norte,66,0,0
1788744777585,94,GET Request,200,OK,Grupo GET Request 1-124,text,true,,984,221,4,4,http://localhost:3000/logistics/tenderos/productos-disponibles?tiendaId=bbbbbbbb-bbbb-4bbb-8bbb-bbbbbbbbbbbb&zona=Zona%20Norte,94,0,3
1788744777586,93,GET Request,200,OK,Grupo GET Request 1-121,text,true,,984,221,4,4,http://localhost:3000/logistics/tenderos/productos-disponibles?tiendaId=bbbbbbbb-bbbb-4bbb-8bbb-bbbbbbbbbbbb&zona=Zona%20Norte,93,0,0
1788744777618,74,GET Request,200,OK,Grupo GET Request 1-122,text,true,,984,221,4,4,http://localhost:3000/logistics/tenderos/productos-disponibles?tiendaId=bbbbbbbb-bbbb-4bbb-8bbb-bbbbbbbbbbbb&zona=Zona%20Norte,74,0,0
1788744777627,85,GET Request,200,OK,Grupo GET Request 1-123,text,true,,984,221,4,4,http://localhost:3000/logistics/tenderos/productos-disponibles?tiendaId=bbbbbbbb-bbbb-4bbb-8bbb-bbbbbbbbbbbb&zona=Zona%20Norte,85,0,0
1788744777679,66,GET Request,200,OK,Grupo GET Request 1-124,text,true,,984,221,4,4,http://localhost:3000/logistics/tenderos/productos-disponibles?tiendaId=bbbbbbbb-bbbb-4bbb-8bbb-bbbbbbbbbbbb&zona=Zona%20Norte,66,0,0
1788744777693,58,GET Request,200,OK,Grupo GET Request 1-125,text,true,,984,221,4,4,http://localhost:3000/logistics/tenderos/productos-disponibles?tiendaId=bbbbbbbb-bbbb-4bbb-8bbb-bbbbbbbbbbbb&zona=Zona%20Norte,58,0,0
1788744777692,61,GET Request,200,OK,Grupo GET Request 1-122,text,true,,984,221,4,4,http://localhost:3000/logistics/tenderos/productos-disponibles?tiendaId=bbbbbbbb-bbbb-4bbb-8bbb-bbbbbbbbbbbb&zona=Zona%20Norte,61,0,0
1788744777712,57,GET Request,200,OK,Grupo GET Request 1-123,text,true,,984,221,3,3,http://localhost:3000/logistics/tenderos/productos-disponibles?tiendaId=bbbbbbbb-bbbb-4bbb-8bbb-bbbbbbbbbbbb&zona=Zona%20Norte,57,0,0
1788744777745,56,GET Request,200,OK,Grupo GET Request 1-124,text,true,,984,221,3,3,http://localhost:3000/logistics/tenderos/productos-disponibles?tiendaId=bbbbbbbb-bbbb-4bbb-8bbb-bbbbbbbbbbbb&zona=Zona%20Norte,56,0,0
1788744777751,65,GET Request,200,OK,Grupo GET Request 1-125,text,true,,984,221,4,4,http://localhost:3000/logistics/tenderos/productos-disponibles?tiendaId=bbbbbbbb-bbbb-4bbb-8bbb-bbbbbbbbbbbb&zona=Zona%20Norte,65,0,0
1788744777769,55,GET Request,200,OK,Grupo GET Request 1-123,text,true,,984,221,4,4,http://localhost:3000/logistics/tenderos/productos-disponibles?tiendaId=bbbbbbbb-bbbb-4bbb-8bbb-bbbbbbbbbbbb&zona=Zona%20Norte,55,0,0
1788744777802,59,GET Request,200,OK,Grupo GET Request 1-124,text,true,,984,221,3,3,http://localhost:3000/logistics/tenderos/productos-disponibles?tiendaId=bbbbbbbb-bbbb-4bbb-8bbb-bbbbbbbbbbbb&zona=Zona%20Norte,59,0,0
1788744777803,66,GET Request,200,OK,Grupo GET Request 1-126,text,true,,984,221,3,3,http://localhost:3000/logistics/tenderos/productos-disponibles?tiendaId=bbbbbbbb-bbbb-4bbb-8bbb-bbbbbbbbbbbb&zona=Zona%20Norte,66,0,1
1788744777816,58,GET Request,200,OK,Grupo GET Request 1-125,text,true,,984,221,3,3,http://localhost:3000/logistics/tenderos/productos-disponibles?tiendaId=bbbbbbbb-bbbb-4bbb-8bbb-bbbbbbbbbbbb&zona=Zona%20Norte,58,0,0
1788744777862,57,GET Request,200,OK,Grupo GET Request 1-124,text,true,,984,221,4,4,http://localhost:3000/logistics/tenderos/productos-disponibles?tiendaId=bbbbbbbb-bbbb-4bbb-8bbb-bbbbbbbbbbbb&zona=Zona%20Norte,57,0,0
1788744777869,61,GET Request,200,OK,Grupo GET Request 1-126,text,true,,984,221,3,3,http://localhost:3000/logistics/tenderos/productos-disponibles?tiendaId=bbbbbbbb-bbbb-4bbb-8bbb-bbbbbbbbbbbb&zona=Zona%20Norte,61,0,0
1788744777874,66,GET Request,200,OK,Grupo GET Request 1-125,text,true,,984,221,3,3,http://localhost:3000/logistics/tenderos/productos-disponibles?tiendaId=bbbbbbbb-bbbb-4bbb-8bbb-bbbbbbbbbbbb&zona=Zona%20Norte,66,0,0
1788744777915,59,GET Request,200,OK,Grupo GET Request 1-127,text,true,,984,221,3,3,http://localhost:3000/logistics/tenderos/productos-disponibles?tiendaId=bbbbbbbb-bbbb-4bbb-8bbb-bbbbbbbbbbbb&zona=Zona%20Norte,59,0,0
1788744777931,62,GET Request,200,OK,Grupo GET Request 1-126,text,true,,984,221,3,3,http://localhost:3000/logistics/tenderos/productos-disponibles?tiendaId=bbbbbbbb-bbbb-4bbb-8bbb-bbbbbbbbbbbb&zona=Zona%20Norte,62,0,0
1788744777940,60,GET Request,200,OK,Grupo GET Request 1-125,text,true,,984,221,3,3,http://localhost:3000/logistics/tenderos/productos-disponibles?tiendaId=bbbbbbbb-bbbb-4bbb-8bbb-bbbbbbbbbbbb&zona=Zona%20Norte,60,0,0
1788744777974,56,GET Request,200,OK,Grupo GET Request 1-127,text,true,,984,221,3,3,http://localhost:3000/logistics/tenderos/productos-disponibles?tiendaId=bbbbbbbb-bbbb-4bbb-8bbb-bbbbbbbbbbbb&zona=Zona%20Norte,56,0,0
1788744777993,62,GET Request,200,OK,Grupo GET Request 1-126,text,true,,984,221,3,3,http://localhost:3000/logistics/tenderos/productos-disponibles?tiendaId=bbbbbbbb-bbbb-4bbb-8bbb-bbbbbbbbbbbb&zona=Zona%20Norte,62,0,0
1788744778026,57,GET Request,200,OK,Grupo GET Request 1-128,text,true,,984,221,3,3,http://localhost:3000/logistics/tenderos/productos-disponibles?tiendaId=bbbbbbbb-bbbb-4bbb-8bbb-bbbbbbbbbbbb&zona=Zona%20Norte,57,0,1
1788744778030,55,GET Request,200,OK,Grupo GET Request 1-127,text,true,,984,221,3,3,http://localhost:3000/logistics/tenderos/productos-disponibles?tiendaId=bbbbbbbb-bbbb-4bbb-8bbb-bbbbbbbbbbbb&zona=Zona%20Norte,55,0,0
1788744778055,56,GET Request,200,OK,Grupo GET Request 1-126,text,true,,984,221,3,3,http://localhost:3000/logistics/tenderos/productos-disponibles?tiendaId=bbbbbbbb-bbbb-4bbb-8bbb-bbbbbbbbbbbb&zona=Zona%20Norte,56,0,0
1788744778085,53,GET Request,200,OK,Grupo GET Request 1-127,text,true,,984,221,3,3,http://localhost:3000/logistics/tenderos/productos-disponibles?tiendaId=bbbbbbbb-bbbb-4bbb-8bbb-bbbbbbbbbbbb&zona=Zona%20Norte,53,0,0
1788744778084,64,GET Request,200,OK,Grupo GET Request 1-128,text,true,,984,221,3,3,http://localhost:3000/logistics/tenderos/productos-disponibles?tiendaId=bbbbbbbb-bbbb-4bbb-8bbb-bbbbbbbbbbbb&zona=Zona%20Norte,64,0,0
1788744778137,58,GET Request,200,OK,Grupo GET Request 1-129,text,true,,984,221,3,3,http://localhost:3000/logistics/tenderos/productos-disponibles?tiendaId=bbbbbbbb-bbbb-4bbb-8bbb-bbbbbbbbbbbb&zona=Zona%20Norte,58,0,1
1788744778138,60,GET Request,200,OK,Grupo GET Request 1-127,text,true,,984,221,3,3,http://localhost:3000/logistics/tenderos/productos-disponibles?tiendaId=bbbbbbbb-bbbb-4bbb-8bbb-bbbbbbbbbbbb&zona=Zona%20Norte,60,0,0
1788744778148,55,GET Request,200,OK,Grupo GET Request 1-128,text,true,,984,221,2,2,http://localhost:3000/logistics/tenderos/productos-disponibles?tiendaId=bbbbbbbb-bbbb-4bbb-8bbb-bbbbbbbbbbbb&zona=Zona%20Norte,55,0,0
1788744778195,64,GET Request,200,OK,Grupo GET Request 1-129,text,true,,984,221,3,3,http://localhost:3000/logistics/tenderos/productos-disponibles?tiendaId=bbbbbbbb-bbbb-4bbb-8bbb-bbbbbbbbbbbb&zona=Zona%20Norte,64,0,0
1788744778204,60,GET Request,200,OK,Grupo GET Request 1-128,text,true,,984,221,3,3,http://localhost:3000/logistics/tenderos/productos-disponibles?tiendaId=bbbbbbbb-bbbb-4bbb-8bbb-bbbbbbbbbbbb&zona=Zona%20Norte,60,0,0
1788744778245,54,GET Request,200,OK,Grupo GET Request 1-130,text,true,,984,221,3,3,http://localhost:3000/logistics/tenderos/productos-disponibles?tiendaId=bbbbbbbb-bbbb-4bbb-8bbb-bbbbbbbbbbbb&zona=Zona%20Norte,54,0,0
1788744778259,56,GET Request,200,OK,Grupo GET Request 1-129,text,true,,984,221,3,3,http://localhost:3000/logistics/tenderos/productos-disponibles?tiendaId=bbbbbbbb-bbbb-4bbb-8bbb-bbbbbbbbbbbb&zona=Zona%20Norte,56,0,0
1788744778264,55,GET Request,200,OK,Grupo GET Request 1-128,text,true,,984,221,3,3,http://localhost:3000/logistics/tenderos/productos-disponibles?tiendaId=bbbbbbbb-bbbb-4bbb-8bbb-bbbbbbbbbbbb&zona=Zona%20Norte,55,0,0
1788744778299,54,GET Request,200,OK,Grupo GET Request 1-130,text,true,,984,221,2,2,http://localhost:3000/logistics/tenderos/productos-disponibles?tiendaId=bbbbbbbb-bbbb-4bbb-8bbb-bbbbbbbbbbbb&zona=Zona%20Norte,54,0,0
1788744778315,55,GET Request,200,OK,Grupo GET Request 1-129,text,true,,984,221,3,3,http://localhost:3000/logistics/tenderos/productos-disponibles?tiendaId=bbbbbbbb-bbbb-4bbb-8bbb-bbbbbbbbbbbb&zona=Zona%20Norte,55,0,0
1788744778355,53,GET Request,200,OK,Grupo GET Request 1-131,text,true,,984,221,3,3,http://localhost:3000/logistics/tenderos/productos-disponibles?tiendaId=bbbbbbbb-bbbb-4bbb-8bbb-bbbbbbbbbbbb&zona=Zona%20Norte,53,0,0
1788744778353,55,GET Request,200,OK,Grupo GET Request 1-130,text,true,,984,221,3,3,http://localhost:3000/logistics/tenderos/productos-disponibles?tiendaId=bbbbbbbb-bbbb-4bbb-8bbb-bbbbbbbbbbbb&zona=Zona%20Norte,55,0,0
1788744778370,62,GET Request,200,OK,Grupo GET Request 1-129,text,true,,984,221,3,3,http://localhost:3000/logistics/tenderos/productos-disponibles?tiendaId=bbbbbbbb-bbbb-4bbb-8bbb-bbbbbbbbbbbb&zona=Zona%20Norte,62,0,0
1788744778408,65,GET Request,200,OK,Grupo GET Request 1-131,text,true,,984,221,3,3,http://localhost:3000/logistics/tenderos/productos-disponibles?tiendaId=bbbbbbbb-bbbb-4bbb-8bbb-bbbbbbbbbbbb&zona=Zona%20Norte,65,0,0
1788744778408,65,GET Request,200,OK,Grupo GET Request 1-130,text,true,,984,221,3,3,http://localhost:3000/logistics/tenderos/productos-disponibles?tiendaId=bbbbbbbb-bbbb-4bbb-8bbb-bbbbbbbbbbbb&zona=Zona%20Norte,65,0,0
1788744778465,60,GET Request,200,OK,Grupo GET Request 1-132,text,true,,984,221,3,3,http://localhost:3000/logistics/tenderos/productos-disponibles?tiendaId=bbbbbbbb-bbbb-4bbb-8bbb-bbbbbbbbbbbb&zona=Zona%20Norte,60,0,0
1788744778473,56,GET Request,200,OK,Grupo GET Request 1-131,text,true,,984,221,3,3,http://localhost:3000/logistics/tenderos/productos-disponibles?tiendaId=bbbbbbbb-bbbb-4bbb-8bbb-bbbbbbbbbbbb&zona=Zona%20Norte,56,0,0
1788744778473,56,GET Request,200,OK,Grupo GET Request 1-130,text,true,,984,221,3,3,http://localhost:3000/logistics/tenderos/productos-disponibles?tiendaId=bbbbbbbb-bbbb-4bbb-8bbb-bbbbbbbbbbbb&zona=Zona%20Norte,56,0,0
1788744778526,55,GET Request,200,OK,Grupo GET Request 1-132,text,true,,984,221,3,3,http://localhost:3000/logistics/tenderos/productos-disponibles?tiendaId=bbbbbbbb-bbbb-4bbb-8bbb-bbbbbbbbbbbb&zona=Zona%20Norte,55,0,0
1788744778529,54,GET Request,200,OK,Grupo GET Request 1-131,text,true,,984,221,3,3,http://localhost:3000/logistics/tenderos/productos-disponibles?tiendaId=bbbbbbbb-bbbb-4bbb-8bbb-bbbbbbbbbbbb&zona=Zona%20Norte,54,0,0
1788744778576,57,GET Request,200,OK,Grupo GET Request 1-133,text,true,,984,221,3,3,http://localhost:3000/logistics/tenderos/productos-disponibles?tiendaId=bbbbbbbb-bbbb-4bbb-8bbb-bbbbbbbbbbbb&zona=Zona%20Norte,57,0,1
1788744778581,55,GET Request,200,OK,Grupo GET Request 1-132,text,true,,984,221,3,3,http://localhost:3000/logistics/tenderos/productos-disponibles?tiendaId=bbbbbbbb-bbbb-4bbb-8bbb-bbbbbbbbbbbb&zona=Zona%20Norte,55,0,0
1788744778583,53,GET Request,200,OK,Grupo GET Request 1-131,text,true,,984,221,3,3,http://localhost:3000/logistics/tenderos/productos-disponibles?tiendaId=bbbbbbbb-bbbb-4bbb-8bbb-bbbbbbbbbbbb&zona=Zona%20Norte,53,0,0
1788744778633,58,GET Request,200,OK,Grupo GET Request 1-133,text,true,,984,221,3,3,http://localhost:3000/logistics/tenderos/productos-disponibles?tiendaId=bbbbbbbb-bbbb-4bbb-8bbb-bbbbbbbbbbbb&zona=Zona%20Norte,58,0,0
1788744778636,56,GET Request,200,OK,Grupo GET Request 1-132,text,true,,984,221,3,3,http://localhost:3000/logistics/tenderos/productos-disponibles?tiendaId=bbbbbbbb-bbbb-4bbb-8bbb-bbbbbbbbbbbb&zona=Zona%20Norte,56,0,0
1788744778692,56,GET Request,200,OK,Grupo GET Request 1-133,text,true,,984,221,3,3,http://localhost:3000/logistics/tenderos/productos-disponibles?tiendaId=bbbbbbbb-bbbb-4bbb-8bbb-bbbbbbbbbbbb&zona=Zona%20Norte,56,0,0
1788744778692,58,GET Request,200,OK,Grupo GET Request 1-132,text,true,,984,221,3,3,http://localhost:3000/logistics/tenderos/productos-disponibles?tiendaId=bbbbbbbb-bbbb-4bbb-8bbb-bbbbbbbbbbbb&zona=Zona%20Norte,58,0,0
1788744778691,59,GET Request,200,OK,Grupo GET Request 1-134,text,true,,984,221,2,2,http://localhost:3000/logistics/tenderos/productos-disponibles?tiendaId=bbbbbbbb-bbbb-4bbb-8bbb-bbbbbbbbbbbb&zona=Zona%20Norte,59,0,0
1788744778748,57,GET Request,200,OK,Grupo GET Request 1-133,text,true,,984,221,3,3,http://localhost:3000/logistics/tenderos/productos-disponibles?tiendaId=bbbbbbbb-bbbb-4bbb-8bbb-bbbbbbbbbbbb&zona=Zona%20Norte,57,0,0
1788744778751,63,GET Request,200,OK,Grupo GET Request 1-134,text,true,,984,221,3,3,http://localhost:3000/logistics/tenderos/productos-disponibles?tiendaId=bbbbbbbb-bbbb-4bbb-8bbb-bbbbbbbbbbbb&zona=Zona%20Norte,63,0,0
1788744778801,55,GET Request,200,OK,Grupo GET Request 1-135,text,true,,984,221,3,3,http://localhost:3000/logistics/tenderos/productos-disponibles?tiendaId=bbbbbbbb-bbbb-4bbb-8bbb-bbbbbbbbbbbb&zona=Zona%20Norte,55,0,0
1788744778806,55,GET Request,200,OK,Grupo GET Request 1-133,text,true,,984,221,3,3,http://localhost:3000/logistics/tenderos/productos-disponibles?tiendaId=bbbbbbbb-bbbb-4bbb-8bbb-bbbbbbbbbbbb&zona=Zona%20Norte,55,0,0
1788744778814,54,GET Request,200,OK,Grupo GET Request 1-134,text,true,,984,221,2,2,http://localhost:3000/logistics/tenderos/productos-disponibles?tiendaId=bbbbbbbb-bbbb-4bbb-8bbb-bbbbbbbbbbbb&zona=Zona%20Norte,54,0,0
1788744778857,54,GET Request,200,OK,Grupo GET Request 1-135,text,true,,984,221,2,2,http://localhost:3000/logistics/tenderos/productos-disponibles?tiendaId=bbbbbbbb-bbbb-4bbb-8bbb-bbbbbbbbbbbb&zona=Zona%20Norte,54,0,0
1788744778868,55,GET Request,200,OK,Grupo GET Request 1-134,text,true,,984,221,3,3,http://localhost:3000/logistics/tenderos/productos-disponibles?tiendaId=bbbbbbbb-bbbb-4bbb-8bbb-bbbbbbbbbbbb&zona=Zona%20Norte,55,0,0
1788744778911,56,GET Request,200,OK,Grupo GET Request 1-135,text,true,,984,221,3,3,http://localhost:3000/logistics/tenderos/productos-disponibles?tiendaId=bbbbbbbb-bbbb-4bbb-8bbb-bbbbbbbbbbbb&zona=Zona%20Norte,56,0,0
1788744778915,55,GET Request,200,OK,Grupo GET Request 1-136,text,true,,984,221,3,3,http://localhost:3000/logistics/tenderos/productos-disponibles?tiendaId=bbbbbbbb-bbbb-4bbb-8bbb-bbbbbbbbbbbb&zona=Zona%20Norte,55,0,0
1788744778923,72,GET Request,200,OK,Grupo GET Request 1-134,text,true,,984,221,3,3,http://localhost:3000/logistics/tenderos/productos-disponibles?tiendaId=bbbbbbbb-bbbb-4bbb-8bbb-bbbbbbbbbbbb&zona=Zona%20Norte,72,0,0
1788744778967,60,GET Request,200,OK,Grupo GET Request 1-135,text,true,,984,221,3,3,http://localhost:3000/logistics/tenderos/productos-disponibles?tiendaId=bbbbbbbb-bbbb-4bbb-8bbb-bbbbbbbbbbbb&zona=Zona%20Norte,60,0,0
1788744778971,58,GET Request,200,OK,Grupo GET Request 1-136,text,true,,984,221,3,3,http://localhost:3000/logistics/tenderos/productos-disponibles?tiendaId=bbbbbbbb-bbbb-4bbb-8bbb-bbbbbbbbbbbb&zona=Zona%20Norte,58,0,0
1788744779024,61,GET Request,200,OK,Grupo GET Request 1-137,text,true,,984,221,3,3,http://localhost:3000/logistics/tenderos/productos-disponibles?tiendaId=bbbbbbbb-bbbb-4bbb-8bbb-bbbbbbbbbbbb&zona=Zona%20Norte,61,0,1
1788744779028,60,GET Request,200,OK,Grupo GET Request 1-135,text,true,,984,221,3,3,http://localhost:3000/logistics/tenderos/productos-disponibles?tiendaId=bbbbbbbb-bbbb-4bbb-8bbb-bbbbbbbbbbbb&zona=Zona%20Norte,60,0,0
1788744779030,58,GET Request,200,OK,Grupo GET Request 1-136,text,true,,984,221,3,3,http://localhost:3000/logistics/tenderos/productos-disponibles?tiendaId=bbbbbbbb-bbbb-4bbb-8bbb-bbbbbbbbbbbb&zona=Zona%20Norte,58,0,0
1788744779086,60,GET Request,200,OK,Grupo GET Request 1-137,text,true,,984,221,3,3,http://localhost:3000/logistics/tenderos/productos-disponibles?tiendaId=bbbbbbbb-bbbb-4bbb-8bbb-bbbbbbbbbbbb&zona=Zona%20Norte,60,0,0
1788744779088,59,GET Request,200,OK,Grupo GET Request 1-136,text,true,,984,221,3,3,http://localhost:3000/logistics/tenderos/productos-disponibles?tiendaId=bbbbbbbb-bbbb-4bbb-8bbb-bbbbbbbbbbbb&zona=Zona%20Norte,59,0,0
1788744779135,60,GET Request,200,OK,Grupo GET Request 1-138,text,true,,984,221,3,3,http://localhost:3000/logistics/tenderos/productos-disponibles?tiendaId=bbbbbbbb-bbbb-4bbb-8bbb-bbbbbbbbbbbb&zona=Zona%20Norte,60,0,0
1788744779147,64,GET Request,200,OK,Grupo GET Request 1-136,text,true,,984,221,3,3,http://localhost:3000/logistics/tenderos/productos-disponibles?tiendaId=bbbbbbbb-bbbb-4bbb-8bbb-bbbbbbbbbbbb&zona=Zona%20Norte,64,0,0
1788744779147,70,GET Request,200,OK,Grupo GET Request 1-137,text,true,,984,221,2,2,http://localhost:3000/logistics/tenderos/productos-disponibles?tiendaId=bbbbbbbb-bbbb-4bbb-8bbb-bbbbbbbbbbbb&zona=Zona%20Norte,70,0,0
1788744779196,63,GET Request,200,OK,Grupo GET Request 1-138,text,true,,984,221,3,3,http://localhost:3000/logistics/tenderos/productos-disponibles?tiendaId=bbbbbbbb-bbbb-4bbb-8bbb-bbbbbbbbbbbb&zona=Zona%20Norte,63,0,0
1788744779217,58,GET Request,200,OK,Grupo GET Request 1-137,text,true,,984,221,3,3,http://localhost:3000/logistics/tenderos/productos-disponibles?tiendaId=bbbbbbbb-bbbb-4bbb-8bbb-bbbbbbbbbbbb&zona=Zona%20Norte,58,0,0
1788744779247,59,GET Request,200,OK,Grupo GET Request 1-139,text,true,,984,221,3,3,http://localhost:3000/logistics/tenderos/productos-disponibles?tiendaId=bbbbbbbb-bbbb-4bbb-8bbb-bbbbbbbbbbbb&zona=Zona%20Norte,59,0,0
1788744779260,59,GET Request,200,OK,Grupo GET Request 1-138,text,true,,984,221,3,3,http://localhost:3000/logistics/tenderos/productos-disponibles?tiendaId=bbbbbbbb-bbbb-4bbb-8bbb-bbbbbbbbbbbb&zona=Zona%20Norte,59,0,0
1788744779275,55,GET Request,200,OK,Grupo GET Request 1-137,text,true,,984,221,3,3,http://localhost:3000/logistics/tenderos/productos-disponibles?tiendaId=bbbbbbbb-bbbb-4bbb-8bbb-bbbbbbbbbbbb&zona=Zona%20Norte,55,0,0
1788744779306,57,GET Request,200,OK,Grupo GET Request 1-139,text,true,,984,221,3,3,http://localhost:3000/logistics/tenderos/productos-disponibles?tiendaId=bbbbbbbb-bbbb-4bbb-8bbb-bbbbbbbbbbbb&zona=Zona%20Norte,57,0,0
1788744779319,58,GET Request,200,OK,Grupo GET Request 1-138,text,true,,984,221,3,3,http://localhost:3000/logistics/tenderos/productos-disponibles?tiendaId=bbbbbbbb-bbbb-4bbb-8bbb-bbbbbbbbbbbb&zona=Zona%20Norte,58,0,0
1788744779356,55,GET Request,200,OK,Grupo GET Request 1-140,text,true,,984,221,3,3,http://localhost:3000/logistics/tenderos/productos-disponibles?tiendaId=bbbbbbbb-bbbb-4bbb-8bbb-bbbbbbbbbbbb&zona=Zona%20Norte,55,0,0
1788744779364,55,GET Request,200,OK,Grupo GET Request 1-139,text,true,,984,221,3,3,http://localhost:3000/logistics/tenderos/productos-disponibles?tiendaId=bbbbbbbb-bbbb-4bbb-8bbb-bbbbbbbbbbbb&zona=Zona%20Norte,55,0,0
1788744779377,55,GET Request,200,OK,Grupo GET Request 1-138,text,true,,984,221,3,3,http://localhost:3000/logistics/tenderos/productos-disponibles?tiendaId=bbbbbbbb-bbbb-4bbb-8bbb-bbbbbbbbbbbb&zona=Zona%20Norte,55,0,0
1788744779412,57,GET Request,200,OK,Grupo GET Request 1-140,text,true,,984,221,3,3,http://localhost:3000/logistics/tenderos/productos-disponibles?tiendaId=bbbbbbbb-bbbb-4bbb-8bbb-bbbbbbbbbbbb&zona=Zona%20Norte,57,0,0
1788744779420,57,GET Request,200,OK,Grupo GET Request 1-139,text,true,,984,221,3,3,http://localhost:3000/logistics/tenderos/productos-disponibles?tiendaId=bbbbbbbb-bbbb-4bbb-8bbb-bbbbbbbbbbbb&zona=Zona%20Norte,57,0,0
1788744779468,56,GET Request,200,OK,Grupo GET Request 1-141,text,true,,984,221,3,3,http://localhost:3000/logistics/tenderos/productos-disponibles?tiendaId=bbbbbbbb-bbbb-4bbb-8bbb-bbbbbbbbbbbb&zona=Zona%20Norte,56,0,0
1788744779470,55,GET Request,200,OK,Grupo GET Request 1-140,text,true,,984,221,3,3,http://localhost:3000/logistics/tenderos/productos-disponibles?tiendaId=bbbbbbbb-bbbb-4bbb-8bbb-bbbbbbbbbbbb&zona=Zona%20Norte,55,0,0
1788744779477,68,GET Request,200,OK,Grupo GET Request 1-139,text,true,,984,221,3,3,http://localhost:3000/logistics/tenderos/productos-disponibles?tiendaId=bbbbbbbb-bbbb-4bbb-8bbb-bbbbbbbbbbbb&zona=Zona%20Norte,68,0,0
1788744779525,54,GET Request,200,OK,Grupo GET Request 1-141,text,true,,984,221,3,3,http://localhost:3000/logistics/tenderos/productos-disponibles?tiendaId=bbbbbbbb-bbbb-4bbb-8bbb-bbbbbbbbbbbb&zona=Zona%20Norte,54,0,0
1788744779525,56,GET Request,200,OK,Grupo GET Request 1-140,text,true,,984,221,3,3,http://localhost:3000/logistics/tenderos/productos-disponibles?tiendaId=bbbbbbbb-bbbb-4bbb-8bbb-bbbbbbbbbbbb&zona=Zona%20Norte,56,0,0
1788744779576,56,GET Request,200,OK,Grupo GET Request 1-142,text,true,,984,221,3,3,http://localhost:3000/logistics/tenderos/productos-disponibles?tiendaId=bbbbbbbb-bbbb-4bbb-8bbb-bbbbbbbbbbbb&zona=Zona%20Norte,56,0,0
1788744779581,54,GET Request,200,OK,Grupo GET Request 1-140,text,true,,984,221,3,3,http://localhost:3000/logistics/tenderos/productos-disponibles?tiendaId=bbbbbbbb-bbbb-4bbb-8bbb-bbbbbbbbbbbb&zona=Zona%20Norte,54,0,0
1788744779580,64,GET Request,200,OK,Grupo GET Request 1-141,text,true,,984,221,2,2,http://localhost:3000/logistics/tenderos/productos-disponibles?tiendaId=bbbbbbbb-bbbb-4bbb-8bbb-bbbbbbbbbbbb&zona=Zona%20Norte,63,0,0
1788744779632,61,GET Request,200,OK,Grupo GET Request 1-142,text,true,,984,221,3,3,http://localhost:3000/logistics/tenderos/productos-disponibles?tiendaId=bbbbbbbb-bbbb-4bbb-8bbb-bbbbbbbbbbbb&zona=Zona%20Norte,61,0,0
1788744779644,57,GET Request,200,OK,Grupo GET Request 1-141,text,true,,984,221,3,3,http://localhost:3000/logistics/tenderos/productos-disponibles?tiendaId=bbbbbbbb-bbbb-4bbb-8bbb-bbbbbbbbbbbb&zona=Zona%20Norte,57,0,0
1788744779691,58,GET Request,200,OK,Grupo GET Request 1-143,text,true,,984,221,3,3,http://localhost:3000/logistics/tenderos/productos-disponibles?tiendaId=bbbbbbbb-bbbb-4bbb-8bbb-bbbbbbbbbbbb&zona=Zona%20Norte,58,0,0
1788744779694,57,GET Request,200,OK,Grupo GET Request 1-142,text,true,,984,221,3,3,http://localhost:3000/logistics/tenderos/productos-disponibles?tiendaId=bbbbbbbb-bbbb-4bbb-8bbb-bbbbbbbbbbbb&zona=Zona%20Norte,57,0,0
1788744779701,55,GET Request,200,OK,Grupo GET Request 1-141,text,true,,984,221,3,3,http://localhost:3000/logistics/tenderos/productos-disponibles?tiendaId=bbbbbbbb-bbbb-4bbb-8bbb-bbbbbbbbbbbb&zona=Zona%20Norte,55,0,0
1788744779749,54,GET Request,200,OK,Grupo GET Request 1-143,text,true,,984,221,3,3,http://localhost:3000/logistics/tenderos/productos-disponibles?tiendaId=bbbbbbbb-bbbb-4bbb-8bbb-bbbbbbbbbbbb&zona=Zona%20Norte,54,0,0
1788744779751,55,GET Request,200,OK,Grupo GET Request 1-142,text,true,,984,221,3,3,http://localhost:3000/logistics/tenderos/productos-disponibles?tiendaId=bbbbbbbb-bbbb-4bbb-8bbb-bbbbbbbbbbbb&zona=Zona%20Norte,55,0,0
1788744779799,54,GET Request,200,OK,Grupo GET Request 1-144,text,true,,984,221,3,3,http://localhost:3000/logistics/tenderos/productos-disponibles?tiendaId=bbbbbbbb-bbbb-4bbb-8bbb-bbbbbbbbbbbb&zona=Zona%20Norte,54,0,1
1788744779803,53,GET Request,200,OK,Grupo GET Request 1-143,text,true,,984,221,3,3,http://localhost:3000/logistics/tenderos/productos-disponibles?tiendaId=bbbbbbbb-bbbb-4bbb-8bbb-bbbbbbbbbbbb&zona=Zona%20Norte,53,0,0
1788744779806,54,GET Request,200,OK,Grupo GET Request 1-142,text,true,,984,221,3,3,http://localhost:3000/logistics/tenderos/productos-disponibles?tiendaId=bbbbbbbb-bbbb-4bbb-8bbb-bbbbbbbbbbbb&zona=Zona%20Norte,54,0,0
1788744779853,55,GET Request,200,OK,Grupo GET Request 1-144,text,true,,984,221,2,2,http://localhost:3000/logistics/tenderos/productos-disponibles?tiendaId=bbbbbbbb-bbbb-4bbb-8bbb-bbbbbbbbbbbb&zona=Zona%20Norte,55,0,0
1788744779857,52,GET Request,200,OK,Grupo GET Request 1-143,text,true,,984,221,3,3,http://localhost:3000/logistics/tenderos/productos-disponibles?tiendaId=bbbbbbbb-bbbb-4bbb-8bbb-bbbbbbbbbbbb&zona=Zona%20Norte,52,0,0
1788744779908,54,GET Request,200,OK,Grupo GET Request 1-144,text,true,,984,221,3,3,http://localhost:3000/logistics/tenderos/productos-disponibles?tiendaId=bbbbbbbb-bbbb-4bbb-8bbb-bbbbbbbbbbbb&zona=Zona%20Norte,54,0,0
1788744779909,55,GET Request,200,OK,Grupo GET Request 1-143,text,true,,984,221,3,3,http://localhost:3000/logistics/tenderos/productos-disponibles?tiendaId=bbbbbbbb-bbbb-4bbb-8bbb-bbbbbbbbbbbb&zona=Zona%20Norte,55,0,0
1788744779909,55,GET Request,200,OK,Grupo GET Request 1-145,text,true,,984,221,2,2,http://localhost:3000/logistics/tenderos/productos-disponibles?tiendaId=bbbbbbbb-bbbb-4bbb-8bbb-bbbbbbbbbbbb&zona=Zona%20Norte,55,0,1
1788744779962,58,GET Request,200,OK,Grupo GET Request 1-144,text,true,,984,221,2,2,http://localhost:3000/logistics/tenderos/productos-disponibles?tiendaId=bbbbbbbb-bbbb-4bbb-8bbb-bbbbbbbbbbbb&zona=Zona%20Norte,58,0,0
1788744779965,58,GET Request,200,OK,Grupo GET Request 1-145,text,true,,984,221,2,2,http://localhost:3000/logistics/tenderos/productos-disponibles?tiendaId=bbbbbbbb-bbbb-4bbb-8bbb-bbbbbbbbbbbb&zona=Zona%20Norte,58,0,0
1788744780025,58,GET Request,200,OK,Grupo GET Request 1-146,text,true,,984,221,3,3,http://localhost:3000/logistics/tenderos/productos-disponibles?tiendaId=bbbbbbbb-bbbb-4bbb-8bbb-bbbbbbbbbbbb&zona=Zona%20Norte,58,0,1
1788744780022,64,GET Request,200,OK,Grupo GET Request 1-144,text,true,,984,221,3,3,http://localhost:3000/logistics/tenderos/productos-disponibles?tiendaId=bbbbbbbb-bbbb-4bbb-8bbb-bbbbbbbbbbbb&zona=Zona%20Norte,64,0,0
1788744780024,66,GET Request,200,OK,Grupo GET Request 1-145,text,true,,984,221,2,2,http://localhost:3000/logistics/tenderos/productos-disponibles?tiendaId=bbbbbbbb-bbbb-4bbb-8bbb-bbbbbbbbbbbb&zona=Zona%20Norte,66,0,0
1788744780083,57,GET Request,200,OK,Grupo GET Request 1-146,text,true,,984,221,3,3,http://localhost:3000/logistics/tenderos/productos-disponibles?tiendaId=bbbbbbbb-bbbb-4bbb-8bbb-bbbbbbbbbbbb&zona=Zona%20Norte,57,0,0
1788744780090,59,GET Request,200,OK,Grupo GET Request 1-145,text,true,,984,221,3,3,http://localhost:3000/logistics/tenderos/productos-disponibles?tiendaId=bbbbbbbb-bbbb-4bbb-8bbb-bbbbbbbbbbbb&zona=Zona%20Norte,59,0,0
1788744780140,54,GET Request,200,OK,Grupo GET Request 1-146,text,true,,984,221,3,3,http://localhost:3000/logistics/tenderos/productos-disponibles?tiendaId=bbbbbbbb-bbbb-4bbb-8bbb-bbbbbbbbbbbb&zona=Zona%20Norte,54,0,0
1788744780137,58,GET Request,200,OK,Grupo GET Request 1-147,text,true,,984,221,3,3,http://localhost:3000/logistics/tenderos/productos-disponibles?tiendaId=bbbbbbbb-bbbb-4bbb-8bbb-bbbbbbbbbbbb&zona=Zona%20Norte,58,0,0
1788744780149,55,GET Request,200,OK,Grupo GET Request 1-145,text,true,,984,221,3,3,http://localhost:3000/logistics/tenderos/productos-disponibles?tiendaId=bbbbbbbb-bbbb-4bbb-8bbb-bbbbbbbbbbbb&zona=Zona%20Norte,55,0,0
1788744780194,54,GET Request,200,OK,Grupo GET Request 1-146,text,true,,984,221,3,3,http://localhost:3000/logistics/tenderos/productos-disponibles?tiendaId=bbbbbbbb-bbbb-4bbb-8bbb-bbbbbbbbbbbb&zona=Zona%20Norte,54,0,0
1788744780196,54,GET Request,200,OK,Grupo GET Request 1-147,text,true,,984,221,3,3,http://localhost:3000/logistics/tenderos/productos-disponibles?tiendaId=bbbbbbbb-bbbb-4bbb-8bbb-bbbbbbbbbbbb&zona=Zona%20Norte,54,0,0
1788744780245,56,GET Request,200,OK,Grupo GET Request 1-148,text,true,,984,221,3,3,http://localhost:3000/logistics/tenderos/productos-disponibles?tiendaId=bbbbbbbb-bbbb-4bbb-8bbb-bbbbbbbbbbbb&zona=Zona%20Norte,56,0,1
1788744780248,54,GET Request,200,OK,Grupo GET Request 1-146,text,true,,984,221,3,3,http://localhost:3000/logistics/tenderos/productos-disponibles?tiendaId=bbbbbbbb-bbbb-4bbb-8bbb-bbbbbbbbbbbb&zona=Zona%20Norte,54,0,0
1788744780250,53,GET Request,200,OK,Grupo GET Request 1-147,text,true,,984,221,2,2,http://localhost:3000/logistics/tenderos/productos-disponibles?tiendaId=bbbbbbbb-bbbb-4bbb-8bbb-bbbbbbbbbbbb&zona=Zona%20Norte,53,0,0
1788744780301,55,GET Request,200,OK,Grupo GET Request 1-148,text,true,,984,221,2,2,http://localhost:3000/logistics/tenderos/productos-disponibles?tiendaId=bbbbbbbb-bbbb-4bbb-8bbb-bbbbbbbbbbbb&zona=Zona%20Norte,55,0,0
1788744780303,56,GET Request,200,OK,Grupo GET Request 1-147,text,true,,984,221,3,3,http://localhost:3000/logistics/tenderos/productos-disponibles?tiendaId=bbbbbbbb-bbbb-4bbb-8bbb-bbbbbbbbbbbb&zona=Zona%20Norte,56,0,0
1788744780356,54,GET Request,200,OK,Grupo GET Request 1-149,text,true,,984,221,3,3,http://localhost:3000/logistics/tenderos/productos-disponibles?tiendaId=bbbbbbbb-bbbb-4bbb-8bbb-bbbbbbbbbbbb&zona=Zona%20Norte,54,0,1
1788744780356,59,GET Request,200,OK,Grupo GET Request 1-148,text,true,,984,221,3,3,http://localhost:3000/logistics/tenderos/productos-disponibles?tiendaId=bbbbbbbb-bbbb-4bbb-8bbb-bbbbbbbbbbbb&zona=Zona%20Norte,59,0,0
1788744780359,61,GET Request,200,OK,Grupo GET Request 1-147,text,true,,984,221,3,3,http://localhost:3000/logistics/tenderos/productos-disponibles?tiendaId=bbbbbbbb-bbbb-4bbb-8bbb-bbbbbbbbbbbb&zona=Zona%20Norte,61,0,0
1788744780411,54,GET Request,200,OK,Grupo GET Request 1-149,text,true,,984,221,3,3,http://localhost:3000/logistics/tenderos/productos-disponibles?tiendaId=bbbbbbbb-bbbb-4bbb-8bbb-bbbbbbbbbbbb&zona=Zona%20Norte,54,0,0
1788744780415,54,GET Request,200,OK,Grupo GET Request 1-148,text,true,,984,221,3,3,http://localhost:3000/logistics/tenderos/productos-disponibles?tiendaId=bbbbbbbb-bbbb-4bbb-8bbb-bbbbbbbbbbbb&zona=Zona%20Norte,54,0,0
1788744780465,56,GET Request,200,OK,Grupo GET Request 1-149,text,true,,984,221,3,3,http://localhost:3000/logistics/tenderos/productos-disponibles?tiendaId=bbbbbbbb-bbbb-4bbb-8bbb-bbbbbbbbbbbb&zona=Zona%20Norte,56,0,0
1788744780465,57,GET Request,200,OK,Grupo GET Request 1-150,text,true,,984,221,3,3,http://localhost:3000/logistics/tenderos/productos-disponibles?tiendaId=bbbbbbbb-bbbb-4bbb-8bbb-bbbbbbbbbbbb&zona=Zona%20Norte,57,0,0
1788744780469,53,GET Request,200,OK,Grupo GET Request 1-148,text,true,,984,221,3,3,http://localhost:3000/logistics/tenderos/productos-disponibles?tiendaId=bbbbbbbb-bbbb-4bbb-8bbb-bbbbbbbbbbbb&zona=Zona%20Norte,53,0,0
1788744780522,56,GET Request,200,OK,Grupo GET Request 1-150,text,true,,984,221,3,3,http://localhost:3000/logistics/tenderos/productos-disponibles?tiendaId=bbbbbbbb-bbbb-4bbb-8bbb-bbbbbbbbbbbb&zona=Zona%20Norte,56,0,0
1788744780522,78,GET Request,200,OK,Grupo GET Request 1-149,text,true,,984,221,3,3,http://localhost:3000/logistics/tenderos/productos-disponibles?tiendaId=bbbbbbbb-bbbb-4bbb-8bbb-bbbbbbbbbbbb&zona=Zona%20Norte,78,0,0
1788744780576,57,GET Request,200,OK,Grupo GET Request 1-151,text,true,,984,221,3,3,http://localhost:3000/logistics/tenderos/productos-disponibles?tiendaId=bbbbbbbb-bbbb-4bbb-8bbb-bbbbbbbbbbbb&zona=Zona%20Norte,57,0,1
1788744780578,57,GET Request,200,OK,Grupo GET Request 1-150,text,true,,984,221,3,3,http://localhost:3000/logistics/tenderos/productos-disponibles?tiendaId=bbbbbbbb-bbbb-4bbb-8bbb-bbbbbbbbbbbb&zona=Zona%20Norte,57,0,0
1788744780600,56,GET Request,200,OK,Grupo GET Request 1-149,text,true,,984,221,3,3,http://localhost:3000/logistics/tenderos/productos-disponibles?tiendaId=bbbbbbbb-bbbb-4bbb-8bbb-bbbbbbbbbbbb&zona=Zona%20Norte,56,0,0
1788744780633,57,GET Request,200,OK,Grupo GET Request 1-151,text,true,,984,221,2,2,http://localhost:3000/logistics/tenderos/productos-disponibles?tiendaId=bbbbbbbb-bbbb-4bbb-8bbb-bbbbbbbbbbbb&zona=Zona%20Norte,57,0,0
1788744780635,62,GET Request,200,OK,Grupo GET Request 1-150,text,true,,984,221,3,3,http://localhost:3000/logistics/tenderos/productos-disponibles?tiendaId=bbbbbbbb-bbbb-4bbb-8bbb-bbbbbbbbbbbb&zona=Zona%20Norte,62,0,0
1788744780691,59,GET Request,200,OK,Grupo GET Request 1-152,text,true,,984,221,3,3,http://localhost:3000/logistics/tenderos/productos-disponibles?tiendaId=bbbbbbbb-bbbb-4bbb-8bbb-bbbbbbbbbbbb&zona=Zona%20Norte,59,0,2
1788744780697,63,GET Request,200,OK,Grupo GET Request 1-150,text,true,,984,221,3,3,http://localhost:3000/logistics/tenderos/productos-disponibles?tiendaId=bbbbbbbb-bbbb-4bbb-8bbb-bbbbbbbbbbbb&zona=Zona%20Norte,63,0,0
1788744780690,71,GET Request,200,OK,Grupo GET Request 1-151,text,true,,984,221,2,2,http://localhost:3000/logistics/tenderos/productos-disponibles?tiendaId=bbbbbbbb-bbbb-4bbb-8bbb-bbbbbbbbbbbb&zona=Zona%20Norte,71,0,0
1788744780761,55,GET Request,200,OK,Grupo GET Request 1-151,text,true,,984,221,3,3,http://localhost:3000/logistics/tenderos/productos-disponibles?tiendaId=bbbbbbbb-bbbb-4bbb-8bbb-bbbbbbbbbbbb&zona=Zona%20Norte,55,0,0
1788744780751,70,GET Request,200,OK,Grupo GET Request 1-152,text,true,,984,221,3,3,http://localhost:3000/logistics/tenderos/productos-disponibles?tiendaId=bbbbbbbb-bbbb-4bbb-8bbb-bbbbbbbbbbbb&zona=Zona%20Norte,70,0,0
1788744780803,55,GET Request,200,OK,Grupo GET Request 1-153,text,true,,984,221,3,3,http://localhost:3000/logistics/tenderos/productos-disponibles?tiendaId=bbbbbbbb-bbbb-4bbb-8bbb-bbbbbbbbbbbb&zona=Zona%20Norte,55,0,1
1788744780817,54,GET Request,200,OK,Grupo GET Request 1-151,text,true,,984,221,3,3,http://localhost:3000/logistics/tenderos/productos-disponibles?tiendaId=bbbbbbbb-bbbb-4bbb-8bbb-bbbbbbbbbbbb&zona=Zona%20Norte,54,0,0
1788744780821,54,GET Request,200,OK,Grupo GET Request 1-152,text,true,,984,221,2,2,http://localhost:3000/logistics/tenderos/productos-disponibles?tiendaId=bbbbbbbb-bbbb-4bbb-8bbb-bbbbbbbbbbbb&zona=Zona%20Norte,54,0,0
1788744780858,56,GET Request,200,OK,Grupo GET Request 1-153,text,true,,984,221,3,3,http://localhost:3000/logistics/tenderos/productos-disponibles?tiendaId=bbbbbbbb-bbbb-4bbb-8bbb-bbbbbbbbbbbb&zona=Zona%20Norte,56,0,0
1788744780876,63,GET Request,200,OK,Grupo GET Request 1-152,text,true,,984,221,3,3,http://localhost:3000/logistics/tenderos/productos-disponibles?tiendaId=bbbbbbbb-bbbb-4bbb-8bbb-bbbbbbbbbbbb&zona=Zona%20Norte,63,0,0
1788744780910,56,GET Request,200,OK,Grupo GET Request 1-154,text,true,,984,221,3,3,http://localhost:3000/logistics/tenderos/productos-disponibles?tiendaId=bbbbbbbb-bbbb-4bbb-8bbb-bbbbbbbbbbbb&zona=Zona%20Norte,56,0,0
1788744780914,55,GET Request,200,OK,Grupo GET Request 1-153,text,true,,984,221,3,3,http://localhost:3000/logistics/tenderos/productos-disponibles?tiendaId=bbbbbbbb-bbbb-4bbb-8bbb-bbbbbbbbbbbb&zona=Zona%20Norte,55,0,0
1788744780939,56,GET Request,200,OK,Grupo GET Request 1-152,text,true,,984,221,3,3,http://localhost:3000/logistics/tenderos/productos-disponibles?tiendaId=bbbbbbbb-bbbb-4bbb-8bbb-bbbbbbbbbbbb&zona=Zona%20Norte,56,0,0
1788744780966,56,GET Request,200,OK,Grupo GET Request 1-154,text,true,,984,221,3,3,http://localhost:3000/logistics/tenderos/productos-disponibles?tiendaId=bbbbbbbb-bbbb-4bbb-8bbb-bbbbbbbbbbbb&zona=Zona%20Norte,56,0,0
1788744780969,56,GET Request,200,OK,Grupo GET Request 1-153,text,true,,984,221,3,3,http://localhost:3000/logistics/tenderos/productos-disponibles?tiendaId=bbbbbbbb-bbbb-4bbb-8bbb-bbbbbbbbbbbb&zona=Zona%20Norte,56,0,0
1788744781026,58,GET Request,200,OK,Grupo GET Request 1-153,text,true,,984,221,3,3,http://localhost:3000/logistics/tenderos/productos-disponibles?tiendaId=bbbbbbbb-bbbb-4bbb-8bbb-bbbbbbbbbbbb&zona=Zona%20Norte,58,0,0
1788744781022,63,GET Request,200,OK,Grupo GET Request 1-154,text,true,,984,221,3,3,http://localhost:3000/logistics/tenderos/productos-disponibles?tiendaId=bbbbbbbb-bbbb-4bbb-8bbb-bbbbbbbbbbbb&zona=Zona%20Norte,63,0,0
1788744781022,64,GET Request,200,OK,Grupo GET Request 1-155,text,true,,984,221,2,2,http://localhost:3000/logistics/tenderos/productos-disponibles?tiendaId=bbbbbbbb-bbbb-4bbb-8bbb-bbbbbbbbbbbb&zona=Zona%20Norte,64,0,1
1788744781087,62,GET Request,200,OK,Grupo GET Request 1-155,text,true,,984,221,3,3,http://localhost:3000/logistics/tenderos/productos-disponibles?tiendaId=bbbbbbbb-bbbb-4bbb-8bbb-bbbbbbbbbbbb&zona=Zona%20Norte,62,0,0
1788744781085,69,GET Request,200,OK,Grupo GET Request 1-154,text,true,,984,221,3,3,http://localhost:3000/logistics/tenderos/productos-disponibles?tiendaId=bbbbbbbb-bbbb-4bbb-8bbb-bbbbbbbbbbbb&zona=Zona%20Norte,69,0,0
1788744781134,59,GET Request,200,OK,Grupo GET Request 1-156,text,true,,984,221,3,3,http://localhost:3000/logistics/tenderos/productos-disponibles?tiendaId=bbbbbbbb-bbbb-4bbb-8bbb-bbbbbbbbbbbb&zona=Zona%20Norte,59,0,0
1788744781155,56,GET Request,200,OK,Grupo GET Request 1-154,text,true,,984,221,3,3,http://localhost:3000/logistics/tenderos/productos-disponibles?tiendaId=bbbbbbbb-bbbb-4bbb-8bbb-bbbbbbbbbbbb&zona=Zona%20Norte,56,0,0
1788744781150,62,GET Request,200,OK,Grupo GET Request 1-155,text,true,,984,221,2,2,http://localhost:3000/logistics/tenderos/productos-disponibles?tiendaId=bbbbbbbb-bbbb-4bbb-8bbb-bbbbbbbbbbbb&zona=Zona%20Norte,62,0,0
1788744781194,55,GET Request,200,OK,Grupo GET Request 1-156,text,true,,984,221,3,3,http://localhost:3000/logistics/tenderos/productos-disponibles?tiendaId=bbbbbbbb-bbbb-4bbb-8bbb-bbbbbbbbbbbb&zona=Zona%20Norte,55,0,0
1788744781213,56,GET Request,200,OK,Grupo GET Request 1-155,text,true,,984,221,3,3,http://localhost:3000/logistics/tenderos/productos-disponibles?tiendaId=bbbbbbbb-bbbb-4bbb-8bbb-bbbbbbbbbbbb&zona=Zona%20Norte,56,0,0
1788744781246,61,GET Request,200,OK,Grupo GET Request 1-157,text,true,,984,221,3,3,http://localhost:3000/logistics/tenderos/productos-disponibles?tiendaId=bbbbbbbb-bbbb-4bbb-8bbb-bbbbbbbbbbbb&zona=Zona%20Norte,61,0,0
1788744781250,60,GET Request,200,OK,Grupo GET Request 1-156,text,true,,984,221,3,3,http://localhost:3000/logistics/tenderos/productos-disponibles?tiendaId=bbbbbbbb-bbbb-4bbb-8bbb-bbbbbbbbbbbb&zona=Zona%20Norte,59,0,0
1788744781270,57,GET Request,200,OK,Grupo GET Request 1-155,text,true,,984,221,3,3,http://localhost:3000/logistics/tenderos/productos-disponibles?tiendaId=bbbbbbbb-bbbb-4bbb-8bbb-bbbbbbbbbbbb&zona=Zona%20Norte,57,0,0
1788744781307,58,GET Request,200,OK,Grupo GET Request 1-157,text,true,,984,221,3,3,http://localhost:3000/logistics/tenderos/productos-disponibles?tiendaId=bbbbbbbb-bbbb-4bbb-8bbb-bbbbbbbbbbbb&zona=Zona%20Norte,58,0,0
1788744781310,63,GET Request,200,OK,Grupo GET Request 1-156,text,true,,984,221,3,3,http://localhost:3000/logistics/tenderos/productos-disponibles?tiendaId=bbbbbbbb-bbbb-4bbb-8bbb-bbbbbbbbbbbb&zona=Zona%20Norte,62,0,0
1788744781354,60,GET Request,200,OK,Grupo GET Request 1-158,text,true,,984,221,3,3,http://localhost:3000/logistics/tenderos/productos-disponibles?tiendaId=bbbbbbbb-bbbb-4bbb-8bbb-bbbbbbbbbbbb&zona=Zona%20Norte,60,0,1
1788744781366,61,GET Request,200,OK,Grupo GET Request 1-157,text,true,,984,221,3,3,http://localhost:3000/logistics/tenderos/productos-disponibles?tiendaId=bbbbbbbb-bbbb-4bbb-8bbb-bbbbbbbbbbbb&zona=Zona%20Norte,61,0,0
1788744781373,56,GET Request,200,OK,Grupo GET Request 1-156,text,true,,984,221,3,3,http://localhost:3000/logistics/tenderos/productos-disponibles?tiendaId=bbbbbbbb-bbbb-4bbb-8bbb-bbbbbbbbbbbb&zona=Zona%20Norte,56,0,0
1788744781414,62,GET Request,200,OK,Grupo GET Request 1-158,text,true,,984,221,3,3,http://localhost:3000/logistics/tenderos/productos-disponibles?tiendaId=bbbbbbbb-bbbb-4bbb-8bbb-bbbbbbbbbbbb&zona=Zona%20Norte,62,0,0
1788744781428,62,GET Request,200,OK,Grupo GET Request 1-157,text,true,,984,221,3,3,http://localhost:3000/logistics/tenderos/productos-disponibles?tiendaId=bbbbbbbb-bbbb-4bbb-8bbb-bbbbbbbbbbbb&zona=Zona%20Norte,62,0,0
1788744781465,54,GET Request,200,OK,Grupo GET Request 1-159,text,true,,984,221,3,3,http://localhost:3000/logistics/tenderos/productos-disponibles?tiendaId=bbbbbbbb-bbbb-4bbb-8bbb-bbbbbbbbbbbb&zona=Zona%20Norte,54,0,1
1788744781477,54,GET Request,200,OK,Grupo GET Request 1-158,text,true,,984,221,3,3,http://localhost:3000/logistics/tenderos/productos-disponibles?tiendaId=bbbbbbbb-bbbb-4bbb-8bbb-bbbbbbbbbbbb&zona=Zona%20Norte,54,0,0
1788744781490,56,GET Request,200,OK,Grupo GET Request 1-157,text,true,,984,221,3,3,http://localhost:3000/logistics/tenderos/productos-disponibles?tiendaId=bbbbbbbb-bbbb-4bbb-8bbb-bbbbbbbbbbbb&zona=Zona%20Norte,56,0,0
1788744781520,61,GET Request,200,OK,Grupo GET Request 1-159,text,true,,984,221,3,3,http://localhost:3000/logistics/tenderos/productos-disponibles?tiendaId=bbbbbbbb-bbbb-4bbb-8bbb-bbbbbbbbbbbb&zona=Zona%20Norte,61,0,0
1788744781532,62,GET Request,200,OK,Grupo GET Request 1-158,text,true,,984,221,3,3,http://localhost:3000/logistics/tenderos/productos-disponibles?tiendaId=bbbbbbbb-bbbb-4bbb-8bbb-bbbbbbbbbbbb&zona=Zona%20Norte,62,0,0
1788744781581,56,GET Request,200,OK,Grupo GET Request 1-159,text,true,,984,221,3,3,http://localhost:3000/logistics/tenderos/productos-disponibles?tiendaId=bbbbbbbb-bbbb-4bbb-8bbb-bbbbbbbbbbbb&zona=Zona%20Norte,56,0,0
1788744781576,69,GET Request,200,OK,Grupo GET Request 1-160,text,true,,984,221,3,3,http://localhost:3000/logistics/tenderos/productos-disponibles?tiendaId=bbbbbbbb-bbbb-4bbb-8bbb-bbbbbbbbbbbb&zona=Zona%20Norte,69,0,0
1788744781594,55,GET Request,200,OK,Grupo GET Request 1-158,text,true,,984,221,3,3,http://localhost:3000/logistics/tenderos/productos-disponibles?tiendaId=bbbbbbbb-bbbb-4bbb-8bbb-bbbbbbbbbbbb&zona=Zona%20Norte,55,0,0
1788744781637,56,GET Request,200,OK,Grupo GET Request 1-159,text,true,,984,221,3,3,http://localhost:3000/logistics/tenderos/productos-disponibles?tiendaId=bbbbbbbb-bbbb-4bbb-8bbb-bbbbbbbbbbbb&zona=Zona%20Norte,56,0,0
1788744781645,57,GET Request,200,OK,Grupo GET Request 1-160,text,true,,984,221,3,3,http://localhost:3000/logistics/tenderos/productos-disponibles?tiendaId=bbbbbbbb-bbbb-4bbb-8bbb-bbbbbbbbbbbb&zona=Zona%20Norte,57,0,0
1788744781686,62,GET Request,200,OK,Grupo GET Request 1-161,text,true,,984,221,3,3,http://localhost:3000/logistics/tenderos/productos-disponibles?tiendaId=bbbbbbbb-bbbb-4bbb-8bbb-bbbbbbbbbbbb&zona=Zona%20Norte,62,0,1
1788744781693,59,GET Request,200,OK,Grupo GET Request 1-159,text,true,,984,221,3,3,http://localhost:3000/logistics/tenderos/productos-disponibles?tiendaId=bbbbbbbb-bbbb-4bbb-8bbb-bbbbbbbbbbbb&zona=Zona%20Norte,59,0,0
1788744781702,58,GET Request,200,OK,Grupo GET Request 1-160,text,true,,984,221,2,2,http://localhost:3000/logistics/tenderos/productos-disponibles?tiendaId=bbbbbbbb-bbbb-4bbb-8bbb-bbbbbbbbbbbb&zona=Zona%20Norte,58,0,0
1788744781748,57,GET Request,200,OK,Grupo GET Request 1-161,text,true,,984,221,3,3,http://localhost:3000/logistics/tenderos/productos-disponibles?tiendaId=bbbbbbbb-bbbb-4bbb-8bbb-bbbbbbbbbbbb&zona=Zona%20Norte,56,0,0
1788744781760,56,GET Request,200,OK,Grupo GET Request 1-160,text,true,,984,221,3,3,http://localhost:3000/logistics/tenderos/productos-disponibles?tiendaId=bbbbbbbb-bbbb-4bbb-8bbb-bbbbbbbbbbbb&zona=Zona%20Norte,56,0,0
1788744781798,55,GET Request,200,OK,Grupo GET Request 1-162,text,true,,984,221,3,3,http://localhost:3000/logistics/tenderos/productos-disponibles?tiendaId=bbbbbbbb-bbbb-4bbb-8bbb-bbbbbbbbbbbb&zona=Zona%20Norte,55,0,1
1788744781805,54,GET Request,200,OK,Grupo GET Request 1-161,text,true,,984,221,3,3,http://localhost:3000/logistics/tenderos/productos-disponibles?tiendaId=bbbbbbbb-bbbb-4bbb-8bbb-bbbbbbbbbbbb&zona=Zona%20Norte,54,0,0
1788744781816,54,GET Request,200,OK,Grupo GET Request 1-160,text,true,,984,221,3,3,http://localhost:3000/logistics/tenderos/productos-disponibles?tiendaId=bbbbbbbb-bbbb-4bbb-8bbb-bbbbbbbbbbbb&zona=Zona%20Norte,54,0,0
1788744781853,55,GET Request,200,OK,Grupo GET Request 1-162,text,true,,984,221,2,2,http://localhost:3000/logistics/tenderos/productos-disponibles?tiendaId=bbbbbbbb-bbbb-4bbb-8bbb-bbbbbbbbbbbb&zona=Zona%20Norte,55,0,0
1788744781859,54,GET Request,200,OK,Grupo GET Request 1-161,text,true,,984,221,3,3,http://localhost:3000/logistics/tenderos/productos-disponibles?tiendaId=bbbbbbbb-bbbb-4bbb-8bbb-bbbbbbbbbbbb&zona=Zona%20Norte,54,0,0
1788744781909,56,GET Request,200,OK,Grupo GET Request 1-162,text,true,,984,221,3,3,http://localhost:3000/logistics/tenderos/productos-disponibles?tiendaId=bbbbbbbb-bbbb-4bbb-8bbb-bbbbbbbbbbbb&zona=Zona%20Norte,56,0,0
1788744781913,55,GET Request,200,OK,Grupo GET Request 1-161,text,true,,984,221,3,3,http://localhost:3000/logistics/tenderos/productos-disponibles?tiendaId=bbbbbbbb-bbbb-4bbb-8bbb-bbbbbbbbbbbb&zona=Zona%20Norte,55,0,0
1788744781910,59,GET Request,200,OK,Grupo GET Request 1-163,text,true,,984,221,2,2,http://localhost:3000/logistics/tenderos/productos-disponibles?tiendaId=bbbbbbbb-bbbb-4bbb-8bbb-bbbbbbbbbbbb&zona=Zona%20Norte,59,0,1
1788744781966,55,GET Request,200,OK,Grupo GET Request 1-162,text,true,,984,221,3,3,http://localhost:3000/logistics/tenderos/productos-disponibles?tiendaId=bbbbbbbb-bbbb-4bbb-8bbb-bbbbbbbbbbbb&zona=Zona%20Norte,55,0,0
1788744781969,56,GET Request,200,OK,Grupo GET Request 1-163,text,true,,984,221,3,3,http://localhost:3000/logistics/tenderos/productos-disponibles?tiendaId=bbbbbbbb-bbbb-4bbb-8bbb-bbbbbbbbbbbb&zona=Zona%20Norte,56,0,0
1788744782019,57,GET Request,200,OK,Grupo GET Request 1-164,text,true,,984,221,3,3,http://localhost:3000/logistics/tenderos/productos-disponibles?tiendaId=bbbbbbbb-bbbb-4bbb-8bbb-bbbbbbbbbbbb&zona=Zona%20Norte,57,0,1
1788744782021,58,GET Request,200,OK,Grupo GET Request 1-162,text,true,,984,221,3,3,http://localhost:3000/logistics/tenderos/productos-disponibles?tiendaId=bbbbbbbb-bbbb-4bbb-8bbb-bbbbbbbbbbbb&zona=Zona%20Norte,58,0,0
1788744782025,56,GET Request,200,OK,Grupo GET Request 1-163,text,true,,984,221,2,2,http://localhost:3000/logistics/tenderos/productos-disponibles?tiendaId=bbbbbbbb-bbbb-4bbb-8bbb-bbbbbbbbbbbb&zona=Zona%20Norte,56,0,0
1788744782077,56,GET Request,200,OK,Grupo GET Request 1-164,text,true,,984,221,2,2,http://localhost:3000/logistics/tenderos/productos-disponibles?tiendaId=bbbbbbbb-bbbb-4bbb-8bbb-bbbbbbbbbbbb&zona=Zona%20Norte,56,0,0
1788744782081,55,GET Request,200,OK,Grupo GET Request 1-163,text,true,,984,221,3,3,http://localhost:3000/logistics/tenderos/productos-disponibles?tiendaId=bbbbbbbb-bbbb-4bbb-8bbb-bbbbbbbbbbbb&zona=Zona%20Norte,55,0,0
1788744782133,55,GET Request,200,OK,Grupo GET Request 1-164,text,true,,984,221,3,3,http://localhost:3000/logistics/tenderos/productos-disponibles?tiendaId=bbbbbbbb-bbbb-4bbb-8bbb-bbbbbbbbbbbb&zona=Zona%20Norte,55,0,0
1788744782133,55,GET Request,200,OK,Grupo GET Request 1-165,text,true,,984,221,3,3,http://localhost:3000/logistics/tenderos/productos-disponibles?tiendaId=bbbbbbbb-bbbb-4bbb-8bbb-bbbbbbbbbbbb&zona=Zona%20Norte,55,0,1
1788744782136,54,GET Request,200,OK,Grupo GET Request 1-163,text,true,,984,221,3,3,http://localhost:3000/logistics/tenderos/productos-disponibles?tiendaId=bbbbbbbb-bbbb-4bbb-8bbb-bbbbbbbbbbbb&zona=Zona%20Norte,54,0,0
1788744782188,57,GET Request,200,OK,Grupo GET Request 1-164,text,true,,984,221,3,3,http://localhost:3000/logistics/tenderos/productos-disponibles?tiendaId=bbbbbbbb-bbbb-4bbb-8bbb-bbbbbbbbbbbb&zona=Zona%20Norte,57,0,0
1788744782188,59,GET Request,200,OK,Grupo GET Request 1-165,text,true,,984,221,3,3,http://localhost:3000/logistics/tenderos/productos-disponibles?tiendaId=bbbbbbbb-bbbb-4bbb-8bbb-bbbbbbbbbbbb&zona=Zona%20Norte,59,0,0
1788744782243,59,GET Request,200,OK,Grupo GET Request 1-166,text,true,,984,221,3,3,http://localhost:3000/logistics/tenderos/productos-disponibles?tiendaId=bbbbbbbb-bbbb-4bbb-8bbb-bbbbbbbbbbbb&zona=Zona%20Norte,59,0,1
1788744782245,57,GET Request,200,OK,Grupo GET Request 1-164,text,true,,984,221,3,3,http://localhost:3000/logistics/tenderos/productos-disponibles?tiendaId=bbbbbbbb-bbbb-4bbb-8bbb-bbbbbbbbbbbb&zona=Zona%20Norte,57,0,0
1788744782247,58,GET Request,200,OK,Grupo GET Request 1-165,text,true,,984,221,2,2,http://localhost:3000/logistics/tenderos/productos-disponibles?tiendaId=bbbbbbbb-bbbb-4bbb-8bbb-bbbbbbbbbbbb&zona=Zona%20Norte,58,0,0
1788744782302,56,GET Request,200,OK,Grupo GET Request 1-166,text,true,,984,221,3,3,http://localhost:3000/logistics/tenderos/productos-disponibles?tiendaId=bbbbbbbb-bbbb-4bbb-8bbb-bbbbbbbbbbbb&zona=Zona%20Norte,56,0,0
1788744782305,58,GET Request,200,OK,Grupo GET Request 1-165,text,true,,984,221,3,3,http://localhost:3000/logistics/tenderos/productos-disponibles?tiendaId=bbbbbbbb-bbbb-4bbb-8bbb-bbbbbbbbbbbb&zona=Zona%20Norte,58,0,0
1788744782354,57,GET Request,200,OK,Grupo GET Request 1-167,text,true,,984,221,3,3,http://localhost:3000/logistics/tenderos/productos-disponibles?tiendaId=bbbbbbbb-bbbb-4bbb-8bbb-bbbbbbbbbbbb&zona=Zona%20Norte,57,0,1
1788744782358,54,GET Request,200,OK,Grupo GET Request 1-166,text,true,,984,221,3,3,http://localhost:3000/logistics/tenderos/productos-disponibles?tiendaId=bbbbbbbb-bbbb-4bbb-8bbb-bbbbbbbbbbbb&zona=Zona%20Norte,54,0,0
1788744782364,54,GET Request,200,OK,Grupo GET Request 1-165,text,true,,984,221,3,3,http://localhost:3000/logistics/tenderos/productos-disponibles?tiendaId=bbbbbbbb-bbbb-4bbb-8bbb-bbbbbbbbbbbb&zona=Zona%20Norte,54,0,0
1788744782412,55,GET Request,200,OK,Grupo GET Request 1-166,text,true,,984,221,3,3,http://localhost:3000/logistics/tenderos/productos-disponibles?tiendaId=bbbbbbbb-bbbb-4bbb-8bbb-bbbbbbbbbbbb&zona=Zona%20Norte,55,0,0
1788744782412,55,GET Request,200,OK,Grupo GET Request 1-167,text,true,,984,221,3,3,http://localhost:3000/logistics/tenderos/productos-disponibles?tiendaId=bbbbbbbb-bbbb-4bbb-8bbb-bbbbbbbbbbbb&zona=Zona%20Norte,55,0,0
1788744782467,56,GET Request,200,OK,Grupo GET Request 1-166,text,true,,984,221,3,3,http://localhost:3000/logistics/tenderos/productos-disponibles?tiendaId=bbbbbbbb-bbbb-4bbb-8bbb-bbbbbbbbbbbb&zona=Zona%20Norte,56,0,0
1788744782467,61,GET Request,200,OK,Grupo GET Request 1-167,text,true,,984,221,2,2,http://localhost:3000/logistics/tenderos/productos-disponibles?tiendaId=bbbbbbbb-bbbb-4bbb-8bbb-bbbbbbbbbbbb&zona=Zona%20Norte,61,0,0
1788744782465,65,GET Request,200,OK,Grupo GET Request 1-168,text,true,,984,221,2,2,http://localhost:3000/logistics/tenderos/productos-disponibles?tiendaId=bbbbbbbb-bbbb-4bbb-8bbb-bbbbbbbbbbbb&zona=Zona%20Norte,65,0,0
1788744782530,54,GET Request,200,OK,Grupo GET Request 1-168,text,true,,984,221,3,3,http://localhost:3000/logistics/tenderos/productos-disponibles?tiendaId=bbbbbbbb-bbbb-4bbb-8bbb-bbbbbbbbbbbb&zona=Zona%20Norte,54,0,0
1788744782528,69,GET Request,200,OK,Grupo GET Request 1-167,text,true,,984,221,3,3,http://localhost:3000/logistics/tenderos/productos-disponibles?tiendaId=bbbbbbbb-bbbb-4bbb-8bbb-bbbbbbbbbbbb&zona=Zona%20Norte,69,0,0
1788744782577,57,GET Request,200,OK,Grupo GET Request 1-169,text,true,,984,221,3,3,http://localhost:3000/logistics/tenderos/productos-disponibles?tiendaId=bbbbbbbb-bbbb-4bbb-8bbb-bbbbbbbbbbbb&zona=Zona%20Norte,57,0,1
1788744782584,54,GET Request,200,OK,Grupo GET Request 1-168,text,true,,984,221,3,3,http://localhost:3000/logistics/tenderos/productos-disponibles?tiendaId=bbbbbbbb-bbbb-4bbb-8bbb-bbbbbbbbbbbb&zona=Zona%20Norte,54,0,0
1788744782597,55,GET Request,200,OK,Grupo GET Request 1-167,text,true,,984,221,3,3,http://localhost:3000/logistics/tenderos/productos-disponibles?tiendaId=bbbbbbbb-bbbb-4bbb-8bbb-bbbbbbbbbbbb&zona=Zona%20Norte,55,0,0
1788744782634,57,GET Request,200,OK,Grupo GET Request 1-169,text,true,,984,221,3,3,http://localhost:3000/logistics/tenderos/productos-disponibles?tiendaId=bbbbbbbb-bbbb-4bbb-8bbb-bbbbbbbbbbbb&zona=Zona%20Norte,57,0,0
1788744782638,57,GET Request,200,OK,Grupo GET Request 1-168,text,true,,984,221,3,3,http://localhost:3000/logistics/tenderos/productos-disponibles?tiendaId=bbbbbbbb-bbbb-4bbb-8bbb-bbbbbbbbbbbb&zona=Zona%20Norte,56,0,0
1788744782691,58,GET Request,200,OK,Grupo GET Request 1-169,text,true,,984,221,3,3,http://localhost:3000/logistics/tenderos/productos-disponibles?tiendaId=bbbbbbbb-bbbb-4bbb-8bbb-bbbbbbbbbbbb&zona=Zona%20Norte,58,0,0
1788744782695,54,GET Request,200,OK,Grupo GET Request 1-168,text,true,,984,221,3,3,http://localhost:3000/logistics/tenderos/productos-disponibles?tiendaId=bbbbbbbb-bbbb-4bbb-8bbb-bbbbbbbbbbbb&zona=Zona%20Norte,54,0,0
1788744782688,73,GET Request,200,OK,Grupo GET Request 1-170,text,true,,984,221,2,2,http://localhost:3000/logistics/tenderos/productos-disponibles?tiendaId=bbbbbbbb-bbbb-4bbb-8bbb-bbbbbbbbbbbb&zona=Zona%20Norte,73,0,0
1788744782749,64,GET Request,200,OK,Grupo GET Request 1-169,text,true,,984,221,3,3,http://localhost:3000/logistics/tenderos/productos-disponibles?tiendaId=bbbbbbbb-bbbb-4bbb-8bbb-bbbbbbbbbbbb&zona=Zona%20Norte,64,0,0
1788744782761,54,GET Request,200,OK,Grupo GET Request 1-170,text,true,,984,221,3,3,http://localhost:3000/logistics/tenderos/productos-disponibles?tiendaId=bbbbbbbb-bbbb-4bbb-8bbb-bbbbbbbbbbbb&zona=Zona%20Norte,54,0,0
1788744782800,60,GET Request,200,OK,Grupo GET Request 1-171,text,true,,984,221,3,3,http://localhost:3000/logistics/tenderos/productos-disponibles?tiendaId=bbbbbbbb-bbbb-4bbb-8bbb-bbbbbbbbbbbb&zona=Zona%20Norte,60,0,1
1788744782813,62,GET Request,200,OK,Grupo GET Request 1-169,text,true,,984,221,3,3,http://localhost:3000/logistics/tenderos/productos-disponibles?tiendaId=bbbbbbbb-bbbb-4bbb-8bbb-bbbbbbbbbbbb&zona=Zona%20Norte,62,0,0
1788744782815,64,GET Request,200,OK,Grupo GET Request 1-170,text,true,,984,221,2,2,http://localhost:3000/logistics/tenderos/productos-disponibles?tiendaId=bbbbbbbb-bbbb-4bbb-8bbb-bbbbbbbbbbbb&zona=Zona%20Norte,64,0,0
1788744782861,54,GET Request,200,OK,Grupo GET Request 1-171,text,true,,984,221,3,3,http://localhost:3000/logistics/tenderos/productos-disponibles?tiendaId=bbbbbbbb-bbbb-4bbb-8bbb-bbbbbbbbbbbb&zona=Zona%20Norte,54,0,0
1788744782880,56,GET Request,200,OK,Grupo GET Request 1-170,text,true,,984,221,3,3,http://localhost:3000/logistics/tenderos/productos-disponibles?tiendaId=bbbbbbbb-bbbb-4bbb-8bbb-bbbbbbbbbbbb&zona=Zona%20Norte,56,0,0
1788744782909,56,GET Request,200,OK,Grupo GET Request 1-172,text,true,,984,221,3,3,http://localhost:3000/logistics/tenderos/productos-disponibles?tiendaId=bbbbbbbb-bbbb-4bbb-8bbb-bbbbbbbbbbbb&zona=Zona%20Norte,56,0,1
1788744782915,57,GET Request,200,OK,Grupo GET Request 1-171,text,true,,984,221,3,3,http://localhost:3000/logistics/tenderos/productos-disponibles?tiendaId=bbbbbbbb-bbbb-4bbb-8bbb-bbbbbbbbbbbb&zona=Zona%20Norte,57,0,0
1788744782936,56,GET Request,200,OK,Grupo GET Request 1-170,text,true,,984,221,3,3,http://localhost:3000/logistics/tenderos/productos-disponibles?tiendaId=bbbbbbbb-bbbb-4bbb-8bbb-bbbbbbbbbbbb&zona=Zona%20Norte,56,0,0
1788744782965,57,GET Request,200,OK,Grupo GET Request 1-172,text,true,,984,221,3,3,http://localhost:3000/logistics/tenderos/productos-disponibles?tiendaId=bbbbbbbb-bbbb-4bbb-8bbb-bbbbbbbbbbbb&zona=Zona%20Norte,57,0,0
1788744782973,53,GET Request,200,OK,Grupo GET Request 1-171,text,true,,984,221,3,3,http://localhost:3000/logistics/tenderos/productos-disponibles?tiendaId=bbbbbbbb-bbbb-4bbb-8bbb-bbbbbbbbbbbb&zona=Zona%20Norte,53,0,0
1788744783018,55,GET Request,200,OK,Grupo GET Request 1-173,text,true,,984,221,3,3,http://localhost:3000/logistics/tenderos/productos-disponibles?tiendaId=bbbbbbbb-bbbb-4bbb-8bbb-bbbbbbbbbbbb&zona=Zona%20Norte,55,0,0
1788744783027,52,GET Request,200,OK,Grupo GET Request 1-171,text,true,,984,221,3,3,http://localhost:3000/logistics/tenderos/productos-disponibles?tiendaId=bbbbbbbb-bbbb-4bbb-8bbb-bbbbbbbbbbbb&zona=Zona%20Norte,52,0,0
1788744783022,63,GET Request,200,OK,Grupo GET Request 1-172,text,true,,984,221,2,2,http://localhost:3000/logistics/tenderos/productos-disponibles?tiendaId=bbbbbbbb-bbbb-4bbb-8bbb-bbbbbbbbbbbb&zona=Zona%20Norte,63,0,0
1788744783073,61,GET Request,200,OK,Grupo GET Request 1-173,text,true,,984,221,3,3,http://localhost:3000/logistics/tenderos/productos-disponibles?tiendaId=bbbbbbbb-bbbb-4bbb-8bbb-bbbbbbbbbbbb&zona=Zona%20Norte,61,0,0
1788744783085,56,GET Request,200,OK,Grupo GET Request 1-172,text,true,,984,221,3,3,http://localhost:3000/logistics/tenderos/productos-disponibles?tiendaId=bbbbbbbb-bbbb-4bbb-8bbb-bbbbbbbbbbbb&zona=Zona%20Norte,56,0,0
1788744783134,58,GET Request,200,OK,Grupo GET Request 1-174,text,true,,984,221,3,3,http://localhost:3000/logistics/tenderos/productos-disponibles?tiendaId=bbbbbbbb-bbbb-4bbb-8bbb-bbbbbbbbbbbb&zona=Zona%20Norte,58,0,0
1788744783134,71,GET Request,200,OK,Grupo GET Request 1-173,text,true,,984,221,3,3,http://localhost:3000/logistics/tenderos/productos-disponibles?tiendaId=bbbbbbbb-bbbb-4bbb-8bbb-bbbbbbbbbbbb&zona=Zona%20Norte,71,0,0
1788744783141,64,GET Request,200,OK,Grupo GET Request 1-172,text,true,,984,221,3,3,http://localhost:3000/logistics/tenderos/productos-disponibles?tiendaId=bbbbbbbb-bbbb-4bbb-8bbb-bbbbbbbbbbbb&zona=Zona%20Norte,64,0,0
1788744783192,62,GET Request,200,OK,Grupo GET Request 1-174,text,true,,984,221,3,3,http://localhost:3000/logistics/tenderos/productos-disponibles?tiendaId=bbbbbbbb-bbbb-4bbb-8bbb-bbbbbbbbbbbb&zona=Zona%20Norte,62,0,0
1788744783205,69,GET Request,200,OK,Grupo GET Request 1-173,text,true,,984,221,3,3,http://localhost:3000/logistics/tenderos/productos-disponibles?tiendaId=bbbbbbbb-bbbb-4bbb-8bbb-bbbbbbbbbbbb&zona=Zona%20Norte,69,0,0
1788744783240,58,GET Request,200,OK,Grupo GET Request 1-175,text,true,,984,221,3,3,http://localhost:3000/logistics/tenderos/productos-disponibles?tiendaId=bbbbbbbb-bbbb-4bbb-8bbb-bbbbbbbbbbbb&zona=Zona%20Norte,58,0,0
1788744783254,55,GET Request,200,OK,Grupo GET Request 1-174,text,true,,984,221,3,3,http://localhost:3000/logistics/tenderos/productos-disponibles?tiendaId=bbbbbbbb-bbbb-4bbb-8bbb-bbbbbbbbbbbb&zona=Zona%20Norte,55,0,0
1788744783274,54,GET Request,200,OK,Grupo GET Request 1-173,text,true,,984,221,3,3,http://localhost:3000/logistics/tenderos/productos-disponibles?tiendaId=bbbbbbbb-bbbb-4bbb-8bbb-bbbbbbbbbbbb&zona=Zona%20Norte,54,0,0
1788744783298,60,GET Request,200,OK,Grupo GET Request 1-175,text,true,,984,221,3,3,http://localhost:3000/logistics/tenderos/productos-disponibles?tiendaId=bbbbbbbb-bbbb-4bbb-8bbb-bbbbbbbbbbbb&zona=Zona%20Norte,60,0,0
1788744783309,56,GET Request,200,OK,Grupo GET Request 1-174,text,true,,984,221,3,3,http://localhost:3000/logistics/tenderos/productos-disponibles?tiendaId=bbbbbbbb-bbbb-4bbb-8bbb-bbbbbbbbbbbb&zona=Zona%20Norte,56,0,0
1788744783354,59,GET Request,200,OK,Grupo GET Request 1-176,text,true,,984,221,3,3,http://localhost:3000/logistics/tenderos/productos-disponibles?tiendaId=bbbbbbbb-bbbb-4bbb-8bbb-bbbbbbbbbbbb&zona=Zona%20Norte,59,0,0
1788744783358,58,GET Request,200,OK,Grupo GET Request 1-175,text,true,,984,221,3,3,http://localhost:3000/logistics/tenderos/productos-disponibles?tiendaId=bbbbbbbb-bbbb-4bbb-8bbb-bbbbbbbbbbbb&zona=Zona%20Norte,58,0,0
1788744783366,58,GET Request,200,OK,Grupo GET Request 1-174,text,true,,984,221,3,3,http://localhost:3000/logistics/tenderos/productos-disponibles?tiendaId=bbbbbbbb-bbbb-4bbb-8bbb-bbbbbbbbbbbb&zona=Zona%20Norte,58,0,0
1788744783413,67,GET Request,200,OK,Grupo GET Request 1-176,text,true,,984,221,3,3,http://localhost:3000/logistics/tenderos/productos-disponibles?tiendaId=bbbbbbbb-bbbb-4bbb-8bbb-bbbbbbbbbbbb&zona=Zona%20Norte,67,0,0
1788744783416,71,GET Request,200,OK,Grupo GET Request 1-175,text,true,,984,221,3,3,http://localhost:3000/logistics/tenderos/productos-disponibles?tiendaId=bbbbbbbb-bbbb-4bbb-8bbb-bbbbbbbbbbbb&zona=Zona%20Norte,71,0,0
1788744783462,60,GET Request,200,OK,Grupo GET Request 1-177,text,true,,984,221,3,3,http://localhost:3000/logistics/tenderos/productos-disponibles?tiendaId=bbbbbbbb-bbbb-4bbb-8bbb-bbbbbbbbbbbb&zona=Zona%20Norte,60,0,1
1788744783480,59,GET Request,200,OK,Grupo GET Request 1-176,text,true,,984,221,3,3,http://localhost:3000/logistics/tenderos/productos-disponibles?tiendaId=bbbbbbbb-bbbb-4bbb-8bbb-bbbbbbbbbbbb&zona=Zona%20Norte,59,0,0
1788744783488,57,GET Request,200,OK,Grupo GET Request 1-175,text,true,,984,221,3,3,http://localhost:3000/logistics/tenderos/productos-disponibles?tiendaId=bbbbbbbb-bbbb-4bbb-8bbb-bbbbbbbbbbbb&zona=Zona%20Norte,57,0,0
1788744783522,56,GET Request,200,OK,Grupo GET Request 1-177,text,true,,984,221,3,3,http://localhost:3000/logistics/tenderos/productos-disponibles?tiendaId=bbbbbbbb-bbbb-4bbb-8bbb-bbbbbbbbbbbb&zona=Zona%20Norte,56,0,0
1788744783539,55,GET Request,200,OK,Grupo GET Request 1-176,text,true,,984,221,3,3,http://localhost:3000/logistics/tenderos/productos-disponibles?tiendaId=bbbbbbbb-bbbb-4bbb-8bbb-bbbbbbbbbbbb&zona=Zona%20Norte,55,0,0
1788744783576,55,GET Request,200,OK,Grupo GET Request 1-178,text,true,,984,221,3,3,http://localhost:3000/logistics/tenderos/productos-disponibles?tiendaId=bbbbbbbb-bbbb-4bbb-8bbb-bbbbbbbbbbbb&zona=Zona%20Norte,55,0,0
1788744783578,54,GET Request,200,OK,Grupo GET Request 1-177,text,true,,984,221,3,3,http://localhost:3000/logistics/tenderos/productos-disponibles?tiendaId=bbbbbbbb-bbbb-4bbb-8bbb-bbbbbbbbbbbb&zona=Zona%20Norte,54,0,0
1788744783594,55,GET Request,200,OK,Grupo GET Request 1-176,text,true,,984,221,3,3,http://localhost:3000/logistics/tenderos/productos-disponibles?tiendaId=bbbbbbbb-bbbb-4bbb-8bbb-bbbbbbbbbbbb&zona=Zona%20Norte,55,0,0
1788744783631,56,GET Request,200,OK,Grupo GET Request 1-178,text,true,,984,221,3,3,http://localhost:3000/logistics/tenderos/productos-disponibles?tiendaId=bbbbbbbb-bbbb-4bbb-8bbb-bbbbbbbbbbbb&zona=Zona%20Norte,56,0,0
1788744783633,54,GET Request,200,OK,Grupo GET Request 1-177,text,true,,984,221,3,3,http://localhost:3000/logistics/tenderos/productos-disponibles?tiendaId=bbbbbbbb-bbbb-4bbb-8bbb-bbbbbbbbbbbb&zona=Zona%20Norte,54,0,0
1788744783685,56,GET Request,200,OK,Grupo GET Request 1-179,text,true,,984,221,3,3,http://localhost:3000/logistics/tenderos/productos-disponibles?tiendaId=bbbbbbbb-bbbb-4bbb-8bbb-bbbbbbbbbbbb&zona=Zona%20Norte,56,0,1
1788744783687,56,GET Request,200,OK,Grupo GET Request 1-177,text,true,,984,221,3,3,http://localhost:3000/logistics/tenderos/productos-disponibles?tiendaId=bbbbbbbb-bbbb-4bbb-8bbb-bbbbbbbbbbbb&zona=Zona%20Norte,56,0,0
1788744783687,56,GET Request,200,OK,Grupo GET Request 1-178,text,true,,984,221,2,2,http://localhost:3000/logistics/tenderos/productos-disponibles?tiendaId=bbbbbbbb-bbbb-4bbb-8bbb-bbbbbbbbbbbb&zona=Zona%20Norte,56,0,0
1788744783743,58,GET Request,200,OK,Grupo GET Request 1-178,text,true,,984,221,3,3,http://localhost:3000/logistics/tenderos/productos-disponibles?tiendaId=bbbbbbbb-bbbb-4bbb-8bbb-bbbbbbbbbbbb&zona=Zona%20Norte,58,0,0
1788744783741,69,GET Request,200,OK,Grupo GET Request 1-179,text,true,,984,221,3,3,http://localhost:3000/logistics/tenderos/productos-disponibles?tiendaId=bbbbbbbb-bbbb-4bbb-8bbb-bbbbbbbbbbbb&zona=Zona%20Norte,69,0,0
1788744783798,55,GET Request,200,OK,Grupo GET Request 1-180,text,true,,984,221,3,3,http://localhost:3000/logistics/tenderos/productos-disponibles?tiendaId=bbbbbbbb-bbbb-4bbb-8bbb-bbbbbbbbbbbb&zona=Zona%20Norte,55,0,1
1788744783801,54,GET Request,200,OK,Grupo GET Request 1-178,text,true,,984,221,3,3,http://localhost:3000/logistics/tenderos/productos-disponibles?tiendaId=bbbbbbbb-bbbb-4bbb-8bbb-bbbbbbbbbbbb&zona=Zona%20Norte,53,0,0
1788744783810,55,GET Request,200,OK,Grupo GET Request 1-179,text,true,,984,221,2,2,http://localhost:3000/logistics/tenderos/productos-disponibles?tiendaId=bbbbbbbb-bbbb-4bbb-8bbb-bbbbbbbbbbbb&zona=Zona%20Norte,55,0,0
1788744783853,54,GET Request,200,OK,Grupo GET Request 1-180,text,true,,984,221,2,2,http://localhost:3000/logistics/tenderos/productos-disponibles?tiendaId=bbbbbbbb-bbbb-4bbb-8bbb-bbbbbbbbbbbb&zona=Zona%20Norte,54,0,0
1788744783865,55,GET Request,200,OK,Grupo GET Request 1-179,text,true,,984,221,3,3,http://localhost:3000/logistics/tenderos/productos-disponibles?tiendaId=bbbbbbbb-bbbb-4bbb-8bbb-bbbbbbbbbbbb&zona=Zona%20Norte,55,0,0
1788744783908,55,GET Request,200,OK,Grupo GET Request 1-180,text,true,,984,221,3,3,http://localhost:3000/logistics/tenderos/productos-disponibles?tiendaId=bbbbbbbb-bbbb-4bbb-8bbb-bbbbbbbbbbbb&zona=Zona%20Norte,55,0,0
1788744783910,60,GET Request,200,OK,Grupo GET Request 1-181,text,true,,984,221,3,3,http://localhost:3000/logistics/tenderos/productos-disponibles?tiendaId=bbbbbbbb-bbbb-4bbb-8bbb-bbbbbbbbbbbb&zona=Zona%20Norte,60,0,0
1788744783921,56,GET Request,200,OK,Grupo GET Request 1-179,text,true,,984,221,3,3,http://localhost:3000/logistics/tenderos/productos-disponibles?tiendaId=bbbbbbbb-bbbb-4bbb-8bbb-bbbbbbbbbbbb&zona=Zona%20Norte,56,0,0
1788744783964,56,GET Request,200,OK,Grupo GET Request 1-180,text,true,,984,221,3,3,http://localhost:3000/logistics/tenderos/productos-disponibles?tiendaId=bbbbbbbb-bbbb-4bbb-8bbb-bbbbbbbbbbbb&zona=Zona%20Norte,56,0,0
1788744783970,60,GET Request,200,OK,Grupo GET Request 1-181,text,true,,984,221,3,3,http://localhost:3000/logistics/tenderos/productos-disponibles?tiendaId=bbbbbbbb-bbbb-4bbb-8bbb-bbbbbbbbbbbb&zona=Zona%20Norte,60,0,0
1788744784016,57,GET Request,200,OK,Grupo GET Request 1-182,text,true,,984,221,3,3,http://localhost:3000/logistics/tenderos/productos-disponibles?tiendaId=bbbbbbbb-bbbb-4bbb-8bbb-bbbbbbbbbbbb&zona=Zona%20Norte,57,0,1
1788744784019,53,GET Request,200,OK,Grupo GET Request 1-180,text,true,,984,221,3,3,http://localhost:3000/logistics/tenderos/productos-disponibles?tiendaId=bbbbbbbb-bbbb-4bbb-8bbb-bbbbbbbbbbbb&zona=Zona%20Norte,53,0,0
1788744784029,54,GET Request,200,OK,Grupo GET Request 1-181,text,true,,984,221,2,2,http://localhost:3000/logistics/tenderos/productos-disponibles?tiendaId=bbbbbbbb-bbbb-4bbb-8bbb-bbbbbbbbbbbb&zona=Zona%20Norte,54,0,0
1788744784072,54,GET Request,200,OK,Grupo GET Request 1-182,text,true,,984,221,3,3,http://localhost:3000/logistics/tenderos/productos-disponibles?tiendaId=bbbbbbbb-bbbb-4bbb-8bbb-bbbbbbbbbbbb&zona=Zona%20Norte,54,0,0
1788744784083,55,GET Request,200,OK,Grupo GET Request 1-181,text,true,,984,221,3,3,http://localhost:3000/logistics/tenderos/productos-disponibles?tiendaId=bbbbbbbb-bbbb-4bbb-8bbb-bbbbbbbbbbbb&zona=Zona%20Norte,55,0,0
1788744784126,54,GET Request,200,OK,Grupo GET Request 1-182,text,true,,984,221,3,3,http://localhost:3000/logistics/tenderos/productos-disponibles?tiendaId=bbbbbbbb-bbbb-4bbb-8bbb-bbbbbbbbbbbb&zona=Zona%20Norte,54,0,0
1788744784126,54,GET Request,200,OK,Grupo GET Request 1-183,text,true,,984,221,3,3,http://localhost:3000/logistics/tenderos/productos-disponibles?tiendaId=bbbbbbbb-bbbb-4bbb-8bbb-bbbbbbbbbbbb&zona=Zona%20Norte,54,0,0
1788744784138,53,GET Request,200,OK,Grupo GET Request 1-181,text,true,,984,221,3,3,http://localhost:3000/logistics/tenderos/productos-disponibles?tiendaId=bbbbbbbb-bbbb-4bbb-8bbb-bbbbbbbbbbbb&zona=Zona%20Norte,53,0,0
1788744784180,57,GET Request,200,OK,Grupo GET Request 1-182,text,true,,984,221,3,3,http://localhost:3000/logistics/tenderos/productos-disponibles?tiendaId=bbbbbbbb-bbbb-4bbb-8bbb-bbbbbbbbbbbb&zona=Zona%20Norte,57,0,0
1788744784181,56,GET Request,200,OK,Grupo GET Request 1-183,text,true,,984,221,3,3,http://localhost:3000/logistics/tenderos/productos-disponibles?tiendaId=bbbbbbbb-bbbb-4bbb-8bbb-bbbbbbbbbbbb&zona=Zona%20Norte,56,0,0
1788744784237,55,GET Request,200,OK,Grupo GET Request 1-182,text,true,,984,221,3,3,http://localhost:3000/logistics/tenderos/productos-disponibles?tiendaId=bbbbbbbb-bbbb-4bbb-8bbb-bbbbbbbbbbbb&zona=Zona%20Norte,55,0,0
1788744784237,59,GET Request,200,OK,Grupo GET Request 1-184,text,true,,984,221,2,2,http://localhost:3000/logistics/tenderos/productos-disponibles?tiendaId=bbbbbbbb-bbbb-4bbb-8bbb-bbbbbbbbbbbb&zona=Zona%20Norte,59,0,1
1788744784237,62,GET Request,200,OK,Grupo GET Request 1-183,text,true,,984,221,2,2,http://localhost:3000/logistics/tenderos/productos-disponibles?tiendaId=bbbbbbbb-bbbb-4bbb-8bbb-bbbbbbbbbbbb&zona=Zona%20Norte,62,0,0
1788744784296,55,GET Request,200,OK,Grupo GET Request 1-184,text,true,,984,221,3,3,http://localhost:3000/logistics/tenderos/productos-disponibles?tiendaId=bbbbbbbb-bbbb-4bbb-8bbb-bbbbbbbbbbbb&zona=Zona%20Norte,55,0,0
1788744784299,54,GET Request,200,OK,Grupo GET Request 1-183,text,true,,984,221,3,3,http://localhost:3000/logistics/tenderos/productos-disponibles?tiendaId=bbbbbbbb-bbbb-4bbb-8bbb-bbbbbbbbbbbb&zona=Zona%20Norte,54,0,0
1788744784351,55,GET Request,200,OK,Grupo GET Request 1-185,text,true,,984,221,3,3,http://localhost:3000/logistics/tenderos/productos-disponibles?tiendaId=bbbbbbbb-bbbb-4bbb-8bbb-bbbbbbbbbbbb&zona=Zona%20Norte,55,0,0
1788744784353,54,GET Request,200,OK,Grupo GET Request 1-183,text,true,,984,221,3,3,http://localhost:3000/logistics/tenderos/productos-disponibles?tiendaId=bbbbbbbb-bbbb-4bbb-8bbb-bbbbbbbbbbbb&zona=Zona%20Norte,54,0,0
1788744784351,57,GET Request,200,OK,Grupo GET Request 1-184,text,true,,984,221,2,2,http://localhost:3000/logistics/tenderos/productos-disponibles?tiendaId=bbbbbbbb-bbbb-4bbb-8bbb-bbbbbbbbbbbb&zona=Zona%20Norte,57,0,0
1788744784406,56,GET Request,200,OK,Grupo GET Request 1-185,text,true,,984,221,3,3,http://localhost:3000/logistics/tenderos/productos-disponibles?tiendaId=bbbbbbbb-bbbb-4bbb-8bbb-bbbbbbbbbbbb&zona=Zona%20Norte,56,0,0
1788744784408,54,GET Request,200,OK,Grupo GET Request 1-184,text,true,,984,221,3,3,http://localhost:3000/logistics/tenderos/productos-disponibles?tiendaId=bbbbbbbb-bbbb-4bbb-8bbb-bbbbbbbbbbbb&zona=Zona%20Norte,54,0,0
1788744784461,55,GET Request,200,OK,Grupo GET Request 1-186,text,true,,984,221,3,3,http://localhost:3000/logistics/tenderos/productos-disponibles?tiendaId=bbbbbbbb-bbbb-4bbb-8bbb-bbbbbbbbbbbb&zona=Zona%20Norte,55,0,0
1788744784462,55,GET Request,200,OK,Grupo GET Request 1-185,text,true,,984,221,3,3,http://localhost:3000/logistics/tenderos/productos-disponibles?tiendaId=bbbbbbbb-bbbb-4bbb-8bbb-bbbbbbbbbbbb&zona=Zona%20Norte,55,0,0
1788744784462,55,GET Request,200,OK,Grupo GET Request 1-184,text,true,,984,221,3,3,http://localhost:3000/logistics/tenderos/productos-disponibles?tiendaId=bbbbbbbb-bbbb-4bbb-8bbb-bbbbbbbbbbbb&zona=Zona%20Norte,55,0,0
1788744784517,56,GET Request,200,OK,Grupo GET Request 1-186,text,true,,984,221,2,2,http://localhost:3000/logistics/tenderos/productos-disponibles?tiendaId=bbbbbbbb-bbbb-4bbb-8bbb-bbbbbbbbbbbb&zona=Zona%20Norte,56,0,0
1788744784517,56,GET Request,200,OK,Grupo GET Request 1-185,text,true,,984,221,2,2,http://localhost:3000/logistics/tenderos/productos-disponibles?tiendaId=bbbbbbbb-bbbb-4bbb-8bbb-bbbbbbbbbbbb&zona=Zona%20Norte,56,0,0
1788744784573,54,GET Request,200,OK,Grupo GET Request 1-186,text,true,,984,221,3,3,http://localhost:3000/logistics/tenderos/productos-disponibles?tiendaId=bbbbbbbb-bbbb-4bbb-8bbb-bbbbbbbbbbbb&zona=Zona%20Norte,54,0,0
1788744784573,54,GET Request,200,OK,Grupo GET Request 1-185,text,true,,984,221,3,3,http://localhost:3000/logistics/tenderos/productos-disponibles?tiendaId=bbbbbbbb-bbbb-4bbb-8bbb-bbbbbbbbbbbb&zona=Zona%20Norte,54,0,0
1788744784575,53,GET Request,200,OK,Grupo GET Request 1-187,text,true,,984,221,2,2,http://localhost:3000/logistics/tenderos/productos-disponibles?tiendaId=bbbbbbbb-bbbb-4bbb-8bbb-bbbbbbbbbbbb&zona=Zona%20Norte,53,0,0
1788744784627,55,GET Request,200,OK,Grupo GET Request 1-186,text,true,,984,221,2,2,http://localhost:3000/logistics/tenderos/productos-disponibles?tiendaId=bbbbbbbb-bbbb-4bbb-8bbb-bbbbbbbbbbbb&zona=Zona%20Norte,55,0,0
1788744784628,54,GET Request,200,OK,Grupo GET Request 1-187,text,true,,984,221,2,2,http://localhost:3000/logistics/tenderos/productos-disponibles?tiendaId=bbbbbbbb-bbbb-4bbb-8bbb-bbbbbbbbbbbb&zona=Zona%20Norte,54,0,0
1788744784682,55,GET Request,200,OK,Grupo GET Request 1-186,text,true,,984,221,3,3,http://localhost:3000/logistics/tenderos/productos-disponibles?tiendaId=bbbbbbbb-bbbb-4bbb-8bbb-bbbbbbbbbbbb&zona=Zona%20Norte,55,0,0
1788744784684,58,GET Request,200,OK,Grupo GET Request 1-188,text,true,,984,221,2,2,http://localhost:3000/logistics/tenderos/productos-disponibles?tiendaId=bbbbbbbb-bbbb-4bbb-8bbb-bbbbbbbbbbbb&zona=Zona%20Norte,58,0,1
1788744784682,60,GET Request,200,OK,Grupo GET Request 1-187,text,true,,984,221,2,2,http://localhost:3000/logistics/tenderos/productos-disponibles?tiendaId=bbbbbbbb-bbbb-4bbb-8bbb-bbbbbbbbbbbb&zona=Zona%20Norte,60,0,0
1788744784742,54,GET Request,200,OK,Grupo GET Request 1-188,text,true,,984,221,3,3,http://localhost:3000/logistics/tenderos/productos-disponibles?tiendaId=bbbbbbbb-bbbb-4bbb-8bbb-bbbbbbbbbbbb&zona=Zona%20Norte,54,0,0
1788744784742,62,GET Request,200,OK,Grupo GET Request 1-187,text,true,,984,221,3,3,http://localhost:3000/logistics/tenderos/productos-disponibles?tiendaId=bbbbbbbb-bbbb-4bbb-8bbb-bbbbbbbbbbbb&zona=Zona%20Norte,62,0,0
1788744784795,57,GET Request,200,OK,Grupo GET Request 1-189,text,true,,984,221,3,3,http://localhost:3000/logistics/tenderos/productos-disponibles?tiendaId=bbbbbbbb-bbbb-4bbb-8bbb-bbbbbbbbbbbb&zona=Zona%20Norte,57,0,1
1788744784797,55,GET Request,200,OK,Grupo GET Request 1-188,text,true,,984,221,3,3,http://localhost:3000/logistics/tenderos/productos-disponibles?tiendaId=bbbbbbbb-bbbb-4bbb-8bbb-bbbbbbbbbbbb&zona=Zona%20Norte,55,0,0
1788744784804,55,GET Request,200,OK,Grupo GET Request 1-187,text,true,,984,221,3,3,http://localhost:3000/logistics/tenderos/productos-disponibles?tiendaId=bbbbbbbb-bbbb-4bbb-8bbb-bbbbbbbbbbbb&zona=Zona%20Norte,55,0,0
1788744784852,57,GET Request,200,OK,Grupo GET Request 1-189,text,true,,984,221,3,3,http://localhost:3000/logistics/tenderos/productos-disponibles?tiendaId=bbbbbbbb-bbbb-4bbb-8bbb-bbbbbbbbbbbb&zona=Zona%20Norte,57,0,0
1788744784852,64,GET Request,200,OK,Grupo GET Request 1-188,text,true,,984,221,3,3,http://localhost:3000/logistics/tenderos/productos-disponibles?tiendaId=bbbbbbbb-bbbb-4bbb-8bbb-bbbbbbbbbbbb&zona=Zona%20Norte,64,0,0
1788744784908,58,GET Request,200,OK,Grupo GET Request 1-190,text,true,,984,221,3,3,http://localhost:3000/logistics/tenderos/productos-disponibles?tiendaId=bbbbbbbb-bbbb-4bbb-8bbb-bbbbbbbbbbbb&zona=Zona%20Norte,58,0,1
1788744784909,59,GET Request,200,OK,Grupo GET Request 1-189,text,true,,984,221,3,3,http://localhost:3000/logistics/tenderos/productos-disponibles?tiendaId=bbbbbbbb-bbbb-4bbb-8bbb-bbbbbbbbbbbb&zona=Zona%20Norte,59,0,0
1788744784916,57,GET Request,200,OK,Grupo GET Request 1-188,text,true,,984,221,3,3,http://localhost:3000/logistics/tenderos/productos-disponibles?tiendaId=bbbbbbbb-bbbb-4bbb-8bbb-bbbbbbbbbbbb&zona=Zona%20Norte,57,0,0
1788744784966,57,GET Request,200,OK,Grupo GET Request 1-190,text,true,,984,221,3,3,http://localhost:3000/logistics/tenderos/productos-disponibles?tiendaId=bbbbbbbb-bbbb-4bbb-8bbb-bbbbbbbbbbbb&zona=Zona%20Norte,57,0,0
1788744784968,64,GET Request,200,OK,Grupo GET Request 1-189,text,true,,984,221,3,3,http://localhost:3000/logistics/tenderos/productos-disponibles?tiendaId=bbbbbbbb-bbbb-4bbb-8bbb-bbbbbbbbbbbb&zona=Zona%20Norte,64,0,0
1788744785019,55,GET Request,200,OK,Grupo GET Request 1-191,text,true,,984,221,3,3,http://localhost:3000/logistics/tenderos/productos-disponibles?tiendaId=bbbbbbbb-bbbb-4bbb-8bbb-bbbbbbbbbbbb&zona=Zona%20Norte,55,0,0
1788744785032,56,GET Request,200,OK,Grupo GET Request 1-189,text,true,,984,221,3,3,http://localhost:3000/logistics/tenderos/productos-disponibles?tiendaId=bbbbbbbb-bbbb-4bbb-8bbb-bbbbbbbbbbbb&zona=Zona%20Norte,56,0,0
1788744785023,73,GET Request,200,OK,Grupo GET Request 1-190,text,true,,984,221,2,2,http://localhost:3000/logistics/tenderos/productos-disponibles?tiendaId=bbbbbbbb-bbbb-4bbb-8bbb-bbbbbbbbbbbb&zona=Zona%20Norte,73,0,0
1788744785097,56,GET Request,200,OK,Grupo GET Request 1-190,text,true,,984,221,3,3,http://localhost:3000/logistics/tenderos/productos-disponibles?tiendaId=bbbbbbbb-bbbb-4bbb-8bbb-bbbbbbbbbbbb&zona=Zona%20Norte,56,0,0
1788744785074,79,GET Request,200,OK,Grupo GET Request 1-191,text,true,,984,221,3,3,http://localhost:3000/logistics/tenderos/productos-disponibles?tiendaId=bbbbbbbb-bbbb-4bbb-8bbb-bbbbbbbbbbbb&zona=Zona%20Norte,79,0,0
1788744785128,70,GET Request,200,OK,Grupo GET Request 1-192,text,true,,984,221,3,3,http://localhost:3000/logistics/tenderos/productos-disponibles?tiendaId=bbbbbbbb-bbbb-4bbb-8bbb-bbbbbbbbbbbb&zona=Zona%20Norte,70,0,1
1788744785153,59,GET Request,200,OK,Grupo GET Request 1-190,text,true,,984,221,3,3,http://localhost:3000/logistics/tenderos/productos-disponibles?tiendaId=bbbbbbbb-bbbb-4bbb-8bbb-bbbbbbbbbbbb&zona=Zona%20Norte,59,0,0
1788744785154,62,GET Request,200,OK,Grupo GET Request 1-191,text,true,,984,221,2,2,http://localhost:3000/logistics/tenderos/productos-disponibles?tiendaId=bbbbbbbb-bbbb-4bbb-8bbb-bbbbbbbbbbbb&zona=Zona%20Norte,62,0,0
1788744785198,64,GET Request,200,OK,Grupo GET Request 1-192,text,true,,984,221,3,3,http://localhost:3000/logistics/tenderos/productos-disponibles?tiendaId=bbbbbbbb-bbbb-4bbb-8bbb-bbbbbbbbbbbb&zona=Zona%20Norte,64,0,0
1788744785216,68,GET Request,200,OK,Grupo GET Request 1-191,text,true,,984,221,3,3,http://localhost:3000/logistics/tenderos/productos-disponibles?tiendaId=bbbbbbbb-bbbb-4bbb-8bbb-bbbbbbbbbbbb&zona=Zona%20Norte,68,0,0
1788744785237,60,GET Request,200,OK,Grupo GET Request 1-193,text,true,,984,221,3,3,http://localhost:3000/logistics/tenderos/productos-disponibles?tiendaId=bbbbbbbb-bbbb-4bbb-8bbb-bbbbbbbbbbbb&zona=Zona%20Norte,60,0,1
1788744785263,61,GET Request,200,OK,Grupo GET Request 1-192,text,true,,984,221,3,3,http://localhost:3000/logistics/tenderos/productos-disponibles?tiendaId=bbbbbbbb-bbbb-4bbb-8bbb-bbbbbbbbbbbb&zona=Zona%20Norte,61,0,0
1788744785284,54,GET Request,200,OK,Grupo GET Request 1-191,text,true,,984,221,3,3,http://localhost:3000/logistics/tenderos/productos-disponibles?tiendaId=bbbbbbbb-bbbb-4bbb-8bbb-bbbbbbbbbbbb&zona=Zona%20Norte,54,0,0
1788744785297,54,GET Request,200,OK,Grupo GET Request 1-193,text,true,,984,221,3,3,http://localhost:3000/logistics/tenderos/productos-disponibles?tiendaId=bbbbbbbb-bbbb-4bbb-8bbb-bbbbbbbbbbbb&zona=Zona%20Norte,54,0,0
1788744785324,55,GET Request,200,OK,Grupo GET Request 1-192,text,true,,984,221,3,3,http://localhost:3000/logistics/tenderos/productos-disponibles?tiendaId=bbbbbbbb-bbbb-4bbb-8bbb-bbbbbbbbbbbb&zona=Zona%20Norte,55,0,0
1788744785352,57,GET Request,200,OK,Grupo GET Request 1-193,text,true,,984,221,3,3,http://localhost:3000/logistics/tenderos/productos-disponibles?tiendaId=bbbbbbbb-bbbb-4bbb-8bbb-bbbbbbbbbbbb&zona=Zona%20Norte,57,0,0
1788744785349,66,GET Request,200,OK,Grupo GET Request 1-194,text,true,,984,221,3,3,http://localhost:3000/logistics/tenderos/productos-disponibles?tiendaId=bbbbbbbb-bbbb-4bbb-8bbb-bbbbbbbbbbbb&zona=Zona%20Norte,66,0,0
1788744785379,55,GET Request,200,OK,Grupo GET Request 1-192,text,true,,984,221,3,3,http://localhost:3000/logistics/tenderos/productos-disponibles?tiendaId=bbbbbbbb-bbbb-4bbb-8bbb-bbbbbbbbbbbb&zona=Zona%20Norte,55,0,0
1788744785409,57,GET Request,200,OK,Grupo GET Request 1-193,text,true,,984,221,3,3,http://localhost:3000/logistics/tenderos/productos-disponibles?tiendaId=bbbbbbbb-bbbb-4bbb-8bbb-bbbbbbbbbbbb&zona=Zona%20Norte,57,0,0
1788744785415,55,GET Request,200,OK,Grupo GET Request 1-194,text,true,,984,221,3,3,http://localhost:3000/logistics/tenderos/productos-disponibles?tiendaId=bbbbbbbb-bbbb-4bbb-8bbb-bbbbbbbbbbbb&zona=Zona%20Norte,55,0,0
1788744785459,63,GET Request,200,OK,Grupo GET Request 1-195,text,true,,984,221,3,3,http://localhost:3000/logistics/tenderos/productos-disponibles?tiendaId=bbbbbbbb-bbbb-4bbb-8bbb-bbbbbbbbbbbb&zona=Zona%20Norte,63,0,0
1788744785466,59,GET Request,200,OK,Grupo GET Request 1-193,text,true,,984,221,3,3,http://localhost:3000/logistics/tenderos/productos-disponibles?tiendaId=bbbbbbbb-bbbb-4bbb-8bbb-bbbbbbbbbbbb&zona=Zona%20Norte,59,0,0
1788744785470,59,GET Request,200,OK,Grupo GET Request 1-194,text,true,,984,221,2,2,http://localhost:3000/logistics/tenderos/productos-disponibles?tiendaId=bbbbbbbb-bbbb-4bbb-8bbb-bbbbbbbbbbbb&zona=Zona%20Norte,59,0,0
1788744785522,60,GET Request,200,OK,Grupo GET Request 1-195,text,true,,984,221,3,3,http://localhost:3000/logistics/tenderos/productos-disponibles?tiendaId=bbbbbbbb-bbbb-4bbb-8bbb-bbbbbbbbbbbb&zona=Zona%20Norte,60,0,0
1788744785529,55,GET Request,200,OK,Grupo GET Request 1-194,text,true,,984,221,3,3,http://localhost:3000/logistics/tenderos/productos-disponibles?tiendaId=bbbbbbbb-bbbb-4bbb-8bbb-bbbbbbbbbbbb&zona=Zona%20Norte,55,0,0
1788744785574,58,GET Request,200,OK,Grupo GET Request 1-196,text,true,,984,221,3,3,http://localhost:3000/logistics/tenderos/productos-disponibles?tiendaId=bbbbbbbb-bbbb-4bbb-8bbb-bbbbbbbbbbbb&zona=Zona%20Norte,57,0,1
1788744785584,54,GET Request,200,OK,Grupo GET Request 1-194,text,true,,984,221,3,3,http://localhost:3000/logistics/tenderos/productos-disponibles?tiendaId=bbbbbbbb-bbbb-4bbb-8bbb-bbbbbbbbbbbb&zona=Zona%20Norte,54,0,0
1788744785582,56,GET Request,200,OK,Grupo GET Request 1-195,text,true,,984,221,3,3,http://localhost:3000/logistics/tenderos/productos-disponibles?tiendaId=bbbbbbbb-bbbb-4bbb-8bbb-bbbbbbbbbbbb&zona=Zona%20Norte,56,0,0
1788744785632,64,GET Request,200,OK,Grupo GET Request 1-196,text,true,,984,221,3,3,http://localhost:3000/logistics/tenderos/productos-disponibles?tiendaId=bbbbbbbb-bbbb-4bbb-8bbb-bbbbbbbbbbbb&zona=Zona%20Norte,64,0,0
1788744785638,61,GET Request,200,OK,Grupo GET Request 1-195,text,true,,984,221,3,3,http://localhost:3000/logistics/tenderos/productos-disponibles?tiendaId=bbbbbbbb-bbbb-4bbb-8bbb-bbbbbbbbbbbb&zona=Zona%20Norte,61,0,0
1788744785682,61,GET Request,200,OK,Grupo GET Request 1-197,text,true,,984,221,3,3,http://localhost:3000/logistics/tenderos/productos-disponibles?tiendaId=bbbbbbbb-bbbb-4bbb-8bbb-bbbbbbbbbbbb&zona=Zona%20Norte,61,0,1
1788744785699,55,GET Request,200,OK,Grupo GET Request 1-195,text,true,,984,221,3,3,http://localhost:3000/logistics/tenderos/productos-disponibles?tiendaId=bbbbbbbb-bbbb-4bbb-8bbb-bbbbbbbbbbbb&zona=Zona%20Norte,55,0,0
1788744785696,60,GET Request,200,OK,Grupo GET Request 1-196,text,true,,984,221,2,2,http://localhost:3000/logistics/tenderos/productos-disponibles?tiendaId=bbbbbbbb-bbbb-4bbb-8bbb-bbbbbbbbbbbb&zona=Zona%20Norte,60,0,0
1788744785744,64,GET Request,200,OK,Grupo GET Request 1-197,text,true,,984,221,3,3,http://localhost:3000/logistics/tenderos/productos-disponibles?tiendaId=bbbbbbbb-bbbb-4bbb-8bbb-bbbbbbbbbbbb&zona=Zona%20Norte,64,0,0
1788744785756,54,GET Request,200,OK,Grupo GET Request 1-196,text,true,,984,221,3,3,http://localhost:3000/logistics/tenderos/productos-disponibles?tiendaId=bbbbbbbb-bbbb-4bbb-8bbb-bbbbbbbbbbbb&zona=Zona%20Norte,54,0,0
1788744785794,55,GET Request,200,OK,Grupo GET Request 1-198,text,true,,984,221,3,3,http://localhost:3000/logistics/tenderos/productos-disponibles?tiendaId=bbbbbbbb-bbbb-4bbb-8bbb-bbbbbbbbbbbb&zona=Zona%20Norte,55,0,0
1788744785808,56,GET Request,200,OK,Grupo GET Request 1-197,text,true,,984,221,3,3,http://localhost:3000/logistics/tenderos/productos-disponibles?tiendaId=bbbbbbbb-bbbb-4bbb-8bbb-bbbbbbbbbbbb&zona=Zona%20Norte,55,0,0
1788744785811,54,GET Request,200,OK,Grupo GET Request 1-196,text,true,,984,221,3,3,http://localhost:3000/logistics/tenderos/productos-disponibles?tiendaId=bbbbbbbb-bbbb-4bbb-8bbb-bbbbbbbbbbbb&zona=Zona%20Norte,54,0,0
1788744785849,59,GET Request,200,OK,Grupo GET Request 1-198,text,true,,984,221,3,3,http://localhost:3000/logistics/tenderos/productos-disponibles?tiendaId=bbbbbbbb-bbbb-4bbb-8bbb-bbbbbbbbbbbb&zona=Zona%20Norte,59,0,0
1788744785864,66,GET Request,200,OK,Grupo GET Request 1-197,text,true,,984,221,3,3,http://localhost:3000/logistics/tenderos/productos-disponibles?tiendaId=bbbbbbbb-bbbb-4bbb-8bbb-bbbbbbbbbbbb&zona=Zona%20Norte,66,0,0
1788744785906,58,GET Request,200,OK,Grupo GET Request 1-199,text,true,,984,221,3,3,http://localhost:3000/logistics/tenderos/productos-disponibles?tiendaId=bbbbbbbb-bbbb-4bbb-8bbb-bbbbbbbbbbbb&zona=Zona%20Norte,58,0,0
1788744785908,61,GET Request,200,OK,Grupo GET Request 1-198,text,true,,984,221,3,3,http://localhost:3000/logistics/tenderos/productos-disponibles?tiendaId=bbbbbbbb-bbbb-4bbb-8bbb-bbbbbbbbbbbb&zona=Zona%20Norte,61,0,0
1788744785930,62,GET Request,200,OK,Grupo GET Request 1-197,text,true,,984,221,3,3,http://localhost:3000/logistics/tenderos/productos-disponibles?tiendaId=bbbbbbbb-bbbb-4bbb-8bbb-bbbbbbbbbbbb&zona=Zona%20Norte,62,0,0
1788744785964,57,GET Request,200,OK,Grupo GET Request 1-199,text,true,,984,221,3,3,http://localhost:3000/logistics/tenderos/productos-disponibles?tiendaId=bbbbbbbb-bbbb-4bbb-8bbb-bbbbbbbbbbbb&zona=Zona%20Norte,57,0,0
1788744785969,64,GET Request,200,OK,Grupo GET Request 1-198,text,true,,984,221,3,3,http://localhost:3000/logistics/tenderos/productos-disponibles?tiendaId=bbbbbbbb-bbbb-4bbb-8bbb-bbbbbbbbbbbb&zona=Zona%20Norte,64,0,0
1788744786017,56,GET Request,200,OK,Grupo GET Request 1-200,text,true,,984,221,3,3,http://localhost:3000/logistics/tenderos/productos-disponibles?tiendaId=bbbbbbbb-bbbb-4bbb-8bbb-bbbbbbbbbbbb&zona=Zona%20Norte,56,0,1
1788744786021,66,GET Request,200,OK,Grupo GET Request 1-199,text,true,,984,221,3,3,http://localhost:3000/logistics/tenderos/productos-disponibles?tiendaId=bbbbbbbb-bbbb-4bbb-8bbb-bbbbbbbbbbbb&zona=Zona%20Norte,66,0,0
1788744786033,54,GET Request,200,OK,Grupo GET Request 1-198,text,true,,984,221,3,3,http://localhost:3000/logistics/tenderos/productos-disponibles?tiendaId=bbbbbbbb-bbbb-4bbb-8bbb-bbbbbbbbbbbb&zona=Zona%20Norte,54,0,0
1788744786073,55,GET Request,200,OK,Grupo GET Request 1-200,text,true,,984,221,3,3,http://localhost:3000/logistics/tenderos/productos-disponibles?tiendaId=bbbbbbbb-bbbb-4bbb-8bbb-bbbbbbbbbbbb&zona=Zona%20Norte,55,0,0
1788744786087,64,GET Request,200,OK,Grupo GET Request 1-199,text,true,,984,221,3,3,http://localhost:3000/logistics/tenderos/productos-disponibles?tiendaId=bbbbbbbb-bbbb-4bbb-8bbb-bbbbbbbbbbbb&zona=Zona%20Norte,64,0,0
1788744786126,57,GET Request,200,OK,Grupo GET Request 1-201,text,true,,984,221,3,3,http://localhost:3000/logistics/tenderos/productos-disponibles?tiendaId=bbbbbbbb-bbbb-4bbb-8bbb-bbbbbbbbbbbb&zona=Zona%20Norte,57,0,1
1788744786128,57,GET Request,200,OK,Grupo GET Request 1-200,text,true,,984,221,3,3,http://localhost:3000/logistics/tenderos/productos-disponibles?tiendaId=bbbbbbbb-bbbb-4bbb-8bbb-bbbbbbbbbbbb&zona=Zona%20Norte,57,0,0
1788744786151,61,GET Request,200,OK,Grupo GET Request 1-199,text,true,,984,221,3,3,http://localhost:3000/logistics/tenderos/productos-disponibles?tiendaId=bbbbbbbb-bbbb-4bbb-8bbb-bbbbbbbbbbbb&zona=Zona%20Norte,61,0,0
1788744786183,56,GET Request,200,OK,Grupo GET Request 1-201,text,true,,984,221,3,3,http://localhost:3000/logistics/tenderos/productos-disponibles?tiendaId=bbbbbbbb-bbbb-4bbb-8bbb-bbbbbbbbbbbb&zona=Zona%20Norte,56,0,0
1788744786186,54,GET Request,200,OK,Grupo GET Request 1-200,text,true,,984,221,3,3,http://localhost:3000/logistics/tenderos/productos-disponibles?tiendaId=bbbbbbbb-bbbb-4bbb-8bbb-bbbbbbbbbbbb&zona=Zona%20Norte,54,0,0
1788744786240,53,GET Request,200,OK,Grupo GET Request 1-201,text,true,,984,221,3,3,http://localhost:3000/logistics/tenderos/productos-disponibles?tiendaId=bbbbbbbb-bbbb-4bbb-8bbb-bbbbbbbbbbbb&zona=Zona%20Norte,53,0,0
1788744786239,57,GET Request,200,OK,Grupo GET Request 1-202,text,true,,984,221,3,3,http://localhost:3000/logistics/tenderos/productos-disponibles?tiendaId=bbbbbbbb-bbbb-4bbb-8bbb-bbbbbbbbbbbb&zona=Zona%20Norte,57,0,1
1788744786240,58,GET Request,200,OK,Grupo GET Request 1-200,text,true,,984,221,3,3,http://localhost:3000/logistics/tenderos/productos-disponibles?tiendaId=bbbbbbbb-bbbb-4bbb-8bbb-bbbbbbbbbbbb&zona=Zona%20Norte,58,0,0
1788744786294,54,GET Request,200,OK,Grupo GET Request 1-201,text,true,,984,221,2,2,http://localhost:3000/logistics/tenderos/productos-disponibles?tiendaId=bbbbbbbb-bbbb-4bbb-8bbb-bbbbbbbbbbbb&zona=Zona%20Norte,54,0,0
1788744786296,54,GET Request,200,OK,Grupo GET Request 1-202,text,true,,984,221,2,2,http://localhost:3000/logistics/tenderos/productos-disponibles?tiendaId=bbbbbbbb-bbbb-4bbb-8bbb-bbbbbbbbbbbb&zona=Zona%20Norte,54,0,0
1788744786348,54,GET Request,200,OK,Grupo GET Request 1-201,text,true,,984,221,3,3,http://localhost:3000/logistics/tenderos/productos-disponibles?tiendaId=bbbbbbbb-bbbb-4bbb-8bbb-bbbbbbbbbbbb&zona=Zona%20Norte,54,0,0
1788744786350,53,GET Request,200,OK,Grupo GET Request 1-202,text,true,,984,221,2,2,http://localhost:3000/logistics/tenderos/productos-disponibles?tiendaId=bbbbbbbb-bbbb-4bbb-8bbb-bbbbbbbbbbbb&zona=Zona%20Norte,53,0,0
1788744786351,53,GET Request,200,OK,Grupo GET Request 1-203,text,true,,984,221,2,2,http://localhost:3000/logistics/tenderos/productos-disponibles?tiendaId=bbbbbbbb-bbbb-4bbb-8bbb-bbbbbbbbbbbb&zona=Zona%20Norte,53,0,0
1788744786404,54,GET Request,200,OK,Grupo GET Request 1-202,text,true,,984,221,2,2,http://localhost:3000/logistics/tenderos/productos-disponibles?tiendaId=bbbbbbbb-bbbb-4bbb-8bbb-bbbbbbbbbbbb&zona=Zona%20Norte,54,0,0
1788744786404,54,GET Request,200,OK,Grupo GET Request 1-203,text,true,,984,221,2,2,http://localhost:3000/logistics/tenderos/productos-disponibles?tiendaId=bbbbbbbb-bbbb-4bbb-8bbb-bbbbbbbbbbbb&zona=Zona%20Norte,54,0,0
1788744786458,54,GET Request,200,OK,Grupo GET Request 1-202,text,true,,984,221,3,3,http://localhost:3000/logistics/tenderos/productos-disponibles?tiendaId=bbbbbbbb-bbbb-4bbb-8bbb-bbbbbbbbbbbb&zona=Zona%20Norte,54,0,0
1788744786458,54,GET Request,200,OK,Grupo GET Request 1-203,text,true,,984,221,3,3,http://localhost:3000/logistics/tenderos/productos-disponibles?tiendaId=bbbbbbbb-bbbb-4bbb-8bbb-bbbbbbbbbbbb&zona=Zona%20Norte,54,0,0
1788744786459,55,GET Request,200,OK,Grupo GET Request 1-204,text,true,,984,221,2,2,http://localhost:3000/logistics/tenderos/productos-disponibles?tiendaId=bbbbbbbb-bbbb-4bbb-8bbb-bbbbbbbbbbbb&zona=Zona%20Norte,55,0,1
1788744786513,54,GET Request,200,OK,Grupo GET Request 1-203,text,true,,984,221,2,2,http://localhost:3000/logistics/tenderos/productos-disponibles?tiendaId=bbbbbbbb-bbbb-4bbb-8bbb-bbbbbbbbbbbb&zona=Zona%20Norte,54,0,0
1788744786514,53,GET Request,200,OK,Grupo GET Request 1-204,text,true,,984,221,2,2,http://localhost:3000/logistics/tenderos/productos-disponibles?tiendaId=bbbbbbbb-bbbb-4bbb-8bbb-bbbbbbbbbbbb&zona=Zona%20Norte,53,0,0
1788744786567,54,GET Request,200,OK,Grupo GET Request 1-203,text,true,,984,221,3,3,http://localhost:3000/logistics/tenderos/productos-disponibles?tiendaId=bbbbbbbb-bbbb-4bbb-8bbb-bbbbbbbbbbbb&zona=Zona%20Norte,54,0,0
1788744786567,55,GET Request,200,OK,Grupo GET Request 1-204,text,true,,984,221,2,2,http://localhost:3000/logistics/tenderos/productos-disponibles?tiendaId=bbbbbbbb-bbbb-4bbb-8bbb-bbbbbbbbbbbb&zona=Zona%20Norte,55,0,0
1788744786568,54,GET Request,200,OK,Grupo GET Request 1-205,text,true,,984,221,2,2,http://localhost:3000/logistics/tenderos/productos-disponibles?tiendaId=bbbbbbbb-bbbb-4bbb-8bbb-bbbbbbbbbbbb&zona=Zona%20Norte,54,0,0
1788744786622,55,GET Request,200,OK,Grupo GET Request 1-204,text,true,,984,221,2,2,http://localhost:3000/logistics/tenderos/productos-disponibles?tiendaId=bbbbbbbb-bbbb-4bbb-8bbb-bbbbbbbbbbbb&zona=Zona%20Norte,55,0,0
1788744786622,57,GET Request,200,OK,Grupo GET Request 1-205,text,true,,984,221,2,2,http://localhost:3000/logistics/tenderos/productos-disponibles?tiendaId=bbbbbbbb-bbbb-4bbb-8bbb-bbbbbbbbbbbb&zona=Zona%20Norte,57,0,0
1788744786680,59,GET Request,200,OK,Grupo GET Request 1-205,text,true,,984,221,3,3,http://localhost:3000/logistics/tenderos/productos-disponibles?tiendaId=bbbbbbbb-bbbb-4bbb-8bbb-bbbbbbbbbbbb&zona=Zona%20Norte,59,0,0
1788744786677,63,GET Request,200,OK,Grupo GET Request 1-204,text,true,,984,221,3,3,http://localhost:3000/logistics/tenderos/productos-disponibles?tiendaId=bbbbbbbb-bbbb-4bbb-8bbb-bbbbbbbbbbbb&zona=Zona%20Norte,63,0,0
1788744786681,60,GET Request,200,OK,Grupo GET Request 1-206,text,true,,984,221,2,2,http://localhost:3000/logistics/tenderos/productos-disponibles?tiendaId=bbbbbbbb-bbbb-4bbb-8bbb-bbbbbbbbbbbb&zona=Zona%20Norte,60,0,1
1788744786739,56,GET Request,200,OK,Grupo GET Request 1-205,text,true,,984,221,3,3,http://localhost:3000/logistics/tenderos/productos-disponibles?tiendaId=bbbbbbbb-bbbb-4bbb-8bbb-bbbbbbbbbbbb&zona=Zona%20Norte,56,0,0
1788744786741,54,GET Request,200,OK,Grupo GET Request 1-206,text,true,,984,221,3,3,http://localhost:3000/logistics/tenderos/productos-disponibles?tiendaId=bbbbbbbb-bbbb-4bbb-8bbb-bbbbbbbbbbbb&zona=Zona%20Norte,54,0,0
1788744786792,54,GET Request,200,OK,Grupo GET Request 1-207,text,true,,984,221,3,3,http://localhost:3000/logistics/tenderos/productos-disponibles?tiendaId=bbbbbbbb-bbbb-4bbb-8bbb-bbbbbbbbbbbb&zona=Zona%20Norte,54,0,0
1788744786796,53,GET Request,200,OK,Grupo GET Request 1-206,text,true,,984,221,3,3,http://localhost:3000/logistics/tenderos/productos-disponibles?tiendaId=bbbbbbbb-bbbb-4bbb-8bbb-bbbbbbbbbbbb&zona=Zona%20Norte,53,0,0
1788744786795,55,GET Request,200,OK,Grupo GET Request 1-205,text,true,,984,221,3,3,http://localhost:3000/logistics/tenderos/productos-disponibles?tiendaId=bbbbbbbb-bbbb-4bbb-8bbb-bbbbbbbbbbbb&zona=Zona%20Norte,55,0,0
1788744786846,55,GET Request,200,OK,Grupo GET Request 1-207,text,true,,984,221,2,2,http://localhost:3000/logistics/tenderos/productos-disponibles?tiendaId=bbbbbbbb-bbbb-4bbb-8bbb-bbbbbbbbbbbb&zona=Zona%20Norte,55,0,0
1788744786850,53,GET Request,200,OK,Grupo GET Request 1-206,text,true,,984,221,3,3,http://localhost:3000/logistics/tenderos/productos-disponibles?tiendaId=bbbbbbbb-bbbb-4bbb-8bbb-bbbbbbbbbbbb&zona=Zona%20Norte,53,0,0
1788744786903,56,GET Request,200,OK,Grupo GET Request 1-206,text,true,,984,221,3,3,http://localhost:3000/logistics/tenderos/productos-disponibles?tiendaId=bbbbbbbb-bbbb-4bbb-8bbb-bbbbbbbbbbbb&zona=Zona%20Norte,56,0,0
1788744786901,59,GET Request,200,OK,Grupo GET Request 1-207,text,true,,984,221,2,2,http://localhost:3000/logistics/tenderos/productos-disponibles?tiendaId=bbbbbbbb-bbbb-4bbb-8bbb-bbbbbbbbbbbb&zona=Zona%20Norte,59,0,0
1788744786903,57,GET Request,200,OK,Grupo GET Request 1-208,text,true,,984,221,2,2,http://localhost:3000/logistics/tenderos/productos-disponibles?tiendaId=bbbbbbbb-bbbb-4bbb-8bbb-bbbbbbbbbbbb&zona=Zona%20Norte,57,0,1
1788744786960,55,GET Request,200,OK,Grupo GET Request 1-207,text,true,,984,221,3,3,http://localhost:3000/logistics/tenderos/productos-disponibles?tiendaId=bbbbbbbb-bbbb-4bbb-8bbb-bbbbbbbbbbbb&zona=Zona%20Norte,55,0,0
1788744786960,57,GET Request,200,OK,Grupo GET Request 1-208,text,true,,984,221,3,3,http://localhost:3000/logistics/tenderos/productos-disponibles?tiendaId=bbbbbbbb-bbbb-4bbb-8bbb-bbbbbbbbbbbb&zona=Zona%20Norte,56,0,0
1788744787015,56,GET Request,200,OK,Grupo GET Request 1-207,text,true,,984,221,3,3,http://localhost:3000/logistics/tenderos/productos-disponibles?tiendaId=bbbbbbbb-bbbb-4bbb-8bbb-bbbbbbbbbbbb&zona=Zona%20Norte,56,0,0
1788744787013,58,GET Request,200,OK,Grupo GET Request 1-209,text,true,,984,221,3,3,http://localhost:3000/logistics/tenderos/productos-disponibles?tiendaId=bbbbbbbb-bbbb-4bbb-8bbb-bbbbbbbbbbbb&zona=Zona%20Norte,58,0,0
1788744787017,56,GET Request,200,OK,Grupo GET Request 1-208,text,true,,984,221,2,2,http://localhost:3000/logistics/tenderos/productos-disponibles?tiendaId=bbbbbbbb-bbbb-4bbb-8bbb-bbbbbbbbbbbb&zona=Zona%20Norte,56,0,0
1788744787074,56,GET Request,200,OK,Grupo GET Request 1-208,text,true,,984,221,3,3,http://localhost:3000/logistics/tenderos/productos-disponibles?tiendaId=bbbbbbbb-bbbb-4bbb-8bbb-bbbbbbbbbbbb&zona=Zona%20Norte,56,0,0
1788744787071,60,GET Request,200,OK,Grupo GET Request 1-209,text,true,,984,221,3,3,http://localhost:3000/logistics/tenderos/productos-disponibles?tiendaId=bbbbbbbb-bbbb-4bbb-8bbb-bbbbbbbbbbbb&zona=Zona%20Norte,60,0,0
1788744787131,55,GET Request,200,OK,Grupo GET Request 1-209,text,true,,984,221,3,3,http://localhost:3000/logistics/tenderos/productos-disponibles?tiendaId=bbbbbbbb-bbbb-4bbb-8bbb-bbbbbbbbbbbb&zona=Zona%20Norte,55,0,0
1788744787131,56,GET Request,200,OK,Grupo GET Request 1-208,text,true,,984,221,3,3,http://localhost:3000/logistics/tenderos/productos-disponibles?tiendaId=bbbbbbbb-bbbb-4bbb-8bbb-bbbbbbbbbbbb&zona=Zona%20Norte,56,0,0
1788744787126,68,GET Request,200,OK,Grupo GET Request 1-210,text,true,,984,221,2,2,http://localhost:3000/logistics/tenderos/productos-disponibles?tiendaId=bbbbbbbb-bbbb-4bbb-8bbb-bbbbbbbbbbbb&zona=Zona%20Norte,68,0,0
1788744787186,55,GET Request,200,OK,Grupo GET Request 1-209,text,true,,984,221,3,3,http://localhost:3000/logistics/tenderos/productos-disponibles?tiendaId=bbbbbbbb-bbbb-4bbb-8bbb-bbbbbbbbbbbb&zona=Zona%20Norte,55,0,0
1788744787194,59,GET Request,200,OK,Grupo GET Request 1-210,text,true,,984,221,3,3,http://localhost:3000/logistics/tenderos/productos-disponibles?tiendaId=bbbbbbbb-bbbb-4bbb-8bbb-bbbbbbbbbbbb&zona=Zona%20Norte,59,0,0
1788744787241,55,GET Request,200,OK,Grupo GET Request 1-209,text,true,,984,221,3,3,http://localhost:3000/logistics/tenderos/productos-disponibles?tiendaId=bbbbbbbb-bbbb-4bbb-8bbb-bbbbbbbbbbbb&zona=Zona%20Norte,55,0,0
1788744787240,66,GET Request,200,OK,Grupo GET Request 1-211,text,true,,984,221,2,2,http://localhost:3000/logistics/tenderos/productos-disponibles?tiendaId=bbbbbbbb-bbbb-4bbb-8bbb-bbbbbbbbbbbb&zona=Zona%20Norte,66,0,0
1788744787253,55,GET Request,200,OK,Grupo GET Request 1-210,text,true,,984,221,2,2,http://localhost:3000/logistics/tenderos/productos-disponibles?tiendaId=bbbbbbbb-bbbb-4bbb-8bbb-bbbbbbbbbbbb&zona=Zona%20Norte,55,0,0
1788744787306,56,GET Request,200,OK,Grupo GET Request 1-211,text,true,,984,221,3,3,http://localhost:3000/logistics/tenderos/productos-disponibles?tiendaId=bbbbbbbb-bbbb-4bbb-8bbb-bbbbbbbbbbbb&zona=Zona%20Norte,56,0,0
1788744787309,55,GET Request,200,OK,Grupo GET Request 1-210,text,true,,984,221,3,3,http://localhost:3000/logistics/tenderos/productos-disponibles?tiendaId=bbbbbbbb-bbbb-4bbb-8bbb-bbbbbbbbbbbb&zona=Zona%20Norte,55,0,0
1788744787348,55,GET Request,200,OK,Grupo GET Request 1-212,text,true,,984,221,3,3,http://localhost:3000/logistics/tenderos/productos-disponibles?tiendaId=bbbbbbbb-bbbb-4bbb-8bbb-bbbbbbbbbbbb&zona=Zona%20Norte,55,0,0
1788744787364,53,GET Request,200,OK,Grupo GET Request 1-210,text,true,,984,221,3,3,http://localhost:3000/logistics/tenderos/productos-disponibles?tiendaId=bbbbbbbb-bbbb-4bbb-8bbb-bbbbbbbbbbbb&zona=Zona%20Norte,53,0,0
1788744787362,56,GET Request,200,OK,Grupo GET Request 1-211,text,true,,984,221,3,3,http://localhost:3000/logistics/tenderos/productos-disponibles?tiendaId=bbbbbbbb-bbbb-4bbb-8bbb-bbbbbbbbbbbb&zona=Zona%20Norte,55,0,0
1788744787403,56,GET Request,200,OK,Grupo GET Request 1-212,text,true,,984,221,3,3,http://localhost:3000/logistics/tenderos/productos-disponibles?tiendaId=bbbbbbbb-bbbb-4bbb-8bbb-bbbbbbbbbbbb&zona=Zona%20Norte,56,0,0
1788744787418,66,GET Request,200,OK,Grupo GET Request 1-211,text,true,,984,221,3,3,http://localhost:3000/logistics/tenderos/productos-disponibles?tiendaId=bbbbbbbb-bbbb-4bbb-8bbb-bbbbbbbbbbbb&zona=Zona%20Norte,66,0,0
1788744787459,56,GET Request,200,OK,Grupo GET Request 1-212,text,true,,984,221,3,3,http://localhost:3000/logistics/tenderos/productos-disponibles?tiendaId=bbbbbbbb-bbbb-4bbb-8bbb-bbbbbbbbbbbb&zona=Zona%20Norte,56,0,0
1788744787459,56,GET Request,200,OK,Grupo GET Request 1-213,text,true,,984,221,3,3,http://localhost:3000/logistics/tenderos/productos-disponibles?tiendaId=bbbbbbbb-bbbb-4bbb-8bbb-bbbbbbbbbbbb&zona=Zona%20Norte,56,0,1
1788744787484,57,GET Request,200,OK,Grupo GET Request 1-211,text,true,,984,221,3,3,http://localhost:3000/logistics/tenderos/productos-disponibles?tiendaId=bbbbbbbb-bbbb-4bbb-8bbb-bbbbbbbbbbbb&zona=Zona%20Norte,56,0,0
1788744787515,56,GET Request,200,OK,Grupo GET Request 1-213,text,true,,984,221,3,3,http://localhost:3000/logistics/tenderos/productos-disponibles?tiendaId=bbbbbbbb-bbbb-4bbb-8bbb-bbbbbbbbbbbb&zona=Zona%20Norte,56,0,0
1788744787515,57,GET Request,200,OK,Grupo GET Request 1-212,text,true,,984,221,3,3,http://localhost:3000/logistics/tenderos/productos-disponibles?tiendaId=bbbbbbbb-bbbb-4bbb-8bbb-bbbbbbbbbbbb&zona=Zona%20Norte,57,0,0
1788744787571,55,GET Request,200,OK,Grupo GET Request 1-213,text,true,,984,221,3,3,http://localhost:3000/logistics/tenderos/productos-disponibles?tiendaId=bbbbbbbb-bbbb-4bbb-8bbb-bbbbbbbbbbbb&zona=Zona%20Norte,55,0,0
1788744787572,54,GET Request,200,OK,Grupo GET Request 1-212,text,true,,984,221,3,3,http://localhost:3000/logistics/tenderos/productos-disponibles?tiendaId=bbbbbbbb-bbbb-4bbb-8bbb-bbbbbbbbbbbb&zona=Zona%20Norte,54,0,0
1788744787571,55,GET Request,200,OK,Grupo GET Request 1-214,text,true,,984,221,3,3,http://localhost:3000/logistics/tenderos/productos-disponibles?tiendaId=bbbbbbbb-bbbb-4bbb-8bbb-bbbbbbbbbbbb&zona=Zona%20Norte,55,0,1
1788744787626,55,GET Request,200,OK,Grupo GET Request 1-213,text,true,,984,221,3,3,http://localhost:3000/logistics/tenderos/productos-disponibles?tiendaId=bbbbbbbb-bbbb-4bbb-8bbb-bbbbbbbbbbbb&zona=Zona%20Norte,55,0,0
1788744787626,60,GET Request,200,OK,Grupo GET Request 1-214,text,true,,984,221,3,3,http://localhost:3000/logistics/tenderos/productos-disponibles?tiendaId=bbbbbbbb-bbbb-4bbb-8bbb-bbbbbbbbbbbb&zona=Zona%20Norte,60,0,0
1788744787681,57,GET Request,200,OK,Grupo GET Request 1-213,text,true,,984,221,3,3,http://localhost:3000/logistics/tenderos/productos-disponibles?tiendaId=bbbbbbbb-bbbb-4bbb-8bbb-bbbbbbbbbbbb&zona=Zona%20Norte,57,0,0
1788744787686,53,GET Request,200,OK,Grupo GET Request 1-214,text,true,,984,221,2,2,http://localhost:3000/logistics/tenderos/productos-disponibles?tiendaId=bbbbbbbb-bbbb-4bbb-8bbb-bbbbbbbbbbbb&zona=Zona%20Norte,53,0,0
1788744787680,59,GET Request,200,OK,Grupo GET Request 1-215,text,true,,984,221,2,2,http://localhost:3000/logistics/tenderos/productos-disponibles?tiendaId=bbbbbbbb-bbbb-4bbb-8bbb-bbbbbbbbbbbb&zona=Zona%20Norte,59,0,1
1788744787739,80,GET Request,200,OK,Grupo GET Request 1-215,text,true,,984,221,3,3,http://localhost:3000/logistics/tenderos/productos-disponibles?tiendaId=bbbbbbbb-bbbb-4bbb-8bbb-bbbbbbbbbbbb&zona=Zona%20Norte,80,0,0
1788744787739,81,GET Request,200,OK,Grupo GET Request 1-214,text,true,,984,221,3,3,http://localhost:3000/logistics/tenderos/productos-disponibles?tiendaId=bbbbbbbb-bbbb-4bbb-8bbb-bbbbbbbbbbbb&zona=Zona%20Norte,81,0,0
1788744787792,69,GET Request,200,OK,Grupo GET Request 1-216,text,true,,984,221,3,3,http://localhost:3000/logistics/tenderos/productos-disponibles?tiendaId=bbbbbbbb-bbbb-4bbb-8bbb-bbbbbbbbbbbb&zona=Zona%20Norte,69,0,0
1788744787820,57,GET Request,200,OK,Grupo GET Request 1-215,text,true,,984,221,3,3,http://localhost:3000/logistics/tenderos/productos-disponibles?tiendaId=bbbbbbbb-bbbb-4bbb-8bbb-bbbbbbbbbbbb&zona=Zona%20Norte,57,0,0
1788744787820,60,GET Request,200,OK,Grupo GET Request 1-214,text,true,,984,221,3,3,http://localhost:3000/logistics/tenderos/productos-disponibles?tiendaId=bbbbbbbb-bbbb-4bbb-8bbb-bbbbbbbbbbbb&zona=Zona%20Norte,60,0,0
1788744787862,63,GET Request,200,OK,Grupo GET Request 1-216,text,true,,984,221,3,3,http://localhost:3000/logistics/tenderos/productos-disponibles?tiendaId=bbbbbbbb-bbbb-4bbb-8bbb-bbbbbbbbbbbb&zona=Zona%20Norte,63,0,0
1788744787877,61,GET Request,200,OK,Grupo GET Request 1-215,text,true,,984,221,3,3,http://localhost:3000/logistics/tenderos/productos-disponibles?tiendaId=bbbbbbbb-bbbb-4bbb-8bbb-bbbbbbbbbbbb&zona=Zona%20Norte,61,0,0
1788744787901,63,GET Request,200,OK,Grupo GET Request 1-217,text,true,,984,221,3,3,http://localhost:3000/logistics/tenderos/productos-disponibles?tiendaId=bbbbbbbb-bbbb-4bbb-8bbb-bbbbbbbbbbbb&zona=Zona%20Norte,62,0,0
1788744787925,59,GET Request,200,OK,Grupo GET Request 1-216,text,true,,984,221,3,3,http://localhost:3000/logistics/tenderos/productos-disponibles?tiendaId=bbbbbbbb-bbbb-4bbb-8bbb-bbbbbbbbbbbb&zona=Zona%20Norte,59,0,0
1788744787938,58,GET Request,200,OK,Grupo GET Request 1-215,text,true,,984,221,3,3,http://localhost:3000/logistics/tenderos/productos-disponibles?tiendaId=bbbbbbbb-bbbb-4bbb-8bbb-bbbbbbbbbbbb&zona=Zona%20Norte,58,0,0
1788744787964,58,GET Request,200,OK,Grupo GET Request 1-217,text,true,,984,221,3,3,http://localhost:3000/logistics/tenderos/productos-disponibles?tiendaId=bbbbbbbb-bbbb-4bbb-8bbb-bbbbbbbbbbbb&zona=Zona%20Norte,58,0,0
1788744787984,62,GET Request,200,OK,Grupo GET Request 1-216,text,true,,984,221,3,3,http://localhost:3000/logistics/tenderos/productos-disponibles?tiendaId=bbbbbbbb-bbbb-4bbb-8bbb-bbbbbbbbbbbb&zona=Zona%20Norte,62,0,0
1788744788013,62,GET Request,200,OK,Grupo GET Request 1-218,text,true,,984,221,3,3,http://localhost:3000/logistics/tenderos/productos-disponibles?tiendaId=bbbbbbbb-bbbb-4bbb-8bbb-bbbbbbbbbbbb&zona=Zona%20Norte,62,0,1
1788744788022,58,GET Request,200,OK,Grupo GET Request 1-217,text,true,,984,221,3,3,http://localhost:3000/logistics/tenderos/productos-disponibles?tiendaId=bbbbbbbb-bbbb-4bbb-8bbb-bbbbbbbbbbbb&zona=Zona%20Norte,58,0,0
1788744788046,66,GET Request,200,OK,Grupo GET Request 1-216,text,true,,984,221,3,3,http://localhost:3000/logistics/tenderos/productos-disponibles?tiendaId=bbbbbbbb-bbbb-4bbb-8bbb-bbbbbbbbbbbb&zona=Zona%20Norte,66,0,0
1788744788075,60,GET Request,200,OK,Grupo GET Request 1-218,text,true,,984,221,3,3,http://localhost:3000/logistics/tenderos/productos-disponibles?tiendaId=bbbbbbbb-bbbb-4bbb-8bbb-bbbbbbbbbbbb&zona=Zona%20Norte,60,0,0
1788744788080,57,GET Request,200,OK,Grupo GET Request 1-217,text,true,,984,221,3,3,http://localhost:3000/logistics/tenderos/productos-disponibles?tiendaId=bbbbbbbb-bbbb-4bbb-8bbb-bbbbbbbbbbbb&zona=Zona%20Norte,57,0,0
1788744788124,57,GET Request,200,OK,Grupo GET Request 1-219,text,true,,984,221,3,3,http://localhost:3000/logistics/tenderos/productos-disponibles?tiendaId=bbbbbbbb-bbbb-4bbb-8bbb-bbbbbbbbbbbb&zona=Zona%20Norte,57,0,0
1788744788137,58,GET Request,200,OK,Grupo GET Request 1-217,text,true,,984,221,3,3,http://localhost:3000/logistics/tenderos/productos-disponibles?tiendaId=bbbbbbbb-bbbb-4bbb-8bbb-bbbbbbbbbbbb&zona=Zona%20Norte,58,0,0
1788744788135,63,GET Request,200,OK,Grupo GET Request 1-218,text,true,,984,221,2,2,http://localhost:3000/logistics/tenderos/productos-disponibles?tiendaId=bbbbbbbb-bbbb-4bbb-8bbb-bbbbbbbbbbbb&zona=Zona%20Norte,63,0,0
1788744788182,57,GET Request,200,OK,Grupo GET Request 1-219,text,true,,984,221,3,3,http://localhost:3000/logistics/tenderos/productos-disponibles?tiendaId=bbbbbbbb-bbbb-4bbb-8bbb-bbbbbbbbbbbb&zona=Zona%20Norte,57,0,0
1788744788199,56,GET Request,200,OK,Grupo GET Request 1-218,text,true,,984,221,3,3,http://localhost:3000/logistics/tenderos/productos-disponibles?tiendaId=bbbbbbbb-bbbb-4bbb-8bbb-bbbbbbbbbbbb&zona=Zona%20Norte,56,0,0
1788744788237,55,GET Request,200,OK,Grupo GET Request 1-220,text,true,,984,221,3,3,http://localhost:3000/logistics/tenderos/productos-disponibles?tiendaId=bbbbbbbb-bbbb-4bbb-8bbb-bbbbbbbbbbbb&zona=Zona%20Norte,55,0,0
1788744788239,54,GET Request,200,OK,Grupo GET Request 1-219,text,true,,984,221,3,3,http://localhost:3000/logistics/tenderos/productos-disponibles?tiendaId=bbbbbbbb-bbbb-4bbb-8bbb-bbbbbbbbbbbb&zona=Zona%20Norte,54,0,0
1788744788255,55,GET Request,200,OK,Grupo GET Request 1-218,text,true,,984,221,3,3,http://localhost:3000/logistics/tenderos/productos-disponibles?tiendaId=bbbbbbbb-bbbb-4bbb-8bbb-bbbbbbbbbbbb&zona=Zona%20Norte,55,0,0
1788744788292,55,GET Request,200,OK,Grupo GET Request 1-220,text,true,,984,221,2,2,http://localhost:3000/logistics/tenderos/productos-disponibles?tiendaId=bbbbbbbb-bbbb-4bbb-8bbb-bbbbbbbbbbbb&zona=Zona%20Norte,55,0,0
1788744788293,64,GET Request,200,OK,Grupo GET Request 1-219,text,true,,984,221,3,3,http://localhost:3000/logistics/tenderos/productos-disponibles?tiendaId=bbbbbbbb-bbbb-4bbb-8bbb-bbbbbbbbbbbb&zona=Zona%20Norte,64,0,0
1788744788347,54,GET Request,200,OK,Grupo GET Request 1-220,text,true,,984,221,3,3,http://localhost:3000/logistics/tenderos/productos-disponibles?tiendaId=bbbbbbbb-bbbb-4bbb-8bbb-bbbbbbbbbbbb&zona=Zona%20Norte,54,0,0
1788744788349,55,GET Request,200,OK,Grupo GET Request 1-221,text,true,,984,221,3,3,http://localhost:3000/logistics/tenderos/productos-disponibles?tiendaId=bbbbbbbb-bbbb-4bbb-8bbb-bbbbbbbbbbbb&zona=Zona%20Norte,55,0,0
1788744788357,54,GET Request,200,OK,Grupo GET Request 1-219,text,true,,984,221,3,3,http://localhost:3000/logistics/tenderos/productos-disponibles?tiendaId=bbbbbbbb-bbbb-4bbb-8bbb-bbbbbbbbbbbb&zona=Zona%20Norte,54,0,0
1788744788404,54,GET Request,200,OK,Grupo GET Request 1-221,text,true,,984,221,3,3,http://localhost:3000/logistics/tenderos/productos-disponibles?tiendaId=bbbbbbbb-bbbb-4bbb-8bbb-bbbbbbbbbbbb&zona=Zona%20Norte,54,0,0
1788744788402,67,GET Request,200,OK,Grupo GET Request 1-220,text,true,,984,221,3,3,http://localhost:3000/logistics/tenderos/productos-disponibles?tiendaId=bbbbbbbb-bbbb-4bbb-8bbb-bbbbbbbbbbbb&zona=Zona%20Norte,67,0,0
1788744788456,55,GET Request,200,OK,Grupo GET Request 1-222,text,true,,984,221,3,3,http://localhost:3000/logistics/tenderos/productos-disponibles?tiendaId=bbbbbbbb-bbbb-4bbb-8bbb-bbbbbbbbbbbb&zona=Zona%20Norte,55,0,1
1788744788458,55,GET Request,200,OK,Grupo GET Request 1-221,text,true,,984,221,3,3,http://localhost:3000/logistics/tenderos/productos-disponibles?tiendaId=bbbbbbbb-bbbb-4bbb-8bbb-bbbbbbbbbbbb&zona=Zona%20Norte,55,0,0
1788744788469,57,GET Request,200,OK,Grupo GET Request 1-220,text,true,,984,221,3,3,http://localhost:3000/logistics/tenderos/productos-disponibles?tiendaId=bbbbbbbb-bbbb-4bbb-8bbb-bbbbbbbbbbbb&zona=Zona%20Norte,57,0,0
1788744788511,59,GET Request,200,OK,Grupo GET Request 1-222,text,true,,984,221,2,2,http://localhost:3000/logistics/tenderos/productos-disponibles?tiendaId=bbbbbbbb-bbbb-4bbb-8bbb-bbbbbbbbbbbb&zona=Zona%20Norte,59,0,0
1788744788513,59,GET Request,200,OK,Grupo GET Request 1-221,text,true,,984,221,3,3,http://localhost:3000/logistics/tenderos/productos-disponibles?tiendaId=bbbbbbbb-bbbb-4bbb-8bbb-bbbbbbbbbbbb&zona=Zona%20Norte,59,0,0
1788744788570,55,GET Request,200,OK,Grupo GET Request 1-222,text,true,,984,221,3,3,http://localhost:3000/logistics/tenderos/productos-disponibles?tiendaId=bbbbbbbb-bbbb-4bbb-8bbb-bbbbbbbbbbbb&zona=Zona%20Norte,55,0,0
1788744788572,57,GET Request,200,OK,Grupo GET Request 1-221,text,true,,984,221,3,3,http://localhost:3000/logistics/tenderos/productos-disponibles?tiendaId=bbbbbbbb-bbbb-4bbb-8bbb-bbbbbbbbbbbb&zona=Zona%20Norte,57,0,0
1788744788571,63,GET Request,200,OK,Grupo GET Request 1-223,text,true,,984,221,2,2,http://localhost:3000/logistics/tenderos/productos-disponibles?tiendaId=bbbbbbbb-bbbb-4bbb-8bbb-bbbbbbbbbbbb&zona=Zona%20Norte,63,0,0
1788744788625,54,GET Request,200,OK,Grupo GET Request 1-222,text,true,,984,221,3,3,http://localhost:3000/logistics/tenderos/productos-disponibles?tiendaId=bbbbbbbb-bbbb-4bbb-8bbb-bbbbbbbbbbbb&zona=Zona%20Norte,54,0,0
1788744788634,55,GET Request,200,OK,Grupo GET Request 1-223,text,true,,984,221,3,3,http://localhost:3000/logistics/tenderos/productos-disponibles?tiendaId=bbbbbbbb-bbbb-4bbb-8bbb-bbbbbbbbbbbb&zona=Zona%20Norte,55,0,0
1788744788679,55,GET Request,200,OK,Grupo GET Request 1-222,text,true,,984,221,3,3,http://localhost:3000/logistics/tenderos/productos-disponibles?tiendaId=bbbbbbbb-bbbb-4bbb-8bbb-bbbbbbbbbbbb&zona=Zona%20Norte,55,0,0
1788744788679,57,GET Request,200,OK,Grupo GET Request 1-224,text,true,,984,221,2,2,http://localhost:3000/logistics/tenderos/productos-disponibles?tiendaId=bbbbbbbb-bbbb-4bbb-8bbb-bbbbbbbbbbbb&zona=Zona%20Norte,57,0,1
1788744788689,54,GET Request,200,OK,Grupo GET Request 1-223,text,true,,984,221,2,2,http://localhost:3000/logistics/tenderos/productos-disponibles?tiendaId=bbbbbbbb-bbbb-4bbb-8bbb-bbbbbbbbbbbb&zona=Zona%20Norte,54,0,0
1788744788736,54,GET Request,200,OK,Grupo GET Request 1-224,text,true,,984,221,2,2,http://localhost:3000/logistics/tenderos/productos-disponibles?tiendaId=bbbbbbbb-bbbb-4bbb-8bbb-bbbbbbbbbbbb&zona=Zona%20Norte,54,0,0
1788744788743,56,GET Request,200,OK,Grupo GET Request 1-223,text,true,,984,221,3,3,http://localhost:3000/logistics/tenderos/productos-disponibles?tiendaId=bbbbbbbb-bbbb-4bbb-8bbb-bbbbbbbbbbbb&zona=Zona%20Norte,56,0,0
1788744788790,55,GET Request,200,OK,Grupo GET Request 1-224,text,true,,984,221,3,3,http://localhost:3000/logistics/tenderos/productos-disponibles?tiendaId=bbbbbbbb-bbbb-4bbb-8bbb-bbbbbbbbbbbb&zona=Zona%20Norte,55,0,0
1788744788792,54,GET Request,200,OK,Grupo GET Request 1-225,text,true,,984,221,3,3,http://localhost:3000/logistics/tenderos/productos-disponibles?tiendaId=bbbbbbbb-bbbb-4bbb-8bbb-bbbbbbbbbbbb&zona=Zona%20Norte,54,0,0
1788744788800,55,GET Request,200,OK,Grupo GET Request 1-223,text,true,,984,221,3,3,http://localhost:3000/logistics/tenderos/productos-disponibles?tiendaId=bbbbbbbb-bbbb-4bbb-8bbb-bbbbbbbbbbbb&zona=Zona%20Norte,55,0,0
1788744788845,54,GET Request,200,OK,Grupo GET Request 1-224,text,true,,984,221,2,2,http://localhost:3000/logistics/tenderos/productos-disponibles?tiendaId=bbbbbbbb-bbbb-4bbb-8bbb-bbbbbbbbbbbb&zona=Zona%20Norte,54,0,0
1788744788846,56,GET Request,200,OK,Grupo GET Request 1-225,text,true,,984,221,3,3,http://localhost:3000/logistics/tenderos/productos-disponibles?tiendaId=bbbbbbbb-bbbb-4bbb-8bbb-bbbbbbbbbbbb&zona=Zona%20Norte,56,0,0
1788744788900,54,GET Request,200,OK,Grupo GET Request 1-224,text,true,,984,221,3,3,http://localhost:3000/logistics/tenderos/productos-disponibles?tiendaId=bbbbbbbb-bbbb-4bbb-8bbb-bbbbbbbbbbbb&zona=Zona%20Norte,54,0,0
1788744788902,53,GET Request,200,OK,Grupo GET Request 1-225,text,true,,984,221,2,2,http://localhost:3000/logistics/tenderos/productos-disponibles?tiendaId=bbbbbbbb-bbbb-4bbb-8bbb-bbbbbbbbbbbb&zona=Zona%20Norte,53,0,0
1788744788901,61,GET Request,200,OK,Grupo GET Request 1-226,text,true,,984,221,2,2,http://localhost:3000/logistics/tenderos/productos-disponibles?tiendaId=bbbbbbbb-bbbb-4bbb-8bbb-bbbbbbbbbbbb&zona=Zona%20Norte,61,0,0
1788744788955,54,GET Request,200,OK,Grupo GET Request 1-225,text,true,,984,221,3,3,http://localhost:3000/logistics/tenderos/productos-disponibles?tiendaId=bbbbbbbb-bbbb-4bbb-8bbb-bbbbbbbbbbbb&zona=Zona%20Norte,54,0,0
1788744788962,54,GET Request,200,OK,Grupo GET Request 1-226,text,true,,984,221,3,3,http://localhost:3000/logistics/tenderos/productos-disponibles?tiendaId=bbbbbbbb-bbbb-4bbb-8bbb-bbbbbbbbbbbb&zona=Zona%20Norte,54,0,0
1788744789009,57,GET Request,200,OK,Grupo GET Request 1-227,text,true,,984,221,3,3,http://localhost:3000/logistics/tenderos/productos-disponibles?tiendaId=bbbbbbbb-bbbb-4bbb-8bbb-bbbbbbbbbbbb&zona=Zona%20Norte,57,0,1
1788744789009,61,GET Request,200,OK,Grupo GET Request 1-225,text,true,,984,221,3,3,http://localhost:3000/logistics/tenderos/productos-disponibles?tiendaId=bbbbbbbb-bbbb-4bbb-8bbb-bbbbbbbbbbbb&zona=Zona%20Norte,61,0,0
1788744789016,58,GET Request,200,OK,Grupo GET Request 1-226,text,true,,984,221,2,2,http://localhost:3000/logistics/tenderos/productos-disponibles?tiendaId=bbbbbbbb-bbbb-4bbb-8bbb-bbbbbbbbbbbb&zona=Zona%20Norte,58,0,0
1788744789066,55,GET Request,200,OK,Grupo GET Request 1-227,text,true,,984,221,2,2,http://localhost:3000/logistics/tenderos/productos-disponibles?tiendaId=bbbbbbbb-bbbb-4bbb-8bbb-bbbbbbbbbbbb&zona=Zona%20Norte,55,0,0
1788744789074,63,GET Request,200,OK,Grupo GET Request 1-226,text,true,,984,221,3,3,http://localhost:3000/logistics/tenderos/productos-disponibles?tiendaId=bbbbbbbb-bbbb-4bbb-8bbb-bbbbbbbbbbbb&zona=Zona%20Norte,63,0,0
1788744789121,55,GET Request,200,OK,Grupo GET Request 1-227,text,true,,984,221,3,3,http://localhost:3000/logistics/tenderos/productos-disponibles?tiendaId=bbbbbbbb-bbbb-4bbb-8bbb-bbbbbbbbbbbb&zona=Zona%20Norte,55,0,0
1788744789123,55,GET Request,200,OK,Grupo GET Request 1-228,text,true,,984,221,3,3,http://localhost:3000/logistics/tenderos/productos-disponibles?tiendaId=bbbbbbbb-bbbb-4bbb-8bbb-bbbbbbbbbbbb&zona=Zona%20Norte,55,0,1
1788744789137,65,GET Request,200,OK,Grupo GET Request 1-226,text,true,,984,221,3,3,http://localhost:3000/logistics/tenderos/productos-disponibles?tiendaId=bbbbbbbb-bbbb-4bbb-8bbb-bbbbbbbbbbbb&zona=Zona%20Norte,65,0,0
1788744789177,57,GET Request,200,OK,Grupo GET Request 1-227,text,true,,984,221,2,2,http://localhost:3000/logistics/tenderos/productos-disponibles?tiendaId=bbbbbbbb-bbbb-4bbb-8bbb-bbbbbbbbbbbb&zona=Zona%20Norte,57,0,0
1788744789178,56,GET Request,200,OK,Grupo GET Request 1-228,text,true,,984,221,2,2,http://localhost:3000/logistics/tenderos/productos-disponibles?tiendaId=bbbbbbbb-bbbb-4bbb-8bbb-bbbbbbbbbbbb&zona=Zona%20Norte,56,0,0
1788744789234,52,GET Request,200,OK,Grupo GET Request 1-228,text,true,,984,221,3,3,http://localhost:3000/logistics/tenderos/productos-disponibles?tiendaId=bbbbbbbb-bbbb-4bbb-8bbb-bbbbbbbbbbbb&zona=Zona%20Norte,52,0,0
1788744789236,54,GET Request,200,OK,Grupo GET Request 1-229,text,true,,984,221,3,3,http://localhost:3000/logistics/tenderos/productos-disponibles?tiendaId=bbbbbbbb-bbbb-4bbb-8bbb-bbbbbbbbbbbb&zona=Zona%20Norte,54,0,0
1788744789234,64,GET Request,200,OK,Grupo GET Request 1-227,text,true,,984,221,3,3,http://localhost:3000/logistics/tenderos/productos-disponibles?tiendaId=bbbbbbbb-bbbb-4bbb-8bbb-bbbbbbbbbbbb&zona=Zona%20Norte,64,0,0
1788744789286,54,GET Request,200,OK,Grupo GET Request 1-228,text,true,,984,221,2,2,http://localhost:3000/logistics/tenderos/productos-disponibles?tiendaId=bbbbbbbb-bbbb-4bbb-8bbb-bbbbbbbbbbbb&zona=Zona%20Norte,54,0,0
1788744789291,54,GET Request,200,OK,Grupo GET Request 1-229,text,true,,984,221,2,2,http://localhost:3000/logistics/tenderos/productos-disponibles?tiendaId=bbbbbbbb-bbbb-4bbb-8bbb-bbbbbbbbbbbb&zona=Zona%20Norte,54,0,0
1788744789340,56,GET Request,200,OK,Grupo GET Request 1-228,text,true,,984,221,3,3,http://localhost:3000/logistics/tenderos/productos-disponibles?tiendaId=bbbbbbbb-bbbb-4bbb-8bbb-bbbbbbbbbbbb&zona=Zona%20Norte,56,0,0
1788744789345,55,GET Request,200,OK,Grupo GET Request 1-229,text,true,,984,221,2,2,http://localhost:3000/logistics/tenderos/productos-disponibles?tiendaId=bbbbbbbb-bbbb-4bbb-8bbb-bbbbbbbbbbbb&zona=Zona%20Norte,55,0,0
1788744789347,55,GET Request,200,OK,Grupo GET Request 1-230,text,true,,984,221,2,2,http://localhost:3000/logistics/tenderos/productos-disponibles?tiendaId=bbbbbbbb-bbbb-4bbb-8bbb-bbbbbbbbbbbb&zona=Zona%20Norte,55,0,0
1788744789400,54,GET Request,200,OK,Grupo GET Request 1-229,text,true,,984,221,2,2,http://localhost:3000/logistics/tenderos/productos-disponibles?tiendaId=bbbbbbbb-bbbb-4bbb-8bbb-bbbbbbbbbbbb&zona=Zona%20Norte,54,0,0
1788744789402,56,GET Request,200,OK,Grupo GET Request 1-230,text,true,,984,221,3,3,http://localhost:3000/logistics/tenderos/productos-disponibles?tiendaId=bbbbbbbb-bbbb-4bbb-8bbb-bbbbbbbbbbbb&zona=Zona%20Norte,56,0,0
1788744789455,53,GET Request,200,OK,Grupo GET Request 1-229,text,true,,984,221,3,3,http://localhost:3000/logistics/tenderos/productos-disponibles?tiendaId=bbbbbbbb-bbbb-4bbb-8bbb-bbbbbbbbbbbb&zona=Zona%20Norte,53,0,0
1788744789458,54,GET Request,200,OK,Grupo GET Request 1-230,text,true,,984,221,2,2,http://localhost:3000/logistics/tenderos/productos-disponibles?tiendaId=bbbbbbbb-bbbb-4bbb-8bbb-bbbbbbbbbbbb&zona=Zona%20Norte,54,0,0
1788744789455,57,GET Request,200,OK,Grupo GET Request 1-231,text,true,,984,221,2,2,http://localhost:3000/logistics/tenderos/productos-disponibles?tiendaId=bbbbbbbb-bbbb-4bbb-8bbb-bbbbbbbbbbbb&zona=Zona%20Norte,57,0,1
1788744789512,54,GET Request,200,OK,Grupo GET Request 1-230,text,true,,984,221,2,2,http://localhost:3000/logistics/tenderos/productos-disponibles?tiendaId=bbbbbbbb-bbbb-4bbb-8bbb-bbbbbbbbbbbb&zona=Zona%20Norte,54,0,0
1788744789512,58,GET Request,200,OK,Grupo GET Request 1-231,text,true,,984,221,3,3,http://localhost:3000/logistics/tenderos/productos-disponibles?tiendaId=bbbbbbbb-bbbb-4bbb-8bbb-bbbbbbbbbbbb&zona=Zona%20Norte,58,0,0
1788744789566,55,GET Request,200,OK,Grupo GET Request 1-230,text,true,,984,221,3,3,http://localhost:3000/logistics/tenderos/productos-disponibles?tiendaId=bbbbbbbb-bbbb-4bbb-8bbb-bbbbbbbbbbbb&zona=Zona%20Norte,54,0,0
1788744789567,56,GET Request,200,OK,Grupo GET Request 1-232,text,true,,984,221,2,2,http://localhost:3000/logistics/tenderos/productos-disponibles?tiendaId=bbbbbbbb-bbbb-4bbb-8bbb-bbbbbbbbbbbb&zona=Zona%20Norte,56,0,1
1788744789571,53,GET Request,200,OK,Grupo GET Request 1-231,text,true,,984,221,2,2,http://localhost:3000/logistics/tenderos/productos-disponibles?tiendaId=bbbbbbbb-bbbb-4bbb-8bbb-bbbbbbbbbbbb&zona=Zona%20Norte,53,0,0
1788744789623,54,GET Request,200,OK,Grupo GET Request 1-232,text,true,,984,221,2,2,http://localhost:3000/logistics/tenderos/productos-disponibles?tiendaId=bbbbbbbb-bbbb-4bbb-8bbb-bbbbbbbbbbbb&zona=Zona%20Norte,54,0,0
1788744789624,55,GET Request,200,OK,Grupo GET Request 1-231,text,true,,984,221,3,3,http://localhost:3000/logistics/tenderos/productos-disponibles?tiendaId=bbbbbbbb-bbbb-4bbb-8bbb-bbbbbbbbbbbb&zona=Zona%20Norte,55,0,0
1788744789677,55,GET Request,200,OK,Grupo GET Request 1-232,text,true,,984,221,3,3,http://localhost:3000/logistics/tenderos/productos-disponibles?tiendaId=bbbbbbbb-bbbb-4bbb-8bbb-bbbbbbbbbbbb&zona=Zona%20Norte,55,0,0
1788744789679,54,GET Request,200,OK,Grupo GET Request 1-231,text,true,,984,221,3,3,http://localhost:3000/logistics/tenderos/productos-disponibles?tiendaId=bbbbbbbb-bbbb-4bbb-8bbb-bbbbbbbbbbbb&zona=Zona%20Norte,54,0,0
1788744789678,56,GET Request,200,OK,Grupo GET Request 1-233,text,true,,984,221,3,3,http://localhost:3000/logistics/tenderos/productos-disponibles?tiendaId=bbbbbbbb-bbbb-4bbb-8bbb-bbbbbbbbbbbb&zona=Zona%20Norte,56,0,1
1788744789732,55,GET Request,200,OK,Grupo GET Request 1-232,text,true,,984,221,2,2,http://localhost:3000/logistics/tenderos/productos-disponibles?tiendaId=bbbbbbbb-bbbb-4bbb-8bbb-bbbbbbbbbbbb&zona=Zona%20Norte,55,0,0
1788744789734,56,GET Request,200,OK,Grupo GET Request 1-233,text,true,,984,221,3,3,http://localhost:3000/logistics/tenderos/productos-disponibles?tiendaId=bbbbbbbb-bbbb-4bbb-8bbb-bbbbbbbbbbbb&zona=Zona%20Norte,56,0,0
1788744789788,56,GET Request,200,OK,Grupo GET Request 1-234,text,true,,984,221,3,3,http://localhost:3000/logistics/tenderos/productos-disponibles?tiendaId=bbbbbbbb-bbbb-4bbb-8bbb-bbbbbbbbbbbb&zona=Zona%20Norte,56,0,0
1788744789791,54,GET Request,200,OK,Grupo GET Request 1-233,text,true,,984,221,3,3,http://localhost:3000/logistics/tenderos/productos-disponibles?tiendaId=bbbbbbbb-bbbb-4bbb-8bbb-bbbbbbbbbbbb&zona=Zona%20Norte,54,0,0
1788744789787,58,GET Request,200,OK,Grupo GET Request 1-232,text,true,,984,221,3,3,http://localhost:3000/logistics/tenderos/productos-disponibles?tiendaId=bbbbbbbb-bbbb-4bbb-8bbb-bbbbbbbbbbbb&zona=Zona%20Norte,58,0,0
1788744789845,54,GET Request,200,OK,Grupo GET Request 1-233,text,true,,984,221,2,2,http://localhost:3000/logistics/tenderos/productos-disponibles?tiendaId=bbbbbbbb-bbbb-4bbb-8bbb-bbbbbbbbbbbb&zona=Zona%20Norte,54,0,0
1788744789844,60,GET Request,200,OK,Grupo GET Request 1-234,text,true,,984,221,3,3,http://localhost:3000/logistics/tenderos/productos-disponibles?tiendaId=bbbbbbbb-bbbb-4bbb-8bbb-bbbbbbbbbbbb&zona=Zona%20Norte,60,0,0
1788744789900,56,GET Request,200,OK,Grupo GET Request 1-233,text,true,,984,221,3,3,http://localhost:3000/logistics/tenderos/productos-disponibles?tiendaId=bbbbbbbb-bbbb-4bbb-8bbb-bbbbbbbbbbbb&zona=Zona%20Norte,56,0,0
1788744789900,57,GET Request,200,OK,Grupo GET Request 1-235,text,true,,984,221,3,3,http://localhost:3000/logistics/tenderos/productos-disponibles?tiendaId=bbbbbbbb-bbbb-4bbb-8bbb-bbbbbbbbbbbb&zona=Zona%20Norte,57,0,1
1788744789904,62,GET Request,200,OK,Grupo GET Request 1-234,text,true,,984,221,2,2,http://localhost:3000/logistics/tenderos/productos-disponibles?tiendaId=bbbbbbbb-bbbb-4bbb-8bbb-bbbbbbbbbbbb&zona=Zona%20Norte,60,0,0
1788744789957,59,GET Request,200,OK,Grupo GET Request 1-235,text,true,,984,221,3,3,http://localhost:3000/logistics/tenderos/productos-disponibles?tiendaId=bbbbbbbb-bbbb-4bbb-8bbb-bbbbbbbbbbbb&zona=Zona%20Norte,59,0,0
1788744789966,60,GET Request,200,OK,Grupo GET Request 1-234,text,true,,984,221,3,3,http://localhost:3000/logistics/tenderos/productos-disponibles?tiendaId=bbbbbbbb-bbbb-4bbb-8bbb-bbbbbbbbbbbb&zona=Zona%20Norte,60,0,0
1788744790011,56,GET Request,200,OK,Grupo GET Request 1-236,text,true,,984,221,3,3,http://localhost:3000/logistics/tenderos/productos-disponibles?tiendaId=bbbbbbbb-bbbb-4bbb-8bbb-bbbbbbbbbbbb&zona=Zona%20Norte,56,0,0
1788744790016,54,GET Request,200,OK,Grupo GET Request 1-235,text,true,,984,221,3,3,http://localhost:3000/logistics/tenderos/productos-disponibles?tiendaId=bbbbbbbb-bbbb-4bbb-8bbb-bbbbbbbbbbbb&zona=Zona%20Norte,54,0,0
1788744790026,54,GET Request,200,OK,Grupo GET Request 1-234,text,true,,984,221,3,3,http://localhost:3000/logistics/tenderos/productos-disponibles?tiendaId=bbbbbbbb-bbbb-4bbb-8bbb-bbbbbbbbbbbb&zona=Zona%20Norte,54,0,0
1788744790067,54,GET Request,200,OK,Grupo GET Request 1-236,text,true,,984,221,2,2,http://localhost:3000/logistics/tenderos/productos-disponibles?tiendaId=bbbbbbbb-bbbb-4bbb-8bbb-bbbbbbbbbbbb&zona=Zona%20Norte,54,0,0
1788744790070,54,GET Request,200,OK,Grupo GET Request 1-235,text,true,,984,221,3,3,http://localhost:3000/logistics/tenderos/productos-disponibles?tiendaId=bbbbbbbb-bbbb-4bbb-8bbb-bbbbbbbbbbbb&zona=Zona%20Norte,54,0,0
1788744790121,55,GET Request,200,OK,Grupo GET Request 1-236,text,true,,984,221,3,3,http://localhost:3000/logistics/tenderos/productos-disponibles?tiendaId=bbbbbbbb-bbbb-4bbb-8bbb-bbbbbbbbbbbb&zona=Zona%20Norte,55,0,0
1788744790123,55,GET Request,200,OK,Grupo GET Request 1-237,text,true,,984,221,3,3,http://localhost:3000/logistics/tenderos/productos-disponibles?tiendaId=bbbbbbbb-bbbb-4bbb-8bbb-bbbbbbbbbbbb&zona=Zona%20Norte,55,0,0
1788744790124,54,GET Request,200,OK,Grupo GET Request 1-235,text,true,,984,221,3,3,http://localhost:3000/logistics/tenderos/productos-disponibles?tiendaId=bbbbbbbb-bbbb-4bbb-8bbb-bbbbbbbbbbbb&zona=Zona%20Norte,54,0,0
1788744790176,55,GET Request,200,OK,Grupo GET Request 1-236,text,true,,984,221,2,2,http://localhost:3000/logistics/tenderos/productos-disponibles?tiendaId=bbbbbbbb-bbbb-4bbb-8bbb-bbbbbbbbbbbb&zona=Zona%20Norte,55,0,0
1788744790178,54,GET Request,200,OK,Grupo GET Request 1-237,text,true,,984,221,3,3,http://localhost:3000/logistics/tenderos/productos-disponibles?tiendaId=bbbbbbbb-bbbb-4bbb-8bbb-bbbbbbbbbbbb&zona=Zona%20Norte,54,0,0
1788744790232,54,GET Request,200,OK,Grupo GET Request 1-236,text,true,,984,221,3,3,http://localhost:3000/logistics/tenderos/productos-disponibles?tiendaId=bbbbbbbb-bbbb-4bbb-8bbb-bbbbbbbbbbbb&zona=Zona%20Norte,54,0,0
1788744790232,55,GET Request,200,OK,Grupo GET Request 1-238,text,true,,984,221,2,2,http://localhost:3000/logistics/tenderos/productos-disponibles?tiendaId=bbbbbbbb-bbbb-4bbb-8bbb-bbbbbbbbbbbb&zona=Zona%20Norte,55,0,1
1788744790232,56,GET Request,200,OK,Grupo GET Request 1-237,text,true,,984,221,2,2,http://localhost:3000/logistics/tenderos/productos-disponibles?tiendaId=bbbbbbbb-bbbb-4bbb-8bbb-bbbbbbbbbbbb&zona=Zona%20Norte,56,0,0
1788744790287,55,GET Request,200,OK,Grupo GET Request 1-238,text,true,,984,221,2,2,http://localhost:3000/logistics/tenderos/productos-disponibles?tiendaId=bbbbbbbb-bbbb-4bbb-8bbb-bbbbbbbbbbbb&zona=Zona%20Norte,55,0,0
1788744790288,54,GET Request,200,OK,Grupo GET Request 1-237,text,true,,984,221,2,2,http://localhost:3000/logistics/tenderos/productos-disponibles?tiendaId=bbbbbbbb-bbbb-4bbb-8bbb-bbbbbbbbbbbb&zona=Zona%20Norte,54,0,0
1788744790342,54,GET Request,200,OK,Grupo GET Request 1-238,text,true,,984,221,3,3,http://localhost:3000/logistics/tenderos/productos-disponibles?tiendaId=bbbbbbbb-bbbb-4bbb-8bbb-bbbbbbbbbbbb&zona=Zona%20Norte,54,0,0
1788744790342,54,GET Request,200,OK,Grupo GET Request 1-237,text,true,,984,221,3,3,http://localhost:3000/logistics/tenderos/productos-disponibles?tiendaId=bbbbbbbb-bbbb-4bbb-8bbb-bbbbbbbbbbbb&zona=Zona%20Norte,54,0,0
1788744790346,55,GET Request,200,OK,Grupo GET Request 1-239,text,true,,984,221,2,2,http://localhost:3000/logistics/tenderos/productos-disponibles?tiendaId=bbbbbbbb-bbbb-4bbb-8bbb-bbbbbbbbbbbb&zona=Zona%20Norte,55,0,1
1788744790396,56,GET Request,200,OK,Grupo GET Request 1-238,text,true,,984,221,2,2,http://localhost:3000/logistics/tenderos/productos-disponibles?tiendaId=bbbbbbbb-bbbb-4bbb-8bbb-bbbbbbbbbbbb&zona=Zona%20Norte,56,0,0
1788744790401,79,GET Request,200,OK,Grupo GET Request 1-239,text,true,,984,221,3,3,http://localhost:3000/logistics/tenderos/productos-disponibles?tiendaId=bbbbbbbb-bbbb-4bbb-8bbb-bbbbbbbbbbbb&zona=Zona%20Norte,79,0,0
1788744790452,55,GET Request,200,OK,Grupo GET Request 1-238,text,true,,984,221,3,3,http://localhost:3000/logistics/tenderos/productos-disponibles?tiendaId=bbbbbbbb-bbbb-4bbb-8bbb-bbbbbbbbbbbb&zona=Zona%20Norte,55,0,0
1788744790454,56,GET Request,200,OK,Grupo GET Request 1-240,text,true,,984,221,2,2,http://localhost:3000/logistics/tenderos/productos-disponibles?tiendaId=bbbbbbbb-bbbb-4bbb-8bbb-bbbbbbbbbbbb&zona=Zona%20Norte,56,0,1
1788744790480,58,GET Request,200,OK,Grupo GET Request 1-239,text,true,,984,221,2,2,http://localhost:3000/logistics/tenderos/productos-disponibles?tiendaId=bbbbbbbb-bbbb-4bbb-8bbb-bbbbbbbbbbbb&zona=Zona%20Norte,58,0,0
1788744790510,56,GET Request,200,OK,Grupo GET Request 1-240,text,true,,984,221,2,2,http://localhost:3000/logistics/tenderos/productos-disponibles?tiendaId=bbbbbbbb-bbbb-4bbb-8bbb-bbbbbbbbbbbb&zona=Zona%20Norte,56,0,0
1788744790538,56,GET Request,200,OK,Grupo GET Request 1-239,text,true,,984,221,3,3,http://localhost:3000/logistics/tenderos/productos-disponibles?tiendaId=bbbbbbbb-bbbb-4bbb-8bbb-bbbbbbbbbbbb&zona=Zona%20Norte,56,0,0
1788744790566,56,GET Request,200,OK,Grupo GET Request 1-240,text,true,,984,221,3,3,http://localhost:3000/logistics/tenderos/productos-disponibles?tiendaId=bbbbbbbb-bbbb-4bbb-8bbb-bbbbbbbbbbbb&zona=Zona%20Norte,56,0,0
1788744790568,58,GET Request,200,OK,Grupo GET Request 1-241,text,true,,984,221,3,3,http://localhost:3000/logistics/tenderos/productos-disponibles?tiendaId=bbbbbbbb-bbbb-4bbb-8bbb-bbbbbbbbbbbb&zona=Zona%20Norte,58,0,0
1788744790594,57,GET Request,200,OK,Grupo GET Request 1-239,text,true,,984,221,3,3,http://localhost:3000/logistics/tenderos/productos-disponibles?tiendaId=bbbbbbbb-bbbb-4bbb-8bbb-bbbbbbbbbbbb&zona=Zona%20Norte,57,0,0
1788744790622,62,GET Request,200,OK,Grupo GET Request 1-240,text,true,,984,221,3,3,http://localhost:3000/logistics/tenderos/productos-disponibles?tiendaId=bbbbbbbb-bbbb-4bbb-8bbb-bbbbbbbbbbbb&zona=Zona%20Norte,62,0,0
1788744790626,61,GET Request,200,OK,Grupo GET Request 1-241,text,true,,984,221,3,3,http://localhost:3000/logistics/tenderos/productos-disponibles?tiendaId=bbbbbbbb-bbbb-4bbb-8bbb-bbbbbbbbbbbb&zona=Zona%20Norte,61,0,0
1788744790678,57,GET Request,200,OK,Grupo GET Request 1-242,text,true,,984,221,3,3,http://localhost:3000/logistics/tenderos/productos-disponibles?tiendaId=bbbbbbbb-bbbb-4bbb-8bbb-bbbbbbbbbbbb&zona=Zona%20Norte,57,0,0
1788744790685,56,GET Request,200,OK,Grupo GET Request 1-240,text,true,,984,221,3,3,http://localhost:3000/logistics/tenderos/productos-disponibles?tiendaId=bbbbbbbb-bbbb-4bbb-8bbb-bbbbbbbbbbbb&zona=Zona%20Norte,56,0,0
1788744790687,55,GET Request,200,OK,Grupo GET Request 1-241,text,true,,984,221,2,2,http://localhost:3000/logistics/tenderos/productos-disponibles?tiendaId=bbbbbbbb-bbbb-4bbb-8bbb-bbbbbbbbbbbb&zona=Zona%20Norte,55,0,0
1788744790736,54,GET Request,200,OK,Grupo GET Request 1-242,text,true,,984,221,3,3,http://localhost:3000/logistics/tenderos/productos-disponibles?tiendaId=bbbbbbbb-bbbb-4bbb-8bbb-bbbbbbbbbbbb&zona=Zona%20Norte,54,0,0
1788744790742,54,GET Request,200,OK,Grupo GET Request 1-241,text,true,,984,221,3,3,http://localhost:3000/logistics/tenderos/productos-disponibles?tiendaId=bbbbbbbb-bbbb-4bbb-8bbb-bbbbbbbbbbbb&zona=Zona%20Norte,54,0,0
1788744790790,56,GET Request,200,OK,Grupo GET Request 1-242,text,true,,984,221,3,3,http://localhost:3000/logistics/tenderos/productos-disponibles?tiendaId=bbbbbbbb-bbbb-4bbb-8bbb-bbbbbbbbbbbb&zona=Zona%20Norte,56,0,0
1788744790796,53,GET Request,200,OK,Grupo GET Request 1-241,text,true,,984,221,3,3,http://localhost:3000/logistics/tenderos/productos-disponibles?tiendaId=bbbbbbbb-bbbb-4bbb-8bbb-bbbbbbbbbbbb&zona=Zona%20Norte,53,0,0
1788744790790,60,GET Request,200,OK,Grupo GET Request 1-243,text,true,,984,221,2,2,http://localhost:3000/logistics/tenderos/productos-disponibles?tiendaId=bbbbbbbb-bbbb-4bbb-8bbb-bbbbbbbbbbbb&zona=Zona%20Norte,60,0,1
1788744790850,72,GET Request,200,OK,Grupo GET Request 1-243,text,true,,984,221,3,3,http://localhost:3000/logistics/tenderos/productos-disponibles?tiendaId=bbbbbbbb-bbbb-4bbb-8bbb-bbbbbbbbbbbb&zona=Zona%20Norte,72,0,0
1788744790846,78,GET Request,200,OK,Grupo GET Request 1-242,text,true,,984,221,3,3,http://localhost:3000/logistics/tenderos/productos-disponibles?tiendaId=bbbbbbbb-bbbb-4bbb-8bbb-bbbbbbbbbbbb&zona=Zona%20Norte,78,0,0
1788744790899,71,GET Request,200,OK,Grupo GET Request 1-244,text,true,,984,221,3,3,http://localhost:3000/logistics/tenderos/productos-disponibles?tiendaId=bbbbbbbb-bbbb-4bbb-8bbb-bbbbbbbbbbbb&zona=Zona%20Norte,71,0,1
1788744790922,60,GET Request,200,OK,Grupo GET Request 1-243,text,true,,984,221,3,3,http://localhost:3000/logistics/tenderos/productos-disponibles?tiendaId=bbbbbbbb-bbbb-4bbb-8bbb-bbbbbbbbbbbb&zona=Zona%20Norte,60,0,0
1788744790924,66,GET Request,200,OK,Grupo GET Request 1-242,text,true,,984,221,3,3,http://localhost:3000/logistics/tenderos/productos-disponibles?tiendaId=bbbbbbbb-bbbb-4bbb-8bbb-bbbbbbbbbbbb&zona=Zona%20Norte,66,0,0
1788744790970,60,GET Request,200,OK,Grupo GET Request 1-244,text,true,,984,221,3,3,http://localhost:3000/logistics/tenderos/productos-disponibles?tiendaId=bbbbbbbb-bbbb-4bbb-8bbb-bbbbbbbbbbbb&zona=Zona%20Norte,60,0,0
1788744790982,56,GET Request,200,OK,Grupo GET Request 1-243,text,true,,984,221,3,3,http://localhost:3000/logistics/tenderos/productos-disponibles?tiendaId=bbbbbbbb-bbbb-4bbb-8bbb-bbbbbbbbbbbb&zona=Zona%20Norte,56,0,0
1788744791012,55,GET Request,200,OK,Grupo GET Request 1-245,text,true,,984,221,3,3,http://localhost:3000/logistics/tenderos/productos-disponibles?tiendaId=bbbbbbbb-bbbb-4bbb-8bbb-bbbbbbbbbbbb&zona=Zona%20Norte,55,0,0
1788744791030,55,GET Request,200,OK,Grupo GET Request 1-244,text,true,,984,221,3,3,http://localhost:3000/logistics/tenderos/productos-disponibles?tiendaId=bbbbbbbb-bbbb-4bbb-8bbb-bbbbbbbbbbbb&zona=Zona%20Norte,55,0,0
1788744791038,64,GET Request,200,OK,Grupo GET Request 1-243,text,true,,984,221,3,3,http://localhost:3000/logistics/tenderos/productos-disponibles?tiendaId=bbbbbbbb-bbbb-4bbb-8bbb-bbbbbbbbbbbb&zona=Zona%20Norte,64,0,0
1788744791067,56,GET Request,200,OK,Grupo GET Request 1-245,text,true,,984,221,3,3,http://localhost:3000/logistics/tenderos/productos-disponibles?tiendaId=bbbbbbbb-bbbb-4bbb-8bbb-bbbbbbbbbbbb&zona=Zona%20Norte,56,0,0
1788744791085,56,GET Request,200,OK,Grupo GET Request 1-244,text,true,,984,221,3,3,http://localhost:3000/logistics/tenderos/productos-disponibles?tiendaId=bbbbbbbb-bbbb-4bbb-8bbb-bbbbbbbbbbbb&zona=Zona%20Norte,56,0,0
1788744791124,58,GET Request,200,OK,Grupo GET Request 1-246,text,true,,984,221,3,3,http://localhost:3000/logistics/tenderos/productos-disponibles?tiendaId=bbbbbbbb-bbbb-4bbb-8bbb-bbbbbbbbbbbb&zona=Zona%20Norte,58,0,0
1788744791123,65,GET Request,200,OK,Grupo GET Request 1-245,text,true,,984,221,3,3,http://localhost:3000/logistics/tenderos/productos-disponibles?tiendaId=bbbbbbbb-bbbb-4bbb-8bbb-bbbbbbbbbbbb&zona=Zona%20Norte,65,0,0
1788744791141,64,GET Request,200,OK,Grupo GET Request 1-244,text,true,,984,221,3,3,http://localhost:3000/logistics/tenderos/productos-disponibles?tiendaId=bbbbbbbb-bbbb-4bbb-8bbb-bbbbbbbbbbbb&zona=Zona%20Norte,64,0,0
1788744791182,62,GET Request,200,OK,Grupo GET Request 1-246,text,true,,984,221,3,3,http://localhost:3000/logistics/tenderos/productos-disponibles?tiendaId=bbbbbbbb-bbbb-4bbb-8bbb-bbbbbbbbbbbb&zona=Zona%20Norte,62,0,0
1788744791188,58,GET Request,200,OK,Grupo GET Request 1-245,text,true,,984,221,3,3,http://localhost:3000/logistics/tenderos/productos-disponibles?tiendaId=bbbbbbbb-bbbb-4bbb-8bbb-bbbbbbbbbbbb&zona=Zona%20Norte,58,0,0
1788744791234,65,GET Request,200,OK,Grupo GET Request 1-247,text,true,,984,221,3,3,http://localhost:3000/logistics/tenderos/productos-disponibles?tiendaId=bbbbbbbb-bbbb-4bbb-8bbb-bbbbbbbbbbbb&zona=Zona%20Norte,65,0,1
1788744791244,56,GET Request,200,OK,Grupo GET Request 1-246,text,true,,984,221,3,3,http://localhost:3000/logistics/tenderos/productos-disponibles?tiendaId=bbbbbbbb-bbbb-4bbb-8bbb-bbbbbbbbbbbb&zona=Zona%20Norte,56,0,0
1788744791246,56,GET Request,200,OK,Grupo GET Request 1-245,text,true,,984,221,3,3,http://localhost:3000/logistics/tenderos/productos-disponibles?tiendaId=bbbbbbbb-bbbb-4bbb-8bbb-bbbbbbbbbbbb&zona=Zona%20Norte,56,0,0
1788744791299,56,GET Request,200,OK,Grupo GET Request 1-247,text,true,,984,221,3,3,http://localhost:3000/logistics/tenderos/productos-disponibles?tiendaId=bbbbbbbb-bbbb-4bbb-8bbb-bbbbbbbbbbbb&zona=Zona%20Norte,56,0,0
1788744791300,56,GET Request,200,OK,Grupo GET Request 1-246,text,true,,984,221,3,3,http://localhost:3000/logistics/tenderos/productos-disponibles?tiendaId=bbbbbbbb-bbbb-4bbb-8bbb-bbbbbbbbbbbb&zona=Zona%20Norte,56,0,0
1788744791347,55,GET Request,200,OK,Grupo GET Request 1-248,text,true,,984,221,3,3,http://localhost:3000/logistics/tenderos/productos-disponibles?tiendaId=bbbbbbbb-bbbb-4bbb-8bbb-bbbbbbbbbbbb&zona=Zona%20Norte,55,0,0
1788744791355,56,GET Request,200,OK,Grupo GET Request 1-247,text,true,,984,221,3,3,http://localhost:3000/logistics/tenderos/productos-disponibles?tiendaId=bbbbbbbb-bbbb-4bbb-8bbb-bbbbbbbbbbbb&zona=Zona%20Norte,56,0,0
1788744791356,87,GET Request,200,OK,Grupo GET Request 1-246,text,true,,984,221,3,3,http://localhost:3000/logistics/tenderos/productos-disponibles?tiendaId=bbbbbbbb-bbbb-4bbb-8bbb-bbbbbbbbbbbb&zona=Zona%20Norte,87,0,0
1788744791403,57,GET Request,200,OK,Grupo GET Request 1-248,text,true,,984,221,3,3,http://localhost:3000/logistics/tenderos/productos-disponibles?tiendaId=bbbbbbbb-bbbb-4bbb-8bbb-bbbbbbbbbbbb&zona=Zona%20Norte,57,0,0
1788744791411,68,GET Request,200,OK,Grupo GET Request 1-247,text,true,,984,221,3,3,http://localhost:3000/logistics/tenderos/productos-disponibles?tiendaId=bbbbbbbb-bbbb-4bbb-8bbb-bbbbbbbbbbbb&zona=Zona%20Norte,68,0,0
1788744791455,65,GET Request,200,OK,Grupo GET Request 1-249,text,true,,984,221,3,3,http://localhost:3000/logistics/tenderos/productos-disponibles?tiendaId=bbbbbbbb-bbbb-4bbb-8bbb-bbbbbbbbbbbb&zona=Zona%20Norte,65,0,0
1788744791460,60,GET Request,200,OK,Grupo GET Request 1-248,text,true,,984,221,3,3,http://localhost:3000/logistics/tenderos/productos-disponibles?tiendaId=bbbbbbbb-bbbb-4bbb-8bbb-bbbbbbbbbbbb&zona=Zona%20Norte,60,0,0
1788744791479,58,GET Request,200,OK,Grupo GET Request 1-247,text,true,,984,221,3,3,http://localhost:3000/logistics/tenderos/productos-disponibles?tiendaId=bbbbbbbb-bbbb-4bbb-8bbb-bbbbbbbbbbbb&zona=Zona%20Norte,58,0,0
1788744791520,56,GET Request,200,OK,Grupo GET Request 1-249,text,true,,984,221,3,3,http://localhost:3000/logistics/tenderos/productos-disponibles?tiendaId=bbbbbbbb-bbbb-4bbb-8bbb-bbbbbbbbbbbb&zona=Zona%20Norte,56,0,0
1788744791520,65,GET Request,200,OK,Grupo GET Request 1-248,text,true,,984,221,3,3,http://localhost:3000/logistics/tenderos/productos-disponibles?tiendaId=bbbbbbbb-bbbb-4bbb-8bbb-bbbbbbbbbbbb&zona=Zona%20Norte,65,0,0
1788744791566,58,GET Request,200,OK,Grupo GET Request 1-250,text,true,,984,221,3,3,http://localhost:3000/logistics/tenderos/productos-disponibles?tiendaId=bbbbbbbb-bbbb-4bbb-8bbb-bbbbbbbbbbbb&zona=Zona%20Norte,58,0,1
1788744791576,58,GET Request,200,OK,Grupo GET Request 1-249,text,true,,984,221,3,3,http://localhost:3000/logistics/tenderos/productos-disponibles?tiendaId=bbbbbbbb-bbbb-4bbb-8bbb-bbbbbbbbbbbb&zona=Zona%20Norte,58,0,0
1788744791585,67,GET Request,200,OK,Grupo GET Request 1-248,text,true,,984,221,3,3,http://localhost:3000/logistics/tenderos/productos-disponibles?tiendaId=bbbbbbbb-bbbb-4bbb-8bbb-bbbbbbbbbbbb&zona=Zona%20Norte,66,0,0
1788744791624,63,GET Request,200,OK,Grupo GET Request 1-250,text,true,,984,221,3,3,http://localhost:3000/logistics/tenderos/productos-disponibles?tiendaId=bbbbbbbb-bbbb-4bbb-8bbb-bbbbbbbbbbbb&zona=Zona%20Norte,63,0,0
1788744791634,54,GET Request,200,OK,Grupo GET Request 1-249,text,true,,984,221,3,3,http://localhost:3000/logistics/tenderos/productos-disponibles?tiendaId=bbbbbbbb-bbbb-4bbb-8bbb-bbbbbbbbbbbb&zona=Zona%20Norte,54,0,0
1788744791676,57,GET Request,200,OK,Grupo GET Request 1-251,text,true,,984,221,3,3,http://localhost:3000/logistics/tenderos/productos-disponibles?tiendaId=bbbbbbbb-bbbb-4bbb-8bbb-bbbbbbbbbbbb&zona=Zona%20Norte,57,0,1
1788744791689,53,GET Request,200,OK,Grupo GET Request 1-249,text,true,,984,221,3,3,http://localhost:3000/logistics/tenderos/productos-disponibles?tiendaId=bbbbbbbb-bbbb-4bbb-8bbb-bbbbbbbbbbbb&zona=Zona%20Norte,53,0,0
1788744791687,56,GET Request,200,OK,Grupo GET Request 1-250,text,true,,984,221,3,3,http://localhost:3000/logistics/tenderos/productos-disponibles?tiendaId=bbbbbbbb-bbbb-4bbb-8bbb-bbbbbbbbbbbb&zona=Zona%20Norte,56,0,0
1788744791733,68,GET Request,200,OK,Grupo GET Request 1-251,text,true,,984,221,3,3,http://localhost:3000/logistics/tenderos/productos-disponibles?tiendaId=bbbbbbbb-bbbb-4bbb-8bbb-bbbbbbbbbbbb&zona=Zona%20Norte,68,0,0
1788744791743,60,GET Request,200,OK,Grupo GET Request 1-250,text,true,,984,221,3,3,http://localhost:3000/logistics/tenderos/productos-disponibles?tiendaId=bbbbbbbb-bbbb-4bbb-8bbb-bbbbbbbbbbbb&zona=Zona%20Norte,60,0,0
1788744791786,58,GET Request,200,OK,Grupo GET Request 1-252,text,true,,984,221,3,3,http://localhost:3000/logistics/tenderos/productos-disponibles?tiendaId=bbbbbbbb-bbbb-4bbb-8bbb-bbbbbbbbbbbb&zona=Zona%20Norte,58,0,0
1788744791801,54,GET Request,200,OK,Grupo GET Request 1-251,text,true,,984,221,3,3,http://localhost:3000/logistics/tenderos/productos-disponibles?tiendaId=bbbbbbbb-bbbb-4bbb-8bbb-bbbbbbbbbbbb&zona=Zona%20Norte,54,0,0
1788744791803,54,GET Request,200,OK,Grupo GET Request 1-250,text,true,,984,221,3,3,http://localhost:3000/logistics/tenderos/productos-disponibles?tiendaId=bbbbbbbb-bbbb-4bbb-8bbb-bbbbbbbbbbbb&zona=Zona%20Norte,54,0,0
1788744791845,54,GET Request,200,OK,Grupo GET Request 1-252,text,true,,984,221,2,2,http://localhost:3000/logistics/tenderos/productos-disponibles?tiendaId=bbbbbbbb-bbbb-4bbb-8bbb-bbbbbbbbbbbb&zona=Zona%20Norte,54,0,0
1788744791855,63,GET Request,200,OK,Grupo GET Request 1-251,text,true,,984,221,3,3,http://localhost:3000/logistics/tenderos/productos-disponibles?tiendaId=bbbbbbbb-bbbb-4bbb-8bbb-bbbbbbbbbbbb&zona=Zona%20Norte,63,0,0
1788744791900,98,GET Request,200,OK,Grupo GET Request 1-253,text,true,,984,221,3,3,http://localhost:3000/logistics/tenderos/productos-disponibles?tiendaId=bbbbbbbb-bbbb-4bbb-8bbb-bbbbbbbbbbbb&zona=Zona%20Norte,98,0,0
1788744791899,100,GET Request,200,OK,Grupo GET Request 1-252,text,true,,984,221,3,3,http://localhost:3000/logistics/tenderos/productos-disponibles?tiendaId=bbbbbbbb-bbbb-4bbb-8bbb-bbbbbbbbbbbb&zona=Zona%20Norte,100,0,0
1788744791918,100,GET Request,200,OK,Grupo GET Request 1-251,text,true,,984,221,4,4,http://localhost:3000/logistics/tenderos/productos-disponibles?tiendaId=bbbbbbbb-bbbb-4bbb-8bbb-bbbbbbbbbbbb&zona=Zona%20Norte,100,0,0
1788744791999,58,GET Request,200,OK,Grupo GET Request 1-252,text,true,,984,221,3,3,http://localhost:3000/logistics/tenderos/productos-disponibles?tiendaId=bbbbbbbb-bbbb-4bbb-8bbb-bbbbbbbbbbbb&zona=Zona%20Norte,58,0,0
1788744791998,63,GET Request,200,OK,Grupo GET Request 1-253,text,true,,984,221,3,3,http://localhost:3000/logistics/tenderos/productos-disponibles?tiendaId=bbbbbbbb-bbbb-4bbb-8bbb-bbbbbbbbbbbb&zona=Zona%20Norte,63,0,0
1788744792007,85,GET Request,200,OK,Grupo GET Request 1-254,text,true,,984,221,3,3,http://localhost:3000/logistics/tenderos/productos-disponibles?tiendaId=bbbbbbbb-bbbb-4bbb-8bbb-bbbbbbbbbbbb&zona=Zona%20Norte,85,0,0
1788744792061,57,GET Request,200,OK,Grupo GET Request 1-253,text,true,,984,221,3,3,http://localhost:3000/logistics/tenderos/productos-disponibles?tiendaId=bbbbbbbb-bbbb-4bbb-8bbb-bbbbbbbbbbbb&zona=Zona%20Norte,57,0,0
1788744792059,59,GET Request,200,OK,Grupo GET Request 1-252,text,true,,984,221,3,3,http://localhost:3000/logistics/tenderos/productos-disponibles?tiendaId=bbbbbbbb-bbbb-4bbb-8bbb-bbbbbbbbbbbb&zona=Zona%20Norte,59,0,0
1788744792092,63,GET Request,200,OK,Grupo GET Request 1-254,text,true,,984,221,3,3,http://localhost:3000/logistics/tenderos/productos-disponibles?tiendaId=bbbbbbbb-bbbb-4bbb-8bbb-bbbbbbbbbbbb&zona=Zona%20Norte,63,0,0
1788744792119,56,GET Request,200,OK,Grupo GET Request 1-255,text,true,,984,221,3,3,http://localhost:3000/logistics/tenderos/productos-disponibles?tiendaId=bbbbbbbb-bbbb-4bbb-8bbb-bbbbbbbbbbbb&zona=Zona%20Norte,56,0,0
1788744792118,60,GET Request,200,OK,Grupo GET Request 1-253,text,true,,984,221,3,3,http://localhost:3000/logistics/tenderos/productos-disponibles?tiendaId=bbbbbbbb-bbbb-4bbb-8bbb-bbbbbbbbbbbb&zona=Zona%20Norte,60,0,0
1788744792156,58,GET Request,200,OK,Grupo GET Request 1-254,text,true,,984,221,3,3,http://localhost:3000/logistics/tenderos/productos-disponibles?tiendaId=bbbbbbbb-bbbb-4bbb-8bbb-bbbbbbbbbbbb&zona=Zona%20Norte,58,0,0
1788744792175,58,GET Request,200,OK,Grupo GET Request 1-255,text,true,,984,221,4,4,http://localhost:3000/logistics/tenderos/productos-disponibles?tiendaId=bbbbbbbb-bbbb-4bbb-8bbb-bbbbbbbbbbbb&zona=Zona%20Norte,58,0,0
1788744792179,56,GET Request,200,OK,Grupo GET Request 1-253,text,true,,984,221,4,4,http://localhost:3000/logistics/tenderos/productos-disponibles?tiendaId=bbbbbbbb-bbbb-4bbb-8bbb-bbbbbbbbbbbb&zona=Zona%20Norte,56,0,0
1788744792214,57,GET Request,200,OK,Grupo GET Request 1-254,text,true,,984,221,3,3,http://localhost:3000/logistics/tenderos/productos-disponibles?tiendaId=bbbbbbbb-bbbb-4bbb-8bbb-bbbbbbbbbbbb&zona=Zona%20Norte,57,0,0
1788744792233,56,GET Request,200,OK,Grupo GET Request 1-255,text,true,,984,221,3,3,http://localhost:3000/logistics/tenderos/productos-disponibles?tiendaId=bbbbbbbb-bbbb-4bbb-8bbb-bbbbbbbbbbbb&zona=Zona%20Norte,56,0,0
1788744792233,60,GET Request,200,OK,Grupo GET Request 1-256,text,true,,984,221,3,3,http://localhost:3000/logistics/tenderos/productos-disponibles?tiendaId=bbbbbbbb-bbbb-4bbb-8bbb-bbbbbbbbbbbb&zona=Zona%20Norte,60,0,1
1788744792290,54,GET Request,200,OK,Grupo GET Request 1-255,text,true,,984,221,4,4,http://localhost:3000/logistics/tenderos/productos-disponibles?tiendaId=bbbbbbbb-bbbb-4bbb-8bbb-bbbbbbbbbbbb&zona=Zona%20Norte,54,0,0
1788744792271,74,GET Request,200,OK,Grupo GET Request 1-254,text,true,,984,221,4,4,http://localhost:3000/logistics/tenderos/productos-disponibles?tiendaId=bbbbbbbb-bbbb-4bbb-8bbb-bbbbbbbbbbbb&zona=Zona%20Norte,74,0,0
1788744792293,53,GET Request,200,OK,Grupo GET Request 1-256,text,true,,984,221,3,3,http://localhost:3000/logistics/tenderos/productos-disponibles?tiendaId=bbbbbbbb-bbbb-4bbb-8bbb-bbbbbbbbbbbb&zona=Zona%20Norte,53,0,0
1788744792347,53,GET Request,200,OK,Grupo GET Request 1-256,text,true,,984,221,3,3,http://localhost:3000/logistics/tenderos/productos-disponibles?tiendaId=bbbbbbbb-bbbb-4bbb-8bbb-bbbbbbbbbbbb&zona=Zona%20Norte,53,0,0
1788744792344,57,GET Request,200,OK,Grupo GET Request 1-255,text,true,,984,221,3,3,http://localhost:3000/logistics/tenderos/productos-disponibles?tiendaId=bbbbbbbb-bbbb-4bbb-8bbb-bbbbbbbbbbbb&zona=Zona%20Norte,57,0,0
1788744792344,60,GET Request,200,OK,Grupo GET Request 1-257,text,true,,984,221,2,2,http://localhost:3000/logistics/tenderos/productos-disponibles?tiendaId=bbbbbbbb-bbbb-4bbb-8bbb-bbbbbbbbbbbb&zona=Zona%20Norte,60,0,1
1788744792400,58,GET Request,200,OK,Grupo GET Request 1-256,text,true,,984,221,3,3,http://localhost:3000/logistics/tenderos/productos-disponibles?tiendaId=bbbbbbbb-bbbb-4bbb-8bbb-bbbbbbbbbbbb&zona=Zona%20Norte,58,0,0
1788744792404,57,GET Request,200,OK,Grupo GET Request 1-257,text,true,,984,221,3,3,http://localhost:3000/logistics/tenderos/productos-disponibles?tiendaId=bbbbbbbb-bbbb-4bbb-8bbb-bbbbbbbbbbbb&zona=Zona%20Norte,57,0,0
1788744792456,55,GET Request,200,OK,Grupo GET Request 1-258,text,true,,984,221,3,3,http://localhost:3000/logistics/tenderos/productos-disponibles?tiendaId=bbbbbbbb-bbbb-4bbb-8bbb-bbbbbbbbbbbb&zona=Zona%20Norte,55,0,0
1788744792458,56,GET Request,200,OK,Grupo GET Request 1-256,text,true,,984,221,3,3,http://localhost:3000/logistics/tenderos/productos-disponibles?tiendaId=bbbbbbbb-bbbb-4bbb-8bbb-bbbbbbbbbbbb&zona=Zona%20Norte,56,0,0
1788744792461,57,GET Request,200,OK,Grupo GET Request 1-257,text,true,,984,221,2,2,http://localhost:3000/logistics/tenderos/productos-disponibles?tiendaId=bbbbbbbb-bbbb-4bbb-8bbb-bbbbbbbbbbbb&zona=Zona%20Norte,57,0,0
1788744792511,58,GET Request,200,OK,Grupo GET Request 1-258,text,true,,984,221,3,3,http://localhost:3000/logistics/tenderos/productos-disponibles?tiendaId=bbbbbbbb-bbbb-4bbb-8bbb-bbbbbbbbbbbb&zona=Zona%20Norte,58,0,0
1788744792518,57,GET Request,200,OK,Grupo GET Request 1-257,text,true,,984,221,3,3,http://localhost:3000/logistics/tenderos/productos-disponibles?tiendaId=bbbbbbbb-bbbb-4bbb-8bbb-bbbbbbbbbbbb&zona=Zona%20Norte,57,0,0
1788744792563,55,GET Request,200,OK,Grupo GET Request 1-259,text,true,,984,221,3,3,http://localhost:3000/logistics/tenderos/productos-disponibles?tiendaId=bbbbbbbb-bbbb-4bbb-8bbb-bbbbbbbbbbbb&zona=Zona%20Norte,55,0,0
1788744792570,54,GET Request,200,OK,Grupo GET Request 1-258,text,true,,984,221,3,3,http://localhost:3000/logistics/tenderos/productos-disponibles?tiendaId=bbbbbbbb-bbbb-4bbb-8bbb-bbbbbbbbbbbb&zona=Zona%20Norte,54,0,0
1788744792576,53,GET Request,200,OK,Grupo GET Request 1-257,text,true,,984,221,3,3,http://localhost:3000/logistics/tenderos/productos-disponibles?tiendaId=bbbbbbbb-bbbb-4bbb-8bbb-bbbbbbbbbbbb&zona=Zona%20Norte,53,0,0
1788744792618,54,GET Request,200,OK,Grupo GET Request 1-259,text,true,,984,221,2,2,http://localhost:3000/logistics/tenderos/productos-disponibles?tiendaId=bbbbbbbb-bbbb-4bbb-8bbb-bbbbbbbbbbbb&zona=Zona%20Norte,54,0,0
1788744792624,54,GET Request,200,OK,Grupo GET Request 1-258,text,true,,984,221,3,3,http://localhost:3000/logistics/tenderos/productos-disponibles?tiendaId=bbbbbbbb-bbbb-4bbb-8bbb-bbbbbbbbbbbb&zona=Zona%20Norte,54,0,0
1788744792673,56,GET Request,200,OK,Grupo GET Request 1-259,text,true,,984,221,3,3,http://localhost:3000/logistics/tenderos/productos-disponibles?tiendaId=bbbbbbbb-bbbb-4bbb-8bbb-bbbbbbbbbbbb&zona=Zona%20Norte,56,0,0
1788744792674,58,GET Request,200,OK,Grupo GET Request 1-260,text,true,,984,221,3,3,http://localhost:3000/logistics/tenderos/productos-disponibles?tiendaId=bbbbbbbb-bbbb-4bbb-8bbb-bbbbbbbbbbbb&zona=Zona%20Norte,58,0,0
1788744792678,55,GET Request,200,OK,Grupo GET Request 1-258,text,true,,984,221,3,3,http://localhost:3000/logistics/tenderos/productos-disponibles?tiendaId=bbbbbbbb-bbbb-4bbb-8bbb-bbbbbbbbbbbb&zona=Zona%20Norte,55,0,0
1788744792729,58,GET Request,200,OK,Grupo GET Request 1-259,text,true,,984,221,2,2,http://localhost:3000/logistics/tenderos/productos-disponibles?tiendaId=bbbbbbbb-bbbb-4bbb-8bbb-bbbbbbbbbbbb&zona=Zona%20Norte,58,0,0
1788744792732,57,GET Request,200,OK,Grupo GET Request 1-260,text,true,,984,221,3,3,http://localhost:3000/logistics/tenderos/productos-disponibles?tiendaId=bbbbbbbb-bbbb-4bbb-8bbb-bbbbbbbbbbbb&zona=Zona%20Norte,57,0,0
1788744792789,58,GET Request,200,OK,Grupo GET Request 1-260,text,true,,984,221,3,3,http://localhost:3000/logistics/tenderos/productos-disponibles?tiendaId=bbbbbbbb-bbbb-4bbb-8bbb-bbbbbbbbbbbb&zona=Zona%20Norte,58,0,0
1788744792787,64,GET Request,200,OK,Grupo GET Request 1-259,text,true,,984,221,3,3,http://localhost:3000/logistics/tenderos/productos-disponibles?tiendaId=bbbbbbbb-bbbb-4bbb-8bbb-bbbbbbbbbbbb&zona=Zona%20Norte,64,0,0
1788744792788,73,GET Request,200,OK,Grupo GET Request 1-261,text,true,,984,221,2,2,http://localhost:3000/logistics/tenderos/productos-disponibles?tiendaId=bbbbbbbb-bbbb-4bbb-8bbb-bbbbbbbbbbbb&zona=Zona%20Norte,73,0,1
1788744792847,56,GET Request,200,OK,Grupo GET Request 1-260,text,true,,984,221,3,3,http://localhost:3000/logistics/tenderos/productos-disponibles?tiendaId=bbbbbbbb-bbbb-4bbb-8bbb-bbbbbbbbbbbb&zona=Zona%20Norte,56,0,0
1788744792861,55,GET Request,200,OK,Grupo GET Request 1-261,text,true,,984,221,3,3,http://localhost:3000/logistics/tenderos/productos-disponibles?tiendaId=bbbbbbbb-bbbb-4bbb-8bbb-bbbbbbbbbbbb&zona=Zona%20Norte,55,0,0
1788744792898,59,GET Request,200,OK,Grupo GET Request 1-262,text,true,,984,221,3,3,http://localhost:3000/logistics/tenderos/productos-disponibles?tiendaId=bbbbbbbb-bbbb-4bbb-8bbb-bbbbbbbbbbbb&zona=Zona%20Norte,59,0,1
1788744792904,58,GET Request,200,OK,Grupo GET Request 1-260,text,true,,984,221,3,3,http://localhost:3000/logistics/tenderos/productos-disponibles?tiendaId=bbbbbbbb-bbbb-4bbb-8bbb-bbbbbbbbbbbb&zona=Zona%20Norte,58,0,0
1788744792916,59,GET Request,200,OK,Grupo GET Request 1-261,text,true,,984,221,2,2,http://localhost:3000/logistics/tenderos/productos-disponibles?tiendaId=bbbbbbbb-bbbb-4bbb-8bbb-bbbbbbbbbbbb&zona=Zona%20Norte,59,0,0
1788744792957,54,GET Request,200,OK,Grupo GET Request 1-262,text,true,,984,221,3,3,http://localhost:3000/logistics/tenderos/productos-disponibles?tiendaId=bbbbbbbb-bbbb-4bbb-8bbb-bbbbbbbbbbbb&zona=Zona%20Norte,54,0,0
1788744792975,56,GET Request,200,OK,Grupo GET Request 1-261,text,true,,984,221,3,3,http://localhost:3000/logistics/tenderos/productos-disponibles?tiendaId=bbbbbbbb-bbbb-4bbb-8bbb-bbbbbbbbbbbb&zona=Zona%20Norte,56,0,0
1788744793011,54,GET Request,200,OK,Grupo GET Request 1-263,text,true,,984,221,3,3,http://localhost:3000/logistics/tenderos/productos-disponibles?tiendaId=bbbbbbbb-bbbb-4bbb-8bbb-bbbbbbbbbbbb&zona=Zona%20Norte,54,0,0
1788744793011,55,GET Request,200,OK,Grupo GET Request 1-262,text,true,,984,221,3,3,http://localhost:3000/logistics/tenderos/productos-disponibles?tiendaId=bbbbbbbb-bbbb-4bbb-8bbb-bbbbbbbbbbbb&zona=Zona%20Norte,55,0,0
1788744793031,54,GET Request,200,OK,Grupo GET Request 1-261,text,true,,984,221,3,3,http://localhost:3000/logistics/tenderos/productos-disponibles?tiendaId=bbbbbbbb-bbbb-4bbb-8bbb-bbbbbbbbbbbb&zona=Zona%20Norte,54,0,0
1788744793066,54,GET Request,200,OK,Grupo GET Request 1-263,text,true,,984,221,3,3,http://localhost:3000/logistics/tenderos/productos-disponibles?tiendaId=bbbbbbbb-bbbb-4bbb-8bbb-bbbbbbbbbbbb&zona=Zona%20Norte,54,0,0
1788744793066,55,GET Request,200,OK,Grupo GET Request 1-262,text,true,,984,221,3,3,http://localhost:3000/logistics/tenderos/productos-disponibles?tiendaId=bbbbbbbb-bbbb-4bbb-8bbb-bbbbbbbbbbbb&zona=Zona%20Norte,55,0,0
1788744793120,54,GET Request,200,OK,Grupo GET Request 1-263,text,true,,984,221,3,3,http://localhost:3000/logistics/tenderos/productos-disponibles?tiendaId=bbbbbbbb-bbbb-4bbb-8bbb-bbbbbbbbbbbb&zona=Zona%20Norte,54,0,0
1788744793121,57,GET Request,200,OK,Grupo GET Request 1-262,text,true,,984,221,3,3,http://localhost:3000/logistics/tenderos/productos-disponibles?tiendaId=bbbbbbbb-bbbb-4bbb-8bbb-bbbbbbbbbbbb&zona=Zona%20Norte,57,0,0
1788744793120,63,GET Request,200,OK,Grupo GET Request 1-264,text,true,,984,221,2,2,http://localhost:3000/logistics/tenderos/productos-disponibles?tiendaId=bbbbbbbb-bbbb-4bbb-8bbb-bbbbbbbbbbbb&zona=Zona%20Norte,63,0,1
1788744793175,57,GET Request,200,OK,Grupo GET Request 1-263,text,true,,984,221,3,3,http://localhost:3000/logistics/tenderos/productos-disponibles?tiendaId=bbbbbbbb-bbbb-4bbb-8bbb-bbbbbbbbbbbb&zona=Zona%20Norte,57,0,0
1788744793183,66,GET Request,200,OK,Grupo GET Request 1-264,text,true,,984,221,3,3,http://localhost:3000/logistics/tenderos/productos-disponibles?tiendaId=bbbbbbbb-bbbb-4bbb-8bbb-bbbbbbbbbbbb&zona=Zona%20Norte,66,0,0
1788744793233,54,GET Request,200,OK,Grupo GET Request 1-263,text,true,,984,221,3,3,http://localhost:3000/logistics/tenderos/productos-disponibles?tiendaId=bbbbbbbb-bbbb-4bbb-8bbb-bbbbbbbbbbbb&zona=Zona%20Norte,54,0,0
1788744793230,66,GET Request,200,OK,Grupo GET Request 1-265,text,true,,984,221,2,2,http://localhost:3000/logistics/tenderos/productos-disponibles?tiendaId=bbbbbbbb-bbbb-4bbb-8bbb-bbbbbbbbbbbb&zona=Zona%20Norte,66,0,1
1788744793249,54,GET Request,200,OK,Grupo GET Request 1-264,text,true,,984,221,2,2,http://localhost:3000/logistics/tenderos/productos-disponibles?tiendaId=bbbbbbbb-bbbb-4bbb-8bbb-bbbbbbbbbbbb&zona=Zona%20Norte,54,0,0
1788744793296,54,GET Request,200,OK,Grupo GET Request 1-265,text,true,,984,221,3,3,http://localhost:3000/logistics/tenderos/productos-disponibles?tiendaId=bbbbbbbb-bbbb-4bbb-8bbb-bbbbbbbbbbbb&zona=Zona%20Norte,54,0,0
1788744793303,62,GET Request,200,OK,Grupo GET Request 1-264,text,true,,984,221,3,3,http://localhost:3000/logistics/tenderos/productos-disponibles?tiendaId=bbbbbbbb-bbbb-4bbb-8bbb-bbbbbbbbbbbb&zona=Zona%20Norte,62,0,0
1788744793350,55,GET Request,200,OK,Grupo GET Request 1-265,text,true,,984,221,3,3,http://localhost:3000/logistics/tenderos/productos-disponibles?tiendaId=bbbbbbbb-bbbb-4bbb-8bbb-bbbbbbbbbbbb&zona=Zona%20Norte,55,0,0
1788744793342,64,GET Request,200,OK,Grupo GET Request 1-266,text,true,,984,221,3,3,http://localhost:3000/logistics/tenderos/productos-disponibles?tiendaId=bbbbbbbb-bbbb-4bbb-8bbb-bbbbbbbbbbbb&zona=Zona%20Norte,64,0,1
1788744793365,53,GET Request,200,OK,Grupo GET Request 1-264,text,true,,984,221,3,3,http://localhost:3000/logistics/tenderos/productos-disponibles?tiendaId=bbbbbbbb-bbbb-4bbb-8bbb-bbbbbbbbbbbb&zona=Zona%20Norte,53,0,0
1788744793406,55,GET Request,200,OK,Grupo GET Request 1-266,text,true,,984,221,3,3,http://localhost:3000/logistics/tenderos/productos-disponibles?tiendaId=bbbbbbbb-bbbb-4bbb-8bbb-bbbbbbbbbbbb&zona=Zona%20Norte,55,0,0
1788744793405,56,GET Request,200,OK,Grupo GET Request 1-265,text,true,,984,221,3,3,http://localhost:3000/logistics/tenderos/productos-disponibles?tiendaId=bbbbbbbb-bbbb-4bbb-8bbb-bbbbbbbbbbbb&zona=Zona%20Norte,56,0,0
1788744793452,57,GET Request,200,OK,Grupo GET Request 1-267,text,true,,984,221,3,3,http://localhost:3000/logistics/tenderos/productos-disponibles?tiendaId=bbbbbbbb-bbbb-4bbb-8bbb-bbbbbbbbbbbb&zona=Zona%20Norte,57,0,1
1788744793461,55,GET Request,200,OK,Grupo GET Request 1-266,text,true,,984,221,3,3,http://localhost:3000/logistics/tenderos/productos-disponibles?tiendaId=bbbbbbbb-bbbb-4bbb-8bbb-bbbbbbbbbbbb&zona=Zona%20Norte,55,0,0
1788744793461,65,GET Request,200,OK,Grupo GET Request 1-265,text,true,,984,221,3,3,http://localhost:3000/logistics/tenderos/productos-disponibles?tiendaId=bbbbbbbb-bbbb-4bbb-8bbb-bbbbbbbbbbbb&zona=Zona%20Norte,65,0,0
1788744793509,57,GET Request,200,OK,Grupo GET Request 1-267,text,true,,984,221,3,3,http://localhost:3000/logistics/tenderos/productos-disponibles?tiendaId=bbbbbbbb-bbbb-4bbb-8bbb-bbbbbbbbbbbb&zona=Zona%20Norte,57,0,0
1788744793517,65,GET Request,200,OK,Grupo GET Request 1-266,text,true,,984,221,3,3,http://localhost:3000/logistics/tenderos/productos-disponibles?tiendaId=bbbbbbbb-bbbb-4bbb-8bbb-bbbbbbbbbbbb&zona=Zona%20Norte,65,0,0
1788744793565,55,GET Request,200,OK,Grupo GET Request 1-268,text,true,,984,221,3,3,http://localhost:3000/logistics/tenderos/productos-disponibles?tiendaId=bbbbbbbb-bbbb-4bbb-8bbb-bbbbbbbbbbbb&zona=Zona%20Norte,55,0,1
1788744793582,53,GET Request,200,OK,Grupo GET Request 1-266,text,true,,984,221,3,3,http://localhost:3000/logistics/tenderos/productos-disponibles?tiendaId=bbbbbbbb-bbbb-4bbb-8bbb-bbbbbbbbbbbb&zona=Zona%20Norte,53,0,0
1788744793566,71,GET Request,200,OK,Grupo GET Request 1-267,text,true,,984,221,2,2,http://localhost:3000/logistics/tenderos/productos-disponibles?tiendaId=bbbbbbbb-bbbb-4bbb-8bbb-bbbbbbbbbbbb&zona=Zona%20Norte,71,0,0
1788744793620,55,GET Request,200,OK,Grupo GET Request 1-268,text,true,,984,221,2,2,http://localhost:3000/logistics/tenderos/productos-disponibles?tiendaId=bbbbbbbb-bbbb-4bbb-8bbb-bbbbbbbbbbbb&zona=Zona%20Norte,55,0,0
1788744793637,54,GET Request,200,OK,Grupo GET Request 1-267,text,true,,984,221,3,3,http://localhost:3000/logistics/tenderos/productos-disponibles?tiendaId=bbbbbbbb-bbbb-4bbb-8bbb-bbbbbbbbbbbb&zona=Zona%20Norte,54,0,0
1788744793675,55,GET Request,200,OK,Grupo GET Request 1-268,text,true,,984,221,3,3,http://localhost:3000/logistics/tenderos/productos-disponibles?tiendaId=bbbbbbbb-bbbb-4bbb-8bbb-bbbbbbbbbbbb&zona=Zona%20Norte,55,0,0
1788744793677,54,GET Request,200,OK,Grupo GET Request 1-269,text,true,,984,221,3,3,http://localhost:3000/logistics/tenderos/productos-disponibles?tiendaId=bbbbbbbb-bbbb-4bbb-8bbb-bbbbbbbbbbbb&zona=Zona%20Norte,54,0,0
1788744793692,54,GET Request,200,OK,Grupo GET Request 1-267,text,true,,984,221,3,3,http://localhost:3000/logistics/tenderos/productos-disponibles?tiendaId=bbbbbbbb-bbbb-4bbb-8bbb-bbbbbbbbbbbb&zona=Zona%20Norte,54,0,0
1788744793730,54,GET Request,200,OK,Grupo GET Request 1-268,text,true,,984,221,2,2,http://localhost:3000/logistics/tenderos/productos-disponibles?tiendaId=bbbbbbbb-bbbb-4bbb-8bbb-bbbbbbbbbbbb&zona=Zona%20Norte,54,0,0
1788744793731,54,GET Request,200,OK,Grupo GET Request 1-269,text,true,,984,221,3,3,http://localhost:3000/logistics/tenderos/productos-disponibles?tiendaId=bbbbbbbb-bbbb-4bbb-8bbb-bbbbbbbbbbbb&zona=Zona%20Norte,54,0,0
1788744793785,54,GET Request,200,OK,Grupo GET Request 1-268,text,true,,984,221,3,3,http://localhost:3000/logistics/tenderos/productos-disponibles?tiendaId=bbbbbbbb-bbbb-4bbb-8bbb-bbbbbbbbbbbb&zona=Zona%20Norte,54,0,0
1788744793785,55,GET Request,200,OK,Grupo GET Request 1-269,text,true,,984,221,3,3,http://localhost:3000/logistics/tenderos/productos-disponibles?tiendaId=bbbbbbbb-bbbb-4bbb-8bbb-bbbbbbbbbbbb&zona=Zona%20Norte,55,0,0
1788744793785,68,GET Request,200,OK,Grupo GET Request 1-270,text,true,,984,221,2,2,http://localhost:3000/logistics/tenderos/productos-disponibles?tiendaId=bbbbbbbb-bbbb-4bbb-8bbb-bbbbbbbbbbbb&zona=Zona%20Norte,68,0,0
1788744793840,68,GET Request,200,OK,Grupo GET Request 1-269,text,true,,984,221,3,3,http://localhost:3000/logistics/tenderos/productos-disponibles?tiendaId=bbbbbbbb-bbbb-4bbb-8bbb-bbbbbbbbbbbb&zona=Zona%20Norte,68,0,0
1788744793854,62,GET Request,200,OK,Grupo GET Request 1-270,text,true,,984,221,3,3,http://localhost:3000/logistics/tenderos/productos-disponibles?tiendaId=bbbbbbbb-bbbb-4bbb-8bbb-bbbbbbbbbbbb&zona=Zona%20Norte,62,0,0
1788744793896,58,GET Request,200,OK,Grupo GET Request 1-271,text,true,,984,221,3,3,http://localhost:3000/logistics/tenderos/productos-disponibles?tiendaId=bbbbbbbb-bbbb-4bbb-8bbb-bbbbbbbbbbbb&zona=Zona%20Norte,58,0,1
1788744793908,60,GET Request,200,OK,Grupo GET Request 1-269,text,true,,984,221,3,3,http://localhost:3000/logistics/tenderos/productos-disponibles?tiendaId=bbbbbbbb-bbbb-4bbb-8bbb-bbbbbbbbbbbb&zona=Zona%20Norte,60,0,0
1788744793916,70,GET Request,200,OK,Grupo GET Request 1-270,text,true,,984,221,2,2,http://localhost:3000/logistics/tenderos/productos-disponibles?tiendaId=bbbbbbbb-bbbb-4bbb-8bbb-bbbbbbbbbbbb&zona=Zona%20Norte,70,0,0
1788744793954,55,GET Request,200,OK,Grupo GET Request 1-271,text,true,,984,221,3,3,http://localhost:3000/logistics/tenderos/productos-disponibles?tiendaId=bbbbbbbb-bbbb-4bbb-8bbb-bbbbbbbbbbbb&zona=Zona%20Norte,55,0,0
1788744793987,55,GET Request,200,OK,Grupo GET Request 1-270,text,true,,984,221,3,3,http://localhost:3000/logistics/tenderos/productos-disponibles?tiendaId=bbbbbbbb-bbbb-4bbb-8bbb-bbbbbbbbbbbb&zona=Zona%20Norte,55,0,0
1788744794006,57,GET Request,200,OK,Grupo GET Request 1-272,text,true,,984,221,3,3,http://localhost:3000/logistics/tenderos/productos-disponibles?tiendaId=bbbbbbbb-bbbb-4bbb-8bbb-bbbbbbbbbbbb&zona=Zona%20Norte,57,0,1
1788744794009,56,GET Request,200,OK,Grupo GET Request 1-271,text,true,,984,221,3,3,http://localhost:3000/logistics/tenderos/productos-disponibles?tiendaId=bbbbbbbb-bbbb-4bbb-8bbb-bbbbbbbbbbbb&zona=Zona%20Norte,56,0,0
1788744794042,60,GET Request,200,OK,Grupo GET Request 1-270,text,true,,984,221,3,3,http://localhost:3000/logistics/tenderos/productos-disponibles?tiendaId=bbbbbbbb-bbbb-4bbb-8bbb-bbbbbbbbbbbb&zona=Zona%20Norte,60,0,0
1788744794065,62,GET Request,200,OK,Grupo GET Request 1-271,text,true,,984,221,3,3,http://localhost:3000/logistics/tenderos/productos-disponibles?tiendaId=bbbbbbbb-bbbb-4bbb-8bbb-bbbbbbbbbbbb&zona=Zona%20Norte,62,0,0
1788744794064,67,GET Request,200,OK,Grupo GET Request 1-272,text,true,,984,221,3,3,http://localhost:3000/logistics/tenderos/productos-disponibles?tiendaId=bbbbbbbb-bbbb-4bbb-8bbb-bbbbbbbbbbbb&zona=Zona%20Norte,67,0,0
1788744794119,61,GET Request,200,OK,Grupo GET Request 1-273,text,true,,984,221,3,3,http://localhost:3000/logistics/tenderos/productos-disponibles?tiendaId=bbbbbbbb-bbbb-4bbb-8bbb-bbbbbbbbbbbb&zona=Zona%20Norte,61,0,1
1788744794127,60,GET Request,200,OK,Grupo GET Request 1-271,text,true,,984,221,3,3,http://localhost:3000/logistics/tenderos/productos-disponibles?tiendaId=bbbbbbbb-bbbb-4bbb-8bbb-bbbbbbbbbbbb&zona=Zona%20Norte,60,0,0
1788744794131,64,GET Request,200,OK,Grupo GET Request 1-272,text,true,,984,221,2,2,http://localhost:3000/logistics/tenderos/productos-disponibles?tiendaId=bbbbbbbb-bbbb-4bbb-8bbb-bbbbbbbbbbbb&zona=Zona%20Norte,64,0,0
1788744794180,57,GET Request,200,OK,Grupo GET Request 1-273,text,true,,984,221,3,3,http://localhost:3000/logistics/tenderos/productos-disponibles?tiendaId=bbbbbbbb-bbbb-4bbb-8bbb-bbbbbbbbbbbb&zona=Zona%20Norte,57,0,0
1788744794195,58,GET Request,200,OK,Grupo GET Request 1-272,text,true,,984,221,3,3,http://localhost:3000/logistics/tenderos/productos-disponibles?tiendaId=bbbbbbbb-bbbb-4bbb-8bbb-bbbbbbbbbbbb&zona=Zona%20Norte,58,0,0
1788744794232,57,GET Request,200,OK,Grupo GET Request 1-274,text,true,,984,221,3,3,http://localhost:3000/logistics/tenderos/productos-disponibles?tiendaId=bbbbbbbb-bbbb-4bbb-8bbb-bbbbbbbbbbbb&zona=Zona%20Norte,57,0,1
1788744794238,56,GET Request,200,OK,Grupo GET Request 1-273,text,true,,984,221,3,3,http://localhost:3000/logistics/tenderos/productos-disponibles?tiendaId=bbbbbbbb-bbbb-4bbb-8bbb-bbbbbbbbbbbb&zona=Zona%20Norte,56,0,0
1788744794253,56,GET Request,200,OK,Grupo GET Request 1-272,text,true,,984,221,3,3,http://localhost:3000/logistics/tenderos/productos-disponibles?tiendaId=bbbbbbbb-bbbb-4bbb-8bbb-bbbbbbbbbbbb&zona=Zona%20Norte,55,0,0
1788744794289,59,GET Request,200,OK,Grupo GET Request 1-274,text,true,,984,221,3,3,http://localhost:3000/logistics/tenderos/productos-disponibles?tiendaId=bbbbbbbb-bbbb-4bbb-8bbb-bbbbbbbbbbbb&zona=Zona%20Norte,59,0,0
1788744794294,56,GET Request,200,OK,Grupo GET Request 1-273,text,true,,984,221,3,3,http://localhost:3000/logistics/tenderos/productos-disponibles?tiendaId=bbbbbbbb-bbbb-4bbb-8bbb-bbbbbbbbbbbb&zona=Zona%20Norte,56,0,0
1788744794342,58,GET Request,200,OK,Grupo GET Request 1-275,text,true,,984,221,3,3,http://localhost:3000/logistics/tenderos/productos-disponibles?tiendaId=bbbbbbbb-bbbb-4bbb-8bbb-bbbbbbbbbbbb&zona=Zona%20Norte,58,0,1
1788744794351,58,GET Request,200,OK,Grupo GET Request 1-273,text,true,,984,221,3,3,http://localhost:3000/logistics/tenderos/productos-disponibles?tiendaId=bbbbbbbb-bbbb-4bbb-8bbb-bbbbbbbbbbbb&zona=Zona%20Norte,58,0,0
1788744794348,61,GET Request,200,OK,Grupo GET Request 1-274,text,true,,984,221,2,2,http://localhost:3000/logistics/tenderos/productos-disponibles?tiendaId=bbbbbbbb-bbbb-4bbb-8bbb-bbbbbbbbbbbb&zona=Zona%20Norte,61,0,0
1788744794400,69,GET Request,200,OK,Grupo GET Request 1-275,text,true,,984,221,3,3,http://localhost:3000/logistics/tenderos/productos-disponibles?tiendaId=bbbbbbbb-bbbb-4bbb-8bbb-bbbbbbbbbbbb&zona=Zona%20Norte,69,0,0
1788744794409,62,GET Request,200,OK,Grupo GET Request 1-274,text,true,,984,221,3,3,http://localhost:3000/logistics/tenderos/productos-disponibles?tiendaId=bbbbbbbb-bbbb-4bbb-8bbb-bbbbbbbbbbbb&zona=Zona%20Norte,62,0,0
1788744794453,61,GET Request,200,OK,Grupo GET Request 1-276,text,true,,984,221,3,3,http://localhost:3000/logistics/tenderos/productos-disponibles?tiendaId=bbbbbbbb-bbbb-4bbb-8bbb-bbbbbbbbbbbb&zona=Zona%20Norte,61,0,1
1788744794469,58,GET Request,200,OK,Grupo GET Request 1-275,text,true,,984,221,3,3,http://localhost:3000/logistics/tenderos/productos-disponibles?tiendaId=bbbbbbbb-bbbb-4bbb-8bbb-bbbbbbbbbbbb&zona=Zona%20Norte,58,0,0
1788744794471,57,GET Request,200,OK,Grupo GET Request 1-274,text,true,,984,221,3,3,http://localhost:3000/logistics/tenderos/productos-disponibles?tiendaId=bbbbbbbb-bbbb-4bbb-8bbb-bbbbbbbbbbbb&zona=Zona%20Norte,57,0,0
1788744794514,62,GET Request,200,OK,Grupo GET Request 1-276,text,true,,984,221,3,3,http://localhost:3000/logistics/tenderos/productos-disponibles?tiendaId=bbbbbbbb-bbbb-4bbb-8bbb-bbbbbbbbbbbb&zona=Zona%20Norte,61,0,0
1788744794527,63,GET Request,200,OK,Grupo GET Request 1-275,text,true,,984,221,3,3,http://localhost:3000/logistics/tenderos/productos-disponibles?tiendaId=bbbbbbbb-bbbb-4bbb-8bbb-bbbbbbbbbbbb&zona=Zona%20Norte,63,0,0
1788744794564,60,GET Request,200,OK,Grupo GET Request 1-277,text,true,,984,221,3,3,http://localhost:3000/logistics/tenderos/productos-disponibles?tiendaId=bbbbbbbb-bbbb-4bbb-8bbb-bbbbbbbbbbbb&zona=Zona%20Norte,60,0,1
1788744794576,60,GET Request,200,OK,Grupo GET Request 1-276,text,true,,984,221,3,3,http://localhost:3000/logistics/tenderos/productos-disponibles?tiendaId=bbbbbbbb-bbbb-4bbb-8bbb-bbbbbbbbbbbb&zona=Zona%20Norte,60,0,0
1788744794590,61,GET Request,200,OK,Grupo GET Request 1-275,text,true,,984,221,3,3,http://localhost:3000/logistics/tenderos/productos-disponibles?tiendaId=bbbbbbbb-bbbb-4bbb-8bbb-bbbbbbbbbbbb&zona=Zona%20Norte,61,0,0
1788744794625,62,GET Request,200,OK,Grupo GET Request 1-277,text,true,,984,221,3,3,http://localhost:3000/logistics/tenderos/productos-disponibles?tiendaId=bbbbbbbb-bbbb-4bbb-8bbb-bbbbbbbbbbbb&zona=Zona%20Norte,62,0,0
1788744794636,58,GET Request,200,OK,Grupo GET Request 1-276,text,true,,984,221,3,3,http://localhost:3000/logistics/tenderos/productos-disponibles?tiendaId=bbbbbbbb-bbbb-4bbb-8bbb-bbbbbbbbbbbb&zona=Zona%20Norte,58,0,0
1788744794672,59,GET Request,200,OK,Grupo GET Request 1-278,text,true,,984,221,3,3,http://localhost:3000/logistics/tenderos/productos-disponibles?tiendaId=bbbbbbbb-bbbb-4bbb-8bbb-bbbbbbbbbbbb&zona=Zona%20Norte,59,0,0
1788744794687,57,GET Request,200,OK,Grupo GET Request 1-277,text,true,,984,221,3,3,http://localhost:3000/logistics/tenderos/productos-disponibles?tiendaId=bbbbbbbb-bbbb-4bbb-8bbb-bbbbbbbbbbbb&zona=Zona%20Norte,57,0,0
1788744794695,56,GET Request,200,OK,Grupo GET Request 1-276,text,true,,984,221,3,3,http://localhost:3000/logistics/tenderos/productos-disponibles?tiendaId=bbbbbbbb-bbbb-4bbb-8bbb-bbbbbbbbbbbb&zona=Zona%20Norte,55,0,0
1788744794732,56,GET Request,200,OK,Grupo GET Request 1-278,text,true,,984,221,3,3,http://localhost:3000/logistics/tenderos/productos-disponibles?tiendaId=bbbbbbbb-bbbb-4bbb-8bbb-bbbbbbbbbbbb&zona=Zona%20Norte,56,0,0
1788744794745,57,GET Request,200,OK,Grupo GET Request 1-277,text,true,,984,221,3,3,http://localhost:3000/logistics/tenderos/productos-disponibles?tiendaId=bbbbbbbb-bbbb-4bbb-8bbb-bbbbbbbbbbbb&zona=Zona%20Norte,57,0,0
1788744794783,58,GET Request,200,OK,Grupo GET Request 1-279,text,true,,984,221,3,3,http://localhost:3000/logistics/tenderos/productos-disponibles?tiendaId=bbbbbbbb-bbbb-4bbb-8bbb-bbbbbbbbbbbb&zona=Zona%20Norte,57,0,1
1788744794789,56,GET Request,200,OK,Grupo GET Request 1-278,text,true,,984,221,3,3,http://localhost:3000/logistics/tenderos/productos-disponibles?tiendaId=bbbbbbbb-bbbb-4bbb-8bbb-bbbbbbbbbbbb&zona=Zona%20Norte,56,0,0
1788744794802,58,GET Request,200,OK,Grupo GET Request 1-277,text,true,,984,221,3,3,http://localhost:3000/logistics/tenderos/productos-disponibles?tiendaId=bbbbbbbb-bbbb-4bbb-8bbb-bbbbbbbbbbbb&zona=Zona%20Norte,58,0,0
1788744794841,60,GET Request,200,OK,Grupo GET Request 1-279,text,true,,984,221,3,3,http://localhost:3000/logistics/tenderos/productos-disponibles?tiendaId=bbbbbbbb-bbbb-4bbb-8bbb-bbbbbbbbbbbb&zona=Zona%20Norte,60,0,0
1788744794845,60,GET Request,200,OK,Grupo GET Request 1-278,text,true,,984,221,3,3,http://localhost:3000/logistics/tenderos/productos-disponibles?tiendaId=bbbbbbbb-bbbb-4bbb-8bbb-bbbbbbbbbbbb&zona=Zona%20Norte,60,0,0
1788744794893,58,GET Request,200,OK,Grupo GET Request 1-280,text,true,,984,221,3,3,http://localhost:3000/logistics/tenderos/productos-disponibles?tiendaId=bbbbbbbb-bbbb-4bbb-8bbb-bbbbbbbbbbbb&zona=Zona%20Norte,58,0,1
1788744794901,59,GET Request,200,OK,Grupo GET Request 1-279,text,true,,984,221,3,3,http://localhost:3000/logistics/tenderos/productos-disponibles?tiendaId=bbbbbbbb-bbbb-4bbb-8bbb-bbbbbbbbbbbb&zona=Zona%20Norte,59,0,0
1788744794905,58,GET Request,200,OK,Grupo GET Request 1-278,text,true,,984,221,3,3,http://localhost:3000/logistics/tenderos/productos-disponibles?tiendaId=bbbbbbbb-bbbb-4bbb-8bbb-bbbbbbbbbbbb&zona=Zona%20Norte,58,0,0
1788744794960,56,GET Request,200,OK,Grupo GET Request 1-279,text,true,,984,221,3,3,http://localhost:3000/logistics/tenderos/productos-disponibles?tiendaId=bbbbbbbb-bbbb-4bbb-8bbb-bbbbbbbbbbbb&zona=Zona%20Norte,56,0,0
1788744794951,68,GET Request,200,OK,Grupo GET Request 1-280,text,true,,984,221,3,3,http://localhost:3000/logistics/tenderos/productos-disponibles?tiendaId=bbbbbbbb-bbbb-4bbb-8bbb-bbbbbbbbbbbb&zona=Zona%20Norte,68,0,0
1788744795016,56,GET Request,200,OK,Grupo GET Request 1-279,text,true,,984,221,3,3,http://localhost:3000/logistics/tenderos/productos-disponibles?tiendaId=bbbbbbbb-bbbb-4bbb-8bbb-bbbbbbbbbbbb&zona=Zona%20Norte,55,0,0
1788744795019,53,GET Request,200,OK,Grupo GET Request 1-280,text,true,,984,221,2,2,http://localhost:3000/logistics/tenderos/productos-disponibles?tiendaId=bbbbbbbb-bbbb-4bbb-8bbb-bbbbbbbbbbbb&zona=Zona%20Norte,53,0,0
1788744795006,73,GET Request,200,OK,Grupo GET Request 1-281,text,true,,984,221,2,2,http://localhost:3000/logistics/tenderos/productos-disponibles?tiendaId=bbbbbbbb-bbbb-4bbb-8bbb-bbbbbbbbbbbb&zona=Zona%20Norte,73,0,1
1788744795072,59,GET Request,200,OK,Grupo GET Request 1-280,text,true,,984,221,3,3,http://localhost:3000/logistics/tenderos/productos-disponibles?tiendaId=bbbbbbbb-bbbb-4bbb-8bbb-bbbbbbbbbbbb&zona=Zona%20Norte,59,0,0
1788744795079,60,GET Request,200,OK,Grupo GET Request 1-281,text,true,,984,221,3,3,http://localhost:3000/logistics/tenderos/productos-disponibles?tiendaId=bbbbbbbb-bbbb-4bbb-8bbb-bbbbbbbbbbbb&zona=Zona%20Norte,60,0,0
1788744795117,159,GET Request,200,OK,Grupo GET Request 1-282,text,true,,984,221,4,4,http://localhost:3000/logistics/tenderos/productos-disponibles?tiendaId=bbbbbbbb-bbbb-4bbb-8bbb-bbbbbbbbbbbb&zona=Zona%20Norte,159,0,0
1788744795131,150,GET Request,200,OK,Grupo GET Request 1-280,text,true,,984,221,4,4,http://localhost:3000/logistics/tenderos/productos-disponibles?tiendaId=bbbbbbbb-bbbb-4bbb-8bbb-bbbbbbbbbbbb&zona=Zona%20Norte,149,0,0
1788744795139,156,GET Request,200,OK,Grupo GET Request 1-281,text,true,,984,221,3,3,http://localhost:3000/logistics/tenderos/productos-disponibles?tiendaId=bbbbbbbb-bbbb-4bbb-8bbb-bbbbbbbbbbbb&zona=Zona%20Norte,156,0,0
1788744795254,155,GET Request,200,OK,Grupo GET Request 1-283,text,true,,984,221,4,4,http://localhost:3000/logistics/tenderos/productos-disponibles?tiendaId=bbbbbbbb-bbbb-4bbb-8bbb-bbbbbbbbbbbb&zona=Zona%20Norte,154,0,1
1788744795277,357,GET Request,200,OK,Grupo GET Request 1-282,text,true,,984,221,6,6,http://localhost:3000/logistics/tenderos/productos-disponibles?tiendaId=bbbbbbbb-bbbb-4bbb-8bbb-bbbbbbbbbbbb&zona=Zona%20Norte,357,0,0
1788744795295,401,GET Request,200,OK,Grupo GET Request 1-281,text,true,,984,221,7,7,http://localhost:3000/logistics/tenderos/productos-disponibles?tiendaId=bbbbbbbb-bbbb-4bbb-8bbb-bbbbbbbbbbbb&zona=Zona%20Norte,401,0,0
1788744795362,334,GET Request,200,OK,Grupo GET Request 1-284,text,true,,984,221,7,7,http://localhost:3000/logistics/tenderos/productos-disponibles?tiendaId=bbbbbbbb-bbbb-4bbb-8bbb-bbbbbbbbbbbb&zona=Zona%20Norte,334,0,1
1788744795409,497,GET Request,200,OK,Grupo GET Request 1-283,text,true,,984,221,9,9,http://localhost:3000/logistics/tenderos/productos-disponibles?tiendaId=bbbbbbbb-bbbb-4bbb-8bbb-bbbbbbbbbbbb&zona=Zona%20Norte,497,0,0
1788744795634,480,GET Request,200,OK,Grupo GET Request 1-282,text,true,,984,221,10,10,http://localhost:3000/logistics/tenderos/productos-disponibles?tiendaId=bbbbbbbb-bbbb-4bbb-8bbb-bbbbbbbbbbbb&zona=Zona%20Norte,480,0,0
1788744795463,671,GET Request,200,OK,Grupo GET Request 1-285,text,true,,984,221,11,11,http://localhost:3000/logistics/tenderos/productos-disponibles?tiendaId=bbbbbbbb-bbbb-4bbb-8bbb-bbbbbbbbbbbb&zona=Zona%20Norte,671,0,24
1788744795697,437,GET Request,200,OK,Grupo GET Request 1-284,text,true,,984,221,11,11,http://localhost:3000/logistics/tenderos/productos-disponibles?tiendaId=bbbbbbbb-bbbb-4bbb-8bbb-bbbbbbbbbbbb&zona=Zona%20Norte,437,0,0
1788744795696,439,GET Request,200,OK,Grupo GET Request 1-281,text,true,,984,221,11,11,http://localhost:3000/logistics/tenderos/productos-disponibles?tiendaId=bbbbbbbb-bbbb-4bbb-8bbb-bbbbbbbbbbbb&zona=Zona%20Norte,439,0,0
1788744795674,542,GET Request,200,OK,Grupo GET Request 1-287,text,true,,984,221,10,10,http://localhost:3000/logistics/tenderos/productos-disponibles?tiendaId=bbbbbbbb-bbbb-4bbb-8bbb-bbbbbbbbbbbb&zona=Zona%20Norte,542,0,1
1788744795904,312,GET Request,200,OK,Grupo GET Request 1-289,text,true,,984,221,10,10,http://localhost:3000/logistics/tenderos/productos-disponibles?tiendaId=bbbbbbbb-bbbb-4bbb-8bbb-bbbbbbbbbbbb&zona=Zona%20Norte,312,0,0
1788744795573,646,GET Request,200,OK,Grupo GET Request 1-286,text,true,,984,221,10,10,http://localhost:3000/logistics/tenderos/productos-disponibles?tiendaId=bbbbbbbb-bbbb-4bbb-8bbb-bbbbbbbbbbbb&zona=Zona%20Norte,646,0,17
1788744795795,595,GET Request,200,OK,Grupo GET Request 1-288,text,true,,984,221,12,12,http://localhost:3000/logistics/tenderos/productos-disponibles?tiendaId=bbbbbbbb-bbbb-4bbb-8bbb-bbbbbbbbbbbb&zona=Zona%20Norte,595,0,0
1788744795906,509,GET Request,200,OK,Grupo GET Request 1-283,text,true,,984,221,12,12,http://localhost:3000/logistics/tenderos/productos-disponibles?tiendaId=bbbbbbbb-bbbb-4bbb-8bbb-bbbbbbbbbbbb&zona=Zona%20Norte,509,0,0
1788744796216,207,GET Request,200,OK,Grupo GET Request 1-287,text,true,,984,221,12,12,http://localhost:3000/logistics/tenderos/productos-disponibles?tiendaId=bbbbbbbb-bbbb-4bbb-8bbb-bbbbbbbbbbbb&zona=Zona%20Norte,207,0,0
1788744796135,289,GET Request,200,OK,Grupo GET Request 1-284,text,true,,984,221,12,12,http://localhost:3000/logistics/tenderos/productos-disponibles?tiendaId=bbbbbbbb-bbbb-4bbb-8bbb-bbbbbbbbbbbb&zona=Zona%20Norte,289,0,0
1788744796216,231,GET Request,200,OK,Grupo GET Request 1-289,text,true,,984,221,12,12,http://localhost:3000/logistics/tenderos/productos-disponibles?tiendaId=bbbbbbbb-bbbb-4bbb-8bbb-bbbbbbbbbbbb&zona=Zona%20Norte,231,0,0
1788744796115,341,GET Request,200,OK,Grupo GET Request 1-282,text,true,,984,221,13,13,http://localhost:3000/logistics/tenderos/productos-disponibles?tiendaId=bbbbbbbb-bbbb-4bbb-8bbb-bbbbbbbbbbbb&zona=Zona%20Norte,341,0,0
1788744796134,338,GET Request,200,OK,Grupo GET Request 1-285,text,true,,984,221,13,13,http://localhost:3000/logistics/tenderos/productos-disponibles?tiendaId=bbbbbbbb-bbbb-4bbb-8bbb-bbbbbbbbbbbb&zona=Zona%20Norte,338,0,0
1788744796010,499,GET Request,200,OK,Grupo GET Request 1-290,text,true,,984,221,13,13,http://localhost:3000/logistics/tenderos/productos-disponibles?tiendaId=bbbbbbbb-bbbb-4bbb-8bbb-bbbbbbbbbbbb&zona=Zona%20Norte,499,0,1
1788744796219,296,GET Request,200,OK,Grupo GET Request 1-286,text,true,,984,221,13,13,http://localhost:3000/logistics/tenderos/productos-disponibles?tiendaId=bbbbbbbb-bbbb-4bbb-8bbb-bbbbbbbbbbbb&zona=Zona%20Norte,296,0,0
1788744796116,420,GET Request,200,OK,Grupo GET Request 1-291,text,true,,984,221,13,13,http://localhost:3000/logistics/tenderos/productos-disponibles?tiendaId=bbbbbbbb-bbbb-4bbb-8bbb-bbbbbbbbbbbb&zona=Zona%20Norte,420,0,1
1788744796226,314,GET Request,200,OK,Grupo GET Request 1-292,text,true,,984,221,13,13,http://localhost:3000/logistics/tenderos/productos-disponibles?tiendaId=bbbbbbbb-bbbb-4bbb-8bbb-bbbbbbbbbbbb&zona=Zona%20Norte,314,0,1
1788744796416,129,GET Request,200,OK,Grupo GET Request 1-283,text,true,,984,221,13,13,http://localhost:3000/logistics/tenderos/productos-disponibles?tiendaId=bbbbbbbb-bbbb-4bbb-8bbb-bbbbbbbbbbbb&zona=Zona%20Norte,129,0,0
1788744796390,166,GET Request,200,OK,Grupo GET Request 1-288,text,true,,984,221,13,13,http://localhost:3000/logistics/tenderos/productos-disponibles?tiendaId=bbbbbbbb-bbbb-4bbb-8bbb-bbbbbbbbbbbb&zona=Zona%20Norte,166,0,0
1788744796448,127,GET Request,200,OK,Grupo GET Request 1-289,text,true,,984,221,14,14,http://localhost:3000/logistics/tenderos/productos-disponibles?tiendaId=bbbbbbbb-bbbb-4bbb-8bbb-bbbbbbbbbbbb&zona=Zona%20Norte,126,0,0
1788744796423,164,GET Request,200,OK,Grupo GET Request 1-287,text,true,,984,221,14,14,http://localhost:3000/logistics/tenderos/productos-disponibles?tiendaId=bbbbbbbb-bbbb-4bbb-8bbb-bbbbbbbbbbbb&zona=Zona%20Norte,164,0,0
1788744796336,294,GET Request,200,OK,Grupo GET Request 1-293,text,true,,984,221,14,14,http://localhost:3000/logistics/tenderos/productos-disponibles?tiendaId=bbbbbbbb-bbbb-4bbb-8bbb-bbbbbbbbbbbb&zona=Zona%20Norte,294,0,1
1788744796515,122,GET Request,200,OK,Grupo GET Request 1-286,text,true,,984,221,14,14,http://localhost:3000/logistics/tenderos/productos-disponibles?tiendaId=bbbbbbbb-bbbb-4bbb-8bbb-bbbbbbbbbbbb&zona=Zona%20Norte,122,0,0
1788744796472,166,GET Request,200,OK,Grupo GET Request 1-285,text,true,,984,221,14,14,http://localhost:3000/logistics/tenderos/productos-disponibles?tiendaId=bbbbbbbb-bbbb-4bbb-8bbb-bbbbbbbbbbbb&zona=Zona%20Norte,166,0,0
1788744796456,187,GET Request,200,OK,Grupo GET Request 1-282,text,true,,984,221,14,14,http://localhost:3000/logistics/tenderos/productos-disponibles?tiendaId=bbbbbbbb-bbbb-4bbb-8bbb-bbbbbbbbbbbb&zona=Zona%20Norte,187,0,0
1788744796536,107,GET Request,200,OK,Grupo GET Request 1-291,text,true,,984,221,13,13,http://localhost:3000/logistics/tenderos/productos-disponibles?tiendaId=bbbbbbbb-bbbb-4bbb-8bbb-bbbbbbbbbbbb&zona=Zona%20Norte,107,0,0
1788744796452,192,GET Request,200,OK,Grupo GET Request 1-294,text,true,,984,221,13,13,http://localhost:3000/logistics/tenderos/productos-disponibles?tiendaId=bbbbbbbb-bbbb-4bbb-8bbb-bbbbbbbbbbbb&zona=Zona%20Norte,192,0,1
1788744796424,254,GET Request,200,OK,Grupo GET Request 1-284,text,true,,984,221,14,14,http://localhost:3000/logistics/tenderos/productos-disponibles?tiendaId=bbbbbbbb-bbbb-4bbb-8bbb-bbbbbbbbbbbb&zona=Zona%20Norte,254,0,0
1788744796510,168,GET Request,200,OK,Grupo GET Request 1-290,text,true,,984,221,14,14,http://localhost:3000/logistics/tenderos/productos-disponibles?tiendaId=bbbbbbbb-bbbb-4bbb-8bbb-bbbbbbbbbbbb&zona=Zona%20Norte,168,0,0
1788744796540,171,GET Request,200,OK,Grupo GET Request 1-292,text,true,,984,221,14,14,http://localhost:3000/logistics/tenderos/productos-disponibles?tiendaId=bbbbbbbb-bbbb-4bbb-8bbb-bbbbbbbbbbbb&zona=Zona%20Norte,171,0,0
1788744796587,145,GET Request,200,OK,Grupo GET Request 1-287,text,true,,984,221,14,14,http://localhost:3000/logistics/tenderos/productos-disponibles?tiendaId=bbbbbbbb-bbbb-4bbb-8bbb-bbbbbbbbbbbb&zona=Zona%20Norte,145,0,0
1788744796563,182,GET Request,200,OK,Grupo GET Request 1-295,text,true,,984,221,14,14,http://localhost:3000/logistics/tenderos/productos-disponibles?tiendaId=bbbbbbbb-bbbb-4bbb-8bbb-bbbbbbbbbbbb&zona=Zona%20Norte,182,0,1
1788744796575,171,GET Request,200,OK,Grupo GET Request 1-289,text,true,,984,221,14,14,http://localhost:3000/logistics/tenderos/productos-disponibles?tiendaId=bbbbbbbb-bbbb-4bbb-8bbb-bbbbbbbbbbbb&zona=Zona%20Norte,171,0,0
1788744796546,204,GET Request,200,OK,Grupo GET Request 1-283,text,true,,984,221,14,14,http://localhost:3000/logistics/tenderos/productos-disponibles?tiendaId=bbbbbbbb-bbbb-4bbb-8bbb-bbbbbbbbbbbb&zona=Zona%20Norte,204,0,0
1788744796556,213,GET Request,200,OK,Grupo GET Request 1-288,text,true,,984,221,13,13,http://localhost:3000/logistics/tenderos/productos-disponibles?tiendaId=bbbbbbbb-bbbb-4bbb-8bbb-bbbbbbbbbbbb&zona=Zona%20Norte,213,0,0
1788744796637,143,GET Request,200,OK,Grupo GET Request 1-286,text,true,,984,221,13,13,http://localhost:3000/logistics/tenderos/productos-disponibles?tiendaId=bbbbbbbb-bbbb-4bbb-8bbb-bbbbbbbbbbbb&zona=Zona%20Norte,143,0,0
1788744796644,155,GET Request,200,OK,Grupo GET Request 1-294,text,true,,984,221,14,14,http://localhost:3000/logistics/tenderos/productos-disponibles?tiendaId=bbbbbbbb-bbbb-4bbb-8bbb-bbbbbbbbbbbb&zona=Zona%20Norte,155,0,0
1788744796630,184,GET Request,200,OK,Grupo GET Request 1-293,text,true,,984,221,14,14,http://localhost:3000/logistics/tenderos/productos-disponibles?tiendaId=bbbbbbbb-bbbb-4bbb-8bbb-bbbbbbbbbbbb&zona=Zona%20Norte,184,0,0
1788744796644,188,GET Request,200,OK,Grupo GET Request 1-291,text,true,,984,221,14,14,http://localhost:3000/logistics/tenderos/productos-disponibles?tiendaId=bbbbbbbb-bbbb-4bbb-8bbb-bbbbbbbbbbbb&zona=Zona%20Norte,188,0,0
1788744796675,164,GET Request,200,OK,Grupo GET Request 1-296,text,true,,984,221,14,14,http://localhost:3000/logistics/tenderos/productos-disponibles?tiendaId=bbbbbbbb-bbbb-4bbb-8bbb-bbbbbbbbbbbb&zona=Zona%20Norte,164,0,0
1788744796638,208,GET Request,200,OK,Grupo GET Request 1-285,text,true,,984,221,14,14,http://localhost:3000/logistics/tenderos/productos-disponibles?tiendaId=bbbbbbbb-bbbb-4bbb-8bbb-bbbbbbbbbbbb&zona=Zona%20Norte,208,0,0
1788744796678,171,GET Request,200,OK,Grupo GET Request 1-290,text,true,,984,221,14,14,http://localhost:3000/logistics/tenderos/productos-disponibles?tiendaId=bbbbbbbb-bbbb-4bbb-8bbb-bbbbbbbbbbbb&zona=Zona%20Norte,171,0,0
1788744796769,147,GET Request,200,OK,Grupo GET Request 1-288,text,true,,984,221,15,15,http://localhost:3000/logistics/tenderos/productos-disponibles?tiendaId=bbbbbbbb-bbbb-4bbb-8bbb-bbbbbbbbbbbb&zona=Zona%20Norte,147,0,0
1788744796746,178,GET Request,200,OK,Grupo GET Request 1-289,text,true,,984,221,15,15,http://localhost:3000/logistics/tenderos/productos-disponibles?tiendaId=bbbbbbbb-bbbb-4bbb-8bbb-bbbbbbbbbbbb&zona=Zona%20Norte,178,0,0
1788744796732,193,GET Request,200,OK,Grupo GET Request 1-287,text,true,,984,221,14,14,http://localhost:3000/logistics/tenderos/productos-disponibles?tiendaId=bbbbbbbb-bbbb-4bbb-8bbb-bbbbbbbbbbbb&zona=Zona%20Norte,193,0,0
1788744796711,217,GET Request,200,OK,Grupo GET Request 1-292,text,true,,984,221,13,13,http://localhost:3000/logistics/tenderos/productos-disponibles?tiendaId=bbbbbbbb-bbbb-4bbb-8bbb-bbbbbbbbbbbb&zona=Zona%20Norte,217,0,0
1788744796745,183,GET Request,200,OK,Grupo GET Request 1-295,text,true,,984,221,13,13,http://localhost:3000/logistics/tenderos/productos-disponibles?tiendaId=bbbbbbbb-bbbb-4bbb-8bbb-bbbbbbbbbbbb&zona=Zona%20Norte,183,0,0
1788744796678,251,GET Request,200,OK,Grupo GET Request 1-284,text,true,,984,221,13,13,http://localhost:3000/logistics/tenderos/productos-disponibles?tiendaId=bbbbbbbb-bbbb-4bbb-8bbb-bbbbbbbbbbbb&zona=Zona%20Norte,251,0,0
1788744796799,132,GET Request,200,OK,Grupo GET Request 1-294,text,true,,984,221,12,12,http://localhost:3000/logistics/tenderos/productos-disponibles?tiendaId=bbbbbbbb-bbbb-4bbb-8bbb-bbbbbbbbbbbb&zona=Zona%20Norte,132,0,0
1788744796780,152,GET Request,200,OK,Grupo GET Request 1-286,text,true,,984,221,12,12,http://localhost:3000/logistics/tenderos/productos-disponibles?tiendaId=bbbbbbbb-bbbb-4bbb-8bbb-bbbbbbbbbbbb&zona=Zona%20Norte,152,0,0
1788744796784,169,GET Request,200,OK,Grupo GET Request 1-297,text,true,,984,221,11,11,http://localhost:3000/logistics/tenderos/productos-disponibles?tiendaId=bbbbbbbb-bbbb-4bbb-8bbb-bbbbbbbbbbbb&zona=Zona%20Norte,169,0,0
1788744796814,176,GET Request,200,OK,Grupo GET Request 1-293,text,true,,984,221,11,11,http://localhost:3000/logistics/tenderos/productos-disponibles?tiendaId=bbbbbbbb-bbbb-4bbb-8bbb-bbbbbbbbbbbb&zona=Zona%20Norte,176,0,0
1788744796847,208,GET Request,200,OK,Grupo GET Request 1-285,text,true,,984,221,12,12,http://localhost:3000/logistics/tenderos/productos-disponibles?tiendaId=bbbbbbbb-bbbb-4bbb-8bbb-bbbbbbbbbbbb&zona=Zona%20Norte,208,0,0
1788744796832,225,GET Request,200,OK,Grupo GET Request 1-291,text,true,,984,221,11,11,http://localhost:3000/logistics/tenderos/productos-disponibles?tiendaId=bbbbbbbb-bbbb-4bbb-8bbb-bbbbbbbbbbbb&zona=Zona%20Norte,225,0,0
1788744796928,141,GET Request,200,OK,Grupo GET Request 1-292,text,true,,984,221,11,11,http://localhost:3000/logistics/tenderos/productos-disponibles?tiendaId=bbbbbbbb-bbbb-4bbb-8bbb-bbbbbbbbbbbb&zona=Zona%20Norte,141,0,0
1788744796916,165,GET Request,200,OK,Grupo GET Request 1-288,text,true,,984,221,11,11,http://localhost:3000/logistics/tenderos/productos-disponibles?tiendaId=bbbbbbbb-bbbb-4bbb-8bbb-bbbbbbbbbbbb&zona=Zona%20Norte,165,0,0
1788744796954,131,GET Request,200,OK,Grupo GET Request 1-297,text,true,,984,221,10,10,http://localhost:3000/logistics/tenderos/productos-disponibles?tiendaId=bbbbbbbb-bbbb-4bbb-8bbb-bbbbbbbbbbbb&zona=Zona%20Norte,131,0,0
1788744796896,196,GET Request,200,OK,Grupo GET Request 1-298,text,true,,984,221,10,10,http://localhost:3000/logistics/tenderos/productos-disponibles?tiendaId=bbbbbbbb-bbbb-4bbb-8bbb-bbbbbbbbbbbb&zona=Zona%20Norte,196,0,0
1788744796931,193,GET Request,200,OK,Grupo GET Request 1-294,text,true,,984,221,11,11,http://localhost:3000/logistics/tenderos/productos-disponibles?tiendaId=bbbbbbbb-bbbb-4bbb-8bbb-bbbbbbbbbbbb&zona=Zona%20Norte,193,0,0
1788744796928,199,GET Request,200,OK,Grupo GET Request 1-295,text,true,,984,221,11,11,http://localhost:3000/logistics/tenderos/productos-disponibles?tiendaId=bbbbbbbb-bbbb-4bbb-8bbb-bbbbbbbbbbbb&zona=Zona%20Norte,199,0,0
1788744796839,329,GET Request,200,OK,Grupo GET Request 1-296,text,true,,984,221,11,11,http://localhost:3000/logistics/tenderos/productos-disponibles?tiendaId=bbbbbbbb-bbbb-4bbb-8bbb-bbbbbbbbbbbb&zona=Zona%20Norte,329,0,0
1788744797085,93,GET Request,200,OK,Grupo GET Request 1-297,text,true,,984,221,11,11,http://localhost:3000/logistics/tenderos/productos-disponibles?tiendaId=bbbbbbbb-bbbb-4bbb-8bbb-bbbbbbbbbbbb&zona=Zona%20Norte,93,0,0
1788744797069,110,GET Request,200,OK,Grupo GET Request 1-292,text,true,,984,221,11,11,http://localhost:3000/logistics/tenderos/productos-disponibles?tiendaId=bbbbbbbb-bbbb-4bbb-8bbb-bbbbbbbbbbbb&zona=Zona%20Norte,110,0,0
1788744797006,184,GET Request,200,OK,Grupo GET Request 1-299,text,true,,984,221,10,10,http://localhost:3000/logistics/tenderos/productos-disponibles?tiendaId=bbbbbbbb-bbbb-4bbb-8bbb-bbbbbbbbbbbb&zona=Zona%20Norte,184,0,1
1788744797057,136,GET Request,200,OK,Grupo GET Request 1-291,text,true,,984,221,10,10,http://localhost:3000/logistics/tenderos/productos-disponibles?tiendaId=bbbbbbbb-bbbb-4bbb-8bbb-bbbbbbbbbbbb&zona=Zona%20Norte,136,0,0
1788744796849,346,GET Request,200,OK,Grupo GET Request 1-290,text,true,,984,221,9,9,http://localhost:3000/logistics/tenderos/productos-disponibles?tiendaId=bbbbbbbb-bbbb-4bbb-8bbb-bbbbbbbbbbbb&zona=Zona%20Norte,346,0,0
1788744796990,206,GET Request,200,OK,Grupo GET Request 1-293,text,true,,984,221,9,9,http://localhost:3000/logistics/tenderos/productos-disponibles?tiendaId=bbbbbbbb-bbbb-4bbb-8bbb-bbbbbbbbbbbb&zona=Zona%20Norte,206,0,0
1788744797092,133,GET Request,200,OK,Grupo GET Request 1-298,text,true,,984,221,9,9,http://localhost:3000/logistics/tenderos/productos-disponibles?tiendaId=bbbbbbbb-bbbb-4bbb-8bbb-bbbbbbbbbbbb&zona=Zona%20Norte,133,0,0
1788744797124,117,GET Request,200,OK,Grupo GET Request 1-294,text,true,,984,221,10,10,http://localhost:3000/logistics/tenderos/productos-disponibles?tiendaId=bbbbbbbb-bbbb-4bbb-8bbb-bbbbbbbbbbbb&zona=Zona%20Norte,117,0,0
1788744797117,147,GET Request,200,OK,Grupo GET Request 1-300,text,true,,984,221,9,9,http://localhost:3000/logistics/tenderos/productos-disponibles?tiendaId=bbbbbbbb-bbbb-4bbb-8bbb-bbbbbbbbbbbb&zona=Zona%20Norte,147,0,1
1788744797168,103,GET Request,200,OK,Grupo GET Request 1-296,text,true,,984,221,9,9,http://localhost:3000/logistics/tenderos/productos-disponibles?tiendaId=bbbbbbbb-bbbb-4bbb-8bbb-bbbbbbbbbbbb&zona=Zona%20Norte,103,0,0
1788744797190,82,GET Request,200,OK,Grupo GET Request 1-299,text,true,,984,221,9,9,http://localhost:3000/logistics/tenderos/productos-disponibles?tiendaId=bbbbbbbb-bbbb-4bbb-8bbb-bbbbbbbbbbbb&zona=Zona%20Norte,82,0,0
1788744797178,97,GET Request,200,OK,Grupo GET Request 1-297,text,true,,984,221,9,9,http://localhost:3000/logistics/tenderos/productos-disponibles?tiendaId=bbbbbbbb-bbbb-4bbb-8bbb-bbbbbbbbbbbb&zona=Zona%20Norte,97,0,0
1788744797196,94,GET Request,200,OK,Grupo GET Request 1-293,text,true,,984,221,9,9,http://localhost:3000/logistics/tenderos/productos-disponibles?tiendaId=bbbbbbbb-bbbb-4bbb-8bbb-bbbbbbbbbbbb&zona=Zona%20Norte,94,0,0
1788744797127,178,GET Request,200,OK,Grupo GET Request 1-295,text,true,,984,221,8,8,http://localhost:3000/logistics/tenderos/productos-disponibles?tiendaId=bbbbbbbb-bbbb-4bbb-8bbb-bbbbbbbbbbbb&zona=Zona%20Norte,178,0,0
1788744797195,120,GET Request,200,OK,Grupo GET Request 1-290,text,true,,984,221,8,8,http://localhost:3000/logistics/tenderos/productos-disponibles?tiendaId=bbbbbbbb-bbbb-4bbb-8bbb-bbbbbbbbbbbb&zona=Zona%20Norte,120,0,0
1788744797225,94,GET Request,200,OK,Grupo GET Request 1-298,text,true,,984,221,7,7,http://localhost:3000/logistics/tenderos/productos-disponibles?tiendaId=bbbbbbbb-bbbb-4bbb-8bbb-bbbbbbbbbbbb&zona=Zona%20Norte,94,0,0
1788744797228,101,GET Request,200,OK,Grupo GET Request 1-301,text,true,,984,221,7,7,http://localhost:3000/logistics/tenderos/productos-disponibles?tiendaId=bbbbbbbb-bbbb-4bbb-8bbb-bbbbbbbbbbbb&zona=Zona%20Norte,101,0,0
1788744797264,85,GET Request,200,OK,Grupo GET Request 1-300,text,true,,984,221,8,8,http://localhost:3000/logistics/tenderos/productos-disponibles?tiendaId=bbbbbbbb-bbbb-4bbb-8bbb-bbbbbbbbbbbb&zona=Zona%20Norte,85,0,0
1788744797272,84,GET Request,200,OK,Grupo GET Request 1-299,text,true,,984,221,8,8,http://localhost:3000/logistics/tenderos/productos-disponibles?tiendaId=bbbbbbbb-bbbb-4bbb-8bbb-bbbbbbbbbbbb&zona=Zona%20Norte,84,0,0
1788744797271,92,GET Request,200,OK,Grupo GET Request 1-296,text,true,,984,221,8,8,http://localhost:3000/logistics/tenderos/productos-disponibles?tiendaId=bbbbbbbb-bbbb-4bbb-8bbb-bbbbbbbbbbbb&zona=Zona%20Norte,92,0,0
1788744797275,89,GET Request,200,OK,Grupo GET Request 1-297,text,true,,984,221,8,8,http://localhost:3000/logistics/tenderos/productos-disponibles?tiendaId=bbbbbbbb-bbbb-4bbb-8bbb-bbbbbbbbbbbb&zona=Zona%20Norte,89,0,0
1788744797305,85,GET Request,200,OK,Grupo GET Request 1-295,text,true,,984,221,7,7,http://localhost:3000/logistics/tenderos/productos-disponibles?tiendaId=bbbbbbbb-bbbb-4bbb-8bbb-bbbbbbbbbbbb&zona=Zona%20Norte,85,0,0
1788744797340,64,GET Request,200,OK,Grupo GET Request 1-302,text,true,,984,221,6,6,http://localhost:3000/logistics/tenderos/productos-disponibles?tiendaId=bbbbbbbb-bbbb-4bbb-8bbb-bbbbbbbbbbbb&zona=Zona%20Norte,64,0,1
1788744797330,88,GET Request,200,OK,Grupo GET Request 1-301,text,true,,984,221,6,6,http://localhost:3000/logistics/tenderos/productos-disponibles?tiendaId=bbbbbbbb-bbbb-4bbb-8bbb-bbbbbbbbbbbb&zona=Zona%20Norte,88,0,0
1788744797356,71,GET Request,200,OK,Grupo GET Request 1-299,text,true,,984,221,6,6,http://localhost:3000/logistics/tenderos/productos-disponibles?tiendaId=bbbbbbbb-bbbb-4bbb-8bbb-bbbbbbbbbbbb&zona=Zona%20Norte,71,0,0
1788744797350,78,GET Request,200,OK,Grupo GET Request 1-300,text,true,,984,221,6,6,http://localhost:3000/logistics/tenderos/productos-disponibles?tiendaId=bbbbbbbb-bbbb-4bbb-8bbb-bbbbbbbbbbbb&zona=Zona%20Norte,77,0,0
1788744797364,71,GET Request,200,OK,Grupo GET Request 1-296,text,true,,984,221,6,6,http://localhost:3000/logistics/tenderos/productos-disponibles?tiendaId=bbbbbbbb-bbbb-4bbb-8bbb-bbbbbbbbbbbb&zona=Zona%20Norte,71,0,0
1788744797319,122,GET Request,200,OK,Grupo GET Request 1-298,text,true,,984,221,5,5,http://localhost:3000/logistics/tenderos/productos-disponibles?tiendaId=bbbbbbbb-bbbb-4bbb-8bbb-bbbbbbbbbbbb&zona=Zona%20Norte,122,0,0
1788744797404,86,GET Request,200,OK,Grupo GET Request 1-302,text,true,,984,221,6,6,http://localhost:3000/logistics/tenderos/productos-disponibles?tiendaId=bbbbbbbb-bbbb-4bbb-8bbb-bbbbbbbbbbbb&zona=Zona%20Norte,86,0,0
1788744797428,63,GET Request,200,OK,Grupo GET Request 1-300,text,true,,984,221,6,6,http://localhost:3000/logistics/tenderos/productos-disponibles?tiendaId=bbbbbbbb-bbbb-4bbb-8bbb-bbbbbbbbbbbb&zona=Zona%20Norte,62,0,0
1788744797419,77,GET Request,200,OK,Grupo GET Request 1-301,text,true,,984,221,6,6,http://localhost:3000/logistics/tenderos/productos-disponibles?tiendaId=bbbbbbbb-bbbb-4bbb-8bbb-bbbbbbbbbbbb&zona=Zona%20Norte,77,0,0
1788744797427,78,GET Request,200,OK,Grupo GET Request 1-299,text,true,,984,221,6,6,http://localhost:3000/logistics/tenderos/productos-disponibles?tiendaId=bbbbbbbb-bbbb-4bbb-8bbb-bbbbbbbbbbbb&zona=Zona%20Norte,78,0,0
1788744797441,67,GET Request,200,OK,Grupo GET Request 1-298,text,true,,984,221,5,5,http://localhost:3000/logistics/tenderos/productos-disponibles?tiendaId=bbbbbbbb-bbbb-4bbb-8bbb-bbbbbbbbbbbb&zona=Zona%20Norte,67,0,0
1788744797451,66,GET Request,200,OK,Grupo GET Request 1-303,text,true,,984,221,4,4,http://localhost:3000/logistics/tenderos/productos-disponibles?tiendaId=bbbbbbbb-bbbb-4bbb-8bbb-bbbbbbbbbbbb&zona=Zona%20Norte,66,0,1
1788744797491,67,GET Request,200,OK,Grupo GET Request 1-300,text,true,,984,221,4,4,http://localhost:3000/logistics/tenderos/productos-disponibles?tiendaId=bbbbbbbb-bbbb-4bbb-8bbb-bbbbbbbbbbbb&zona=Zona%20Norte,67,0,0
1788744797490,70,GET Request,200,OK,Grupo GET Request 1-302,text,true,,984,221,4,4,http://localhost:3000/logistics/tenderos/productos-disponibles?tiendaId=bbbbbbbb-bbbb-4bbb-8bbb-bbbbbbbbbbbb&zona=Zona%20Norte,70,0,0
1788744797496,81,GET Request,200,OK,Grupo GET Request 1-301,text,true,,984,221,4,4,http://localhost:3000/logistics/tenderos/productos-disponibles?tiendaId=bbbbbbbb-bbbb-4bbb-8bbb-bbbbbbbbbbbb&zona=Zona%20Norte,81,0,0
1788744797517,70,GET Request,200,OK,Grupo GET Request 1-303,text,true,,984,221,4,4,http://localhost:3000/logistics/tenderos/productos-disponibles?tiendaId=bbbbbbbb-bbbb-4bbb-8bbb-bbbbbbbbbbbb&zona=Zona%20Norte,70,0,0
1788744797560,60,GET Request,200,OK,Grupo GET Request 1-302,text,true,,984,221,4,4,http://localhost:3000/logistics/tenderos/productos-disponibles?tiendaId=bbbbbbbb-bbbb-4bbb-8bbb-bbbbbbbbbbbb&zona=Zona%20Norte,60,0,0
1788744797560,67,GET Request,200,OK,Grupo GET Request 1-304,text,true,,984,221,4,4,http://localhost:3000/logistics/tenderos/productos-disponibles?tiendaId=bbbbbbbb-bbbb-4bbb-8bbb-bbbbbbbbbbbb&zona=Zona%20Norte,67,0,1
1788744797577,56,GET Request,200,OK,Grupo GET Request 1-301,text,true,,984,221,4,4,http://localhost:3000/logistics/tenderos/productos-disponibles?tiendaId=bbbbbbbb-bbbb-4bbb-8bbb-bbbbbbbbbbbb&zona=Zona%20Norte,56,0,0
1788744797587,56,GET Request,200,OK,Grupo GET Request 1-303,text,true,,984,221,3,3,http://localhost:3000/logistics/tenderos/productos-disponibles?tiendaId=bbbbbbbb-bbbb-4bbb-8bbb-bbbbbbbbbbbb&zona=Zona%20Norte,56,0,0
1788744797620,58,GET Request,200,OK,Grupo GET Request 1-302,text,true,,984,221,4,4,http://localhost:3000/logistics/tenderos/productos-disponibles?tiendaId=bbbbbbbb-bbbb-4bbb-8bbb-bbbbbbbbbbbb&zona=Zona%20Norte,58,0,0
1788744797627,72,GET Request,200,OK,Grupo GET Request 1-304,text,true,,984,221,3,3,http://localhost:3000/logistics/tenderos/productos-disponibles?tiendaId=bbbbbbbb-bbbb-4bbb-8bbb-bbbbbbbbbbbb&zona=Zona%20Norte,72,0,0
1788744797643,60,GET Request,200,OK,Grupo GET Request 1-303,text,true,,984,221,3,3,http://localhost:3000/logistics/tenderos/productos-disponibles?tiendaId=bbbbbbbb-bbbb-4bbb-8bbb-bbbbbbbbbbbb&zona=Zona%20Norte,60,0,0
1788744797671,56,GET Request,200,OK,Grupo GET Request 1-305,text,true,,984,221,3,3,http://localhost:3000/logistics/tenderos/productos-disponibles?tiendaId=bbbbbbbb-bbbb-4bbb-8bbb-bbbbbbbbbbbb&zona=Zona%20Norte,56,0,1
1788744797700,57,GET Request,200,OK,Grupo GET Request 1-304,text,true,,984,221,3,3,http://localhost:3000/logistics/tenderos/productos-disponibles?tiendaId=bbbbbbbb-bbbb-4bbb-8bbb-bbbbbbbbbbbb&zona=Zona%20Norte,57,0,0
1788744797703,56,GET Request,200,OK,Grupo GET Request 1-303,text,true,,984,221,3,3,http://localhost:3000/logistics/tenderos/productos-disponibles?tiendaId=bbbbbbbb-bbbb-4bbb-8bbb-bbbbbbbbbbbb&zona=Zona%20Norte,56,0,0
1788744797728,54,GET Request,200,OK,Grupo GET Request 1-305,text,true,,984,221,3,3,http://localhost:3000/logistics/tenderos/productos-disponibles?tiendaId=bbbbbbbb-bbbb-4bbb-8bbb-bbbbbbbbbbbb&zona=Zona%20Norte,54,0,0
1788744797757,55,GET Request,200,OK,Grupo GET Request 1-304,text,true,,984,221,3,3,http://localhost:3000/logistics/tenderos/productos-disponibles?tiendaId=bbbbbbbb-bbbb-4bbb-8bbb-bbbbbbbbbbbb&zona=Zona%20Norte,55,0,0
1788744797782,55,GET Request,200,OK,Grupo GET Request 1-306,text,true,,984,221,3,3,http://localhost:3000/logistics/tenderos/productos-disponibles?tiendaId=bbbbbbbb-bbbb-4bbb-8bbb-bbbbbbbbbbbb&zona=Zona%20Norte,55,0,1
1788744797783,58,GET Request,200,OK,Grupo GET Request 1-305,text,true,,984,221,3,3,http://localhost:3000/logistics/tenderos/productos-disponibles?tiendaId=bbbbbbbb-bbbb-4bbb-8bbb-bbbbbbbbbbbb&zona=Zona%20Norte,58,0,0
1788744797813,53,GET Request,200,OK,Grupo GET Request 1-304,text,true,,984,221,3,3,http://localhost:3000/logistics/tenderos/productos-disponibles?tiendaId=bbbbbbbb-bbbb-4bbb-8bbb-bbbbbbbbbbbb&zona=Zona%20Norte,53,0,0
1788744797841,54,GET Request,200,OK,Grupo GET Request 1-305,text,true,,984,221,3,3,http://localhost:3000/logistics/tenderos/productos-disponibles?tiendaId=bbbbbbbb-bbbb-4bbb-8bbb-bbbbbbbbbbbb&zona=Zona%20Norte,54,0,0
1788744797837,58,GET Request,200,OK,Grupo GET Request 1-306,text,true,,984,221,3,3,http://localhost:3000/logistics/tenderos/productos-disponibles?tiendaId=bbbbbbbb-bbbb-4bbb-8bbb-bbbbbbbbbbbb&zona=Zona%20Norte,58,0,0
1788744797891,58,GET Request,200,OK,Grupo GET Request 1-307,text,true,,984,221,3,3,http://localhost:3000/logistics/tenderos/productos-disponibles?tiendaId=bbbbbbbb-bbbb-4bbb-8bbb-bbbbbbbbbbbb&zona=Zona%20Norte,58,0,0
1788744797895,57,GET Request,200,OK,Grupo GET Request 1-305,text,true,,984,221,3,3,http://localhost:3000/logistics/tenderos/productos-disponibles?tiendaId=bbbbbbbb-bbbb-4bbb-8bbb-bbbbbbbbbbbb&zona=Zona%20Norte,57,0,0
1788744797895,57,GET Request,200,OK,Grupo GET Request 1-306,text,true,,984,221,2,2,http://localhost:3000/logistics/tenderos/productos-disponibles?tiendaId=bbbbbbbb-bbbb-4bbb-8bbb-bbbbbbbbbbbb&zona=Zona%20Norte,57,0,0
1788744797949,57,GET Request,200,OK,Grupo GET Request 1-307,text,true,,984,221,3,3,http://localhost:3000/logistics/tenderos/productos-disponibles?tiendaId=bbbbbbbb-bbbb-4bbb-8bbb-bbbbbbbbbbbb&zona=Zona%20Norte,57,0,0
1788744797953,57,GET Request,200,OK,Grupo GET Request 1-306,text,true,,984,221,3,3,http://localhost:3000/logistics/tenderos/productos-disponibles?tiendaId=bbbbbbbb-bbbb-4bbb-8bbb-bbbbbbbbbbbb&zona=Zona%20Norte,57,0,0
1788744798006,59,GET Request,200,OK,Grupo GET Request 1-308,text,true,,984,221,3,3,http://localhost:3000/logistics/tenderos/productos-disponibles?tiendaId=bbbbbbbb-bbbb-4bbb-8bbb-bbbbbbbbbbbb&zona=Zona%20Norte,59,0,0
1788744798006,59,GET Request,200,OK,Grupo GET Request 1-307,text,true,,984,221,3,3,http://localhost:3000/logistics/tenderos/productos-disponibles?tiendaId=bbbbbbbb-bbbb-4bbb-8bbb-bbbbbbbbbbbb&zona=Zona%20Norte,59,0,0
1788744798010,60,GET Request,200,OK,Grupo GET Request 1-306,text,true,,984,221,3,3,http://localhost:3000/logistics/tenderos/productos-disponibles?tiendaId=bbbbbbbb-bbbb-4bbb-8bbb-bbbbbbbbbbbb&zona=Zona%20Norte,60,0,0
1788744798065,59,GET Request,200,OK,Grupo GET Request 1-308,text,true,,984,221,3,3,http://localhost:3000/logistics/tenderos/productos-disponibles?tiendaId=bbbbbbbb-bbbb-4bbb-8bbb-bbbbbbbbbbbb&zona=Zona%20Norte,59,0,0
1788744798066,59,GET Request,200,OK,Grupo GET Request 1-307,text,true,,984,221,3,3,http://localhost:3000/logistics/tenderos/productos-disponibles?tiendaId=bbbbbbbb-bbbb-4bbb-8bbb-bbbbbbbbbbbb&zona=Zona%20Norte,59,0,0
1788744798112,56,GET Request,200,OK,Grupo GET Request 1-309,text,true,,984,221,3,3,http://localhost:3000/logistics/tenderos/productos-disponibles?tiendaId=bbbbbbbb-bbbb-4bbb-8bbb-bbbbbbbbbbbb&zona=Zona%20Norte,56,0,1
1788744798125,57,GET Request,200,OK,Grupo GET Request 1-307,text,true,,984,221,3,3,http://localhost:3000/logistics/tenderos/productos-disponibles?tiendaId=bbbbbbbb-bbbb-4bbb-8bbb-bbbbbbbbbbbb&zona=Zona%20Norte,57,0,0
1788744798124,58,GET Request,200,OK,Grupo GET Request 1-308,text,true,,984,221,3,3,http://localhost:3000/logistics/tenderos/productos-disponibles?tiendaId=bbbbbbbb-bbbb-4bbb-8bbb-bbbbbbbbbbbb&zona=Zona%20Norte,58,0,0
1788744798168,56,GET Request,200,OK,Grupo GET Request 1-309,text,true,,984,221,2,2,http://localhost:3000/logistics/tenderos/productos-disponibles?tiendaId=bbbbbbbb-bbbb-4bbb-8bbb-bbbbbbbbbbbb&zona=Zona%20Norte,56,0,0
1788744798183,57,GET Request,200,OK,Grupo GET Request 1-308,text,true,,984,221,3,3,http://localhost:3000/logistics/tenderos/productos-disponibles?tiendaId=bbbbbbbb-bbbb-4bbb-8bbb-bbbbbbbbbbbb&zona=Zona%20Norte,57,0,0
1788744798225,55,GET Request,200,OK,Grupo GET Request 1-309,text,true,,984,221,3,3,http://localhost:3000/logistics/tenderos/productos-disponibles?tiendaId=bbbbbbbb-bbbb-4bbb-8bbb-bbbbbbbbbbbb&zona=Zona%20Norte,55,0,0
1788744798228,55,GET Request,200,OK,Grupo GET Request 1-310,text,true,,984,221,3,3,http://localhost:3000/logistics/tenderos/productos-disponibles?tiendaId=bbbbbbbb-bbbb-4bbb-8bbb-bbbbbbbbbbbb&zona=Zona%20Norte,55,0,0
1788744798240,55,GET Request,200,OK,Grupo GET Request 1-308,text,true,,984,221,3,3,http://localhost:3000/logistics/tenderos/productos-disponibles?tiendaId=bbbbbbbb-bbbb-4bbb-8bbb-bbbbbbbbbbbb&zona=Zona%20Norte,55,0,0
1788744798280,56,GET Request,200,OK,Grupo GET Request 1-309,text,true,,984,221,3,3,http://localhost:3000/logistics/tenderos/productos-disponibles?tiendaId=bbbbbbbb-bbbb-4bbb-8bbb-bbbbbbbbbbbb&zona=Zona%20Norte,56,0,0
1788744798284,56,GET Request,200,OK,Grupo GET Request 1-310,text,true,,984,221,3,3,http://localhost:3000/logistics/tenderos/productos-disponibles?tiendaId=bbbbbbbb-bbbb-4bbb-8bbb-bbbbbbbbbbbb&zona=Zona%20Norte,56,0,0
1788744798336,57,GET Request,200,OK,Grupo GET Request 1-309,text,true,,984,221,3,3,http://localhost:3000/logistics/tenderos/productos-disponibles?tiendaId=bbbbbbbb-bbbb-4bbb-8bbb-bbbbbbbbbbbb&zona=Zona%20Norte,57,0,0
1788744798336,57,GET Request,200,OK,Grupo GET Request 1-311,text,true,,984,221,3,3,http://localhost:3000/logistics/tenderos/productos-disponibles?tiendaId=bbbbbbbb-bbbb-4bbb-8bbb-bbbbbbbbbbbb&zona=Zona%20Norte,57,0,1
1788744798340,56,GET Request,200,OK,Grupo GET Request 1-310,text,true,,984,221,2,2,http://localhost:3000/logistics/tenderos/productos-disponibles?tiendaId=bbbbbbbb-bbbb-4bbb-8bbb-bbbbbbbbbbbb&zona=Zona%20Norte,56,0,0
1788744798393,59,GET Request,200,OK,Grupo GET Request 1-311,text,true,,984,221,3,3,http://localhost:3000/logistics/tenderos/productos-disponibles?tiendaId=bbbbbbbb-bbbb-4bbb-8bbb-bbbbbbbbbbbb&zona=Zona%20Norte,59,0,0
1788744798396,60,GET Request,200,OK,Grupo GET Request 1-310,text,true,,984,221,3,3,http://localhost:3000/logistics/tenderos/productos-disponibles?tiendaId=bbbbbbbb-bbbb-4bbb-8bbb-bbbbbbbbbbbb&zona=Zona%20Norte,60,0,0
1788744798447,59,GET Request,200,OK,Grupo GET Request 1-312,text,true,,984,221,3,3,http://localhost:3000/logistics/tenderos/productos-disponibles?tiendaId=bbbbbbbb-bbbb-4bbb-8bbb-bbbbbbbbbbbb&zona=Zona%20Norte,59,0,1
1788744798452,57,GET Request,200,OK,Grupo GET Request 1-311,text,true,,984,221,3,3,http://localhost:3000/logistics/tenderos/productos-disponibles?tiendaId=bbbbbbbb-bbbb-4bbb-8bbb-bbbbbbbbbbbb&zona=Zona%20Norte,56,0,0
1788744798456,56,GET Request,200,OK,Grupo GET Request 1-310,text,true,,984,221,3,3,http://localhost:3000/logistics/tenderos/productos-disponibles?tiendaId=bbbbbbbb-bbbb-4bbb-8bbb-bbbbbbbbbbbb&zona=Zona%20Norte,56,0,0
1788744798507,57,GET Request,200,OK,Grupo GET Request 1-312,text,true,,984,221,3,3,http://localhost:3000/logistics/tenderos/productos-disponibles?tiendaId=bbbbbbbb-bbbb-4bbb-8bbb-bbbbbbbbbbbb&zona=Zona%20Norte,57,0,0
1788744798509,56,GET Request,200,OK,Grupo GET Request 1-311,text,true,,984,221,3,3,http://localhost:3000/logistics/tenderos/productos-disponibles?tiendaId=bbbbbbbb-bbbb-4bbb-8bbb-bbbbbbbbbbbb&zona=Zona%20Norte,56,0,0
1788744798558,60,GET Request,200,OK,Grupo GET Request 1-313,text,true,,984,221,3,3,http://localhost:3000/logistics/tenderos/productos-disponibles?tiendaId=bbbbbbbb-bbbb-4bbb-8bbb-bbbbbbbbbbbb&zona=Zona%20Norte,60,0,1
1788744798564,56,GET Request,200,OK,Grupo GET Request 1-312,text,true,,984,221,3,3,http://localhost:3000/logistics/tenderos/productos-disponibles?tiendaId=bbbbbbbb-bbbb-4bbb-8bbb-bbbbbbbbbbbb&zona=Zona%20Norte,56,0,0
1788744798565,56,GET Request,200,OK,Grupo GET Request 1-311,text,true,,984,221,3,3,http://localhost:3000/logistics/tenderos/productos-disponibles?tiendaId=bbbbbbbb-bbbb-4bbb-8bbb-bbbbbbbbbbbb&zona=Zona%20Norte,56,0,0
1788744798618,60,GET Request,200,OK,Grupo GET Request 1-313,text,true,,984,221,3,3,http://localhost:3000/logistics/tenderos/productos-disponibles?tiendaId=bbbbbbbb-bbbb-4bbb-8bbb-bbbbbbbbbbbb&zona=Zona%20Norte,60,0,0
1788744798621,60,GET Request,200,OK,Grupo GET Request 1-312,text,true,,984,221,3,3,http://localhost:3000/logistics/tenderos/productos-disponibles?tiendaId=bbbbbbbb-bbbb-4bbb-8bbb-bbbbbbbbbbbb&zona=Zona%20Norte,60,0,0
1788744798670,60,GET Request,200,OK,Grupo GET Request 1-314,text,true,,984,221,3,3,http://localhost:3000/logistics/tenderos/productos-disponibles?tiendaId=bbbbbbbb-bbbb-4bbb-8bbb-bbbbbbbbbbbb&zona=Zona%20Norte,60,0,0
1788744798678,61,GET Request,200,OK,Grupo GET Request 1-313,text,true,,984,221,3,3,http://localhost:3000/logistics/tenderos/productos-disponibles?tiendaId=bbbbbbbb-bbbb-4bbb-8bbb-bbbbbbbbbbbb&zona=Zona%20Norte,61,0,0
1788744798681,62,GET Request,200,OK,Grupo GET Request 1-312,text,true,,984,221,3,3,http://localhost:3000/logistics/tenderos/productos-disponibles?tiendaId=bbbbbbbb-bbbb-4bbb-8bbb-bbbbbbbbbbbb&zona=Zona%20Norte,62,0,0
1788744798731,63,GET Request,200,OK,Grupo GET Request 1-314,text,true,,984,221,3,3,http://localhost:3000/logistics/tenderos/productos-disponibles?tiendaId=bbbbbbbb-bbbb-4bbb-8bbb-bbbbbbbbbbbb&zona=Zona%20Norte,63,0,0
1788744798739,65,GET Request,200,OK,Grupo GET Request 1-313,text,true,,984,221,3,3,http://localhost:3000/logistics/tenderos/productos-disponibles?tiendaId=bbbbbbbb-bbbb-4bbb-8bbb-bbbbbbbbbbbb&zona=Zona%20Norte,65,0,0
1788744798781,63,GET Request,200,OK,Grupo GET Request 1-315,text,true,,984,221,3,3,http://localhost:3000/logistics/tenderos/productos-disponibles?tiendaId=bbbbbbbb-bbbb-4bbb-8bbb-bbbbbbbbbbbb&zona=Zona%20Norte,63,0,1
1788744798794,61,GET Request,200,OK,Grupo GET Request 1-314,text,true,,984,221,3,3,http://localhost:3000/logistics/tenderos/productos-disponibles?tiendaId=bbbbbbbb-bbbb-4bbb-8bbb-bbbbbbbbbbbb&zona=Zona%20Norte,61,0,0
1788744798804,61,GET Request,200,OK,Grupo GET Request 1-313,text,true,,984,221,3,3,http://localhost:3000/logistics/tenderos/productos-disponibles?tiendaId=bbbbbbbb-bbbb-4bbb-8bbb-bbbbbbbbbbbb&zona=Zona%20Norte,61,0,0
1788744798844,59,GET Request,200,OK,Grupo GET Request 1-315,text,true,,984,221,3,3,http://localhost:3000/logistics/tenderos/productos-disponibles?tiendaId=bbbbbbbb-bbbb-4bbb-8bbb-bbbbbbbbbbbb&zona=Zona%20Norte,59,0,0
1788744798855,58,GET Request,200,OK,Grupo GET Request 1-314,text,true,,984,221,3,3,http://localhost:3000/logistics/tenderos/productos-disponibles?tiendaId=bbbbbbbb-bbbb-4bbb-8bbb-bbbbbbbbbbbb&zona=Zona%20Norte,58,0,0
1788744798893,61,GET Request,200,OK,Grupo GET Request 1-316,text,true,,984,221,3,3,http://localhost:3000/logistics/tenderos/productos-disponibles?tiendaId=bbbbbbbb-bbbb-4bbb-8bbb-bbbbbbbbbbbb&zona=Zona%20Norte,61,0,1
1788744798903,59,GET Request,200,OK,Grupo GET Request 1-315,text,true,,984,221,3,3,http://localhost:3000/logistics/tenderos/productos-disponibles?tiendaId=bbbbbbbb-bbbb-4bbb-8bbb-bbbbbbbbbbbb&zona=Zona%20Norte,59,0,0
1788744798914,61,GET Request,200,OK,Grupo GET Request 1-314,text,true,,984,221,3,3,http://localhost:3000/logistics/tenderos/productos-disponibles?tiendaId=bbbbbbbb-bbbb-4bbb-8bbb-bbbbbbbbbbbb&zona=Zona%20Norte,61,0,0
1788744798954,60,GET Request,200,OK,Grupo GET Request 1-316,text,true,,984,221,3,3,http://localhost:3000/logistics/tenderos/productos-disponibles?tiendaId=bbbbbbbb-bbbb-4bbb-8bbb-bbbbbbbbbbbb&zona=Zona%20Norte,60,0,0
1788744798962,61,GET Request,200,OK,Grupo GET Request 1-315,text,true,,984,221,3,3,http://localhost:3000/logistics/tenderos/productos-disponibles?tiendaId=bbbbbbbb-bbbb-4bbb-8bbb-bbbbbbbbbbbb&zona=Zona%20Norte,61,0,0
1788744799002,63,GET Request,200,OK,Grupo GET Request 1-317,text,true,,984,221,3,3,http://localhost:3000/logistics/tenderos/productos-disponibles?tiendaId=bbbbbbbb-bbbb-4bbb-8bbb-bbbbbbbbbbbb&zona=Zona%20Norte,63,0,0
1788744799014,64,GET Request,200,OK,Grupo GET Request 1-316,text,true,,984,221,3,3,http://localhost:3000/logistics/tenderos/productos-disponibles?tiendaId=bbbbbbbb-bbbb-4bbb-8bbb-bbbbbbbbbbbb&zona=Zona%20Norte,64,0,0
1788744799023,60,GET Request,200,OK,Grupo GET Request 1-315,text,true,,984,221,3,3,http://localhost:3000/logistics/tenderos/productos-disponibles?tiendaId=bbbbbbbb-bbbb-4bbb-8bbb-bbbbbbbbbbbb&zona=Zona%20Norte,60,0,0
1788744799066,64,GET Request,200,OK,Grupo GET Request 1-317,text,true,,984,221,3,3,http://localhost:3000/logistics/tenderos/productos-disponibles?tiendaId=bbbbbbbb-bbbb-4bbb-8bbb-bbbbbbbbbbbb&zona=Zona%20Norte,64,0,0
1788744799080,61,GET Request,200,OK,Grupo GET Request 1-316,text,true,,984,221,3,3,http://localhost:3000/logistics/tenderos/productos-disponibles?tiendaId=bbbbbbbb-bbbb-4bbb-8bbb-bbbbbbbbbbbb&zona=Zona%20Norte,61,0,0
1788744799112,64,GET Request,200,OK,Grupo GET Request 1-318,text,true,,984,221,3,3,http://localhost:3000/logistics/tenderos/productos-disponibles?tiendaId=bbbbbbbb-bbbb-4bbb-8bbb-bbbbbbbbbbbb&zona=Zona%20Norte,64,0,0
1788744799131,60,GET Request,200,OK,Grupo GET Request 1-317,text,true,,984,221,3,3,http://localhost:3000/logistics/tenderos/productos-disponibles?tiendaId=bbbbbbbb-bbbb-4bbb-8bbb-bbbbbbbbbbbb&zona=Zona%20Norte,60,0,0
1788744799141,60,GET Request,200,OK,Grupo GET Request 1-316,text,true,,984,221,3,3,http://localhost:3000/logistics/tenderos/productos-disponibles?tiendaId=bbbbbbbb-bbbb-4bbb-8bbb-bbbbbbbbbbbb&zona=Zona%20Norte,60,0,0
1788744799176,63,GET Request,200,OK,Grupo GET Request 1-318,text,true,,984,221,3,3,http://localhost:3000/logistics/tenderos/productos-disponibles?tiendaId=bbbbbbbb-bbbb-4bbb-8bbb-bbbbbbbbbbbb&zona=Zona%20Norte,63,0,0
1788744799191,61,GET Request,200,OK,Grupo GET Request 1-317,text,true,,984,221,3,3,http://localhost:3000/logistics/tenderos/productos-disponibles?tiendaId=bbbbbbbb-bbbb-4bbb-8bbb-bbbbbbbbbbbb&zona=Zona%20Norte,61,0,0
1788744799224,64,GET Request,200,OK,Grupo GET Request 1-319,text,true,,984,221,3,3,http://localhost:3000/logistics/tenderos/productos-disponibles?tiendaId=bbbbbbbb-bbbb-4bbb-8bbb-bbbbbbbbbbbb&zona=Zona%20Norte,64,0,0
1788744799240,62,GET Request,200,OK,Grupo GET Request 1-318,text,true,,984,221,3,3,http://localhost:3000/logistics/tenderos/productos-disponibles?tiendaId=bbbbbbbb-bbbb-4bbb-8bbb-bbbbbbbbbbbb&zona=Zona%20Norte,62,0,0
1788744799253,60,GET Request,200,OK,Grupo GET Request 1-317,text,true,,984,221,3,3,http://localhost:3000/logistics/tenderos/productos-disponibles?tiendaId=bbbbbbbb-bbbb-4bbb-8bbb-bbbbbbbbbbbb&zona=Zona%20Norte,60,0,0
1788744799289,60,GET Request,200,OK,Grupo GET Request 1-319,text,true,,984,221,3,3,http://localhost:3000/logistics/tenderos/productos-disponibles?tiendaId=bbbbbbbb-bbbb-4bbb-8bbb-bbbbbbbbbbbb&zona=Zona%20Norte,60,0,0
1788744799302,57,GET Request,200,OK,Grupo GET Request 1-318,text,true,,984,221,3,3,http://localhost:3000/logistics/tenderos/productos-disponibles?tiendaId=bbbbbbbb-bbbb-4bbb-8bbb-bbbbbbbbbbbb&zona=Zona%20Norte,57,0,0
1788744799337,58,GET Request,200,OK,Grupo GET Request 1-320,text,true,,984,221,3,3,http://localhost:3000/logistics/tenderos/productos-disponibles?tiendaId=bbbbbbbb-bbbb-4bbb-8bbb-bbbbbbbbbbbb&zona=Zona%20Norte,58,0,1
1788744799350,58,GET Request,200,OK,Grupo GET Request 1-319,text,true,,984,221,3,3,http://localhost:3000/logistics/tenderos/productos-disponibles?tiendaId=bbbbbbbb-bbbb-4bbb-8bbb-bbbbbbbbbbbb&zona=Zona%20Norte,58,0,0
1788744799360,56,GET Request,200,OK,Grupo GET Request 1-318,text,true,,984,221,3,3,http://localhost:3000/logistics/tenderos/productos-disponibles?tiendaId=bbbbbbbb-bbbb-4bbb-8bbb-bbbbbbbbbbbb&zona=Zona%20Norte,56,0,0
1788744799396,66,GET Request,200,OK,Grupo GET Request 1-320,text,true,,984,221,3,3,http://localhost:3000/logistics/tenderos/productos-disponibles?tiendaId=bbbbbbbb-bbbb-4bbb-8bbb-bbbbbbbbbbbb&zona=Zona%20Norte,66,0,0
1788744799408,62,GET Request,200,OK,Grupo GET Request 1-319,text,true,,984,221,3,3,http://localhost:3000/logistics/tenderos/productos-disponibles?tiendaId=bbbbbbbb-bbbb-4bbb-8bbb-bbbbbbbbbbbb&zona=Zona%20Norte,62,0,0
1788744799448,63,GET Request,200,OK,Grupo GET Request 1-321,text,true,,984,221,3,3,http://localhost:3000/logistics/tenderos/productos-disponibles?tiendaId=bbbbbbbb-bbbb-4bbb-8bbb-bbbbbbbbbbbb&zona=Zona%20Norte,63,0,1
1788744799462,60,GET Request,200,OK,Grupo GET Request 1-320,text,true,,984,221,3,3,http://localhost:3000/logistics/tenderos/productos-disponibles?tiendaId=bbbbbbbb-bbbb-4bbb-8bbb-bbbbbbbbbbbb&zona=Zona%20Norte,60,0,0
1788744799470,68,GET Request,200,OK,Grupo GET Request 1-319,text,true,,984,221,3,3,http://localhost:3000/logistics/tenderos/productos-disponibles?tiendaId=bbbbbbbb-bbbb-4bbb-8bbb-bbbbbbbbbbbb&zona=Zona%20Norte,68,0,0
1788744799511,90,GET Request,200,OK,Grupo GET Request 1-321,text,true,,984,221,3,3,http://localhost:3000/logistics/tenderos/productos-disponibles?tiendaId=bbbbbbbb-bbbb-4bbb-8bbb-bbbbbbbbbbbb&zona=Zona%20Norte,90,0,0
1788744799522,101,GET Request,200,OK,Grupo GET Request 1-320,text,true,,984,221,3,3,http://localhost:3000/logistics/tenderos/productos-disponibles?tiendaId=bbbbbbbb-bbbb-4bbb-8bbb-bbbbbbbbbbbb&zona=Zona%20Norte,101,0,0
1788744799558,91,GET Request,200,OK,Grupo GET Request 1-322,text,true,,984,221,3,3,http://localhost:3000/logistics/tenderos/productos-disponibles?tiendaId=bbbbbbbb-bbbb-4bbb-8bbb-bbbbbbbbbbbb&zona=Zona%20Norte,91,0,0
1788744799602,85,GET Request,200,OK,Grupo GET Request 1-321,text,true,,984,221,4,4,http://localhost:3000/logistics/tenderos/productos-disponibles?tiendaId=bbbbbbbb-bbbb-4bbb-8bbb-bbbbbbbbbbbb&zona=Zona%20Norte,85,0,0
1788744799623,68,GET Request,200,OK,Grupo GET Request 1-320,text,true,,984,221,4,4,http://localhost:3000/logistics/tenderos/productos-disponibles?tiendaId=bbbbbbbb-bbbb-4bbb-8bbb-bbbbbbbbbbbb&zona=Zona%20Norte,68,0,0
1788744799650,63,GET Request,200,OK,Grupo GET Request 1-322,text,true,,984,221,3,3,http://localhost:3000/logistics/tenderos/productos-disponibles?tiendaId=bbbbbbbb-bbbb-4bbb-8bbb-bbbbbbbbbbbb&zona=Zona%20Norte,63,0,0
1788744799670,60,GET Request,200,OK,Grupo GET Request 1-323,text,true,,984,221,3,3,http://localhost:3000/logistics/tenderos/productos-disponibles?tiendaId=bbbbbbbb-bbbb-4bbb-8bbb-bbbbbbbbbbbb&zona=Zona%20Norte,60,0,1
1788744799688,66,GET Request,200,OK,Grupo GET Request 1-321,text,true,,984,221,3,3,http://localhost:3000/logistics/tenderos/productos-disponibles?tiendaId=bbbbbbbb-bbbb-4bbb-8bbb-bbbbbbbbbbbb&zona=Zona%20Norte,66,0,0
1788744799714,95,GET Request,200,OK,Grupo GET Request 1-322,text,true,,984,221,4,4,http://localhost:3000/logistics/tenderos/productos-disponibles?tiendaId=bbbbbbbb-bbbb-4bbb-8bbb-bbbbbbbbbbbb&zona=Zona%20Norte,95,0,0
1788744799730,82,GET Request,200,OK,Grupo GET Request 1-323,text,true,,984,221,4,4,http://localhost:3000/logistics/tenderos/productos-disponibles?tiendaId=bbbbbbbb-bbbb-4bbb-8bbb-bbbbbbbbbbbb&zona=Zona%20Norte,82,0,0
1788744799755,79,GET Request,200,OK,Grupo GET Request 1-321,text,true,,984,221,4,4,http://localhost:3000/logistics/tenderos/productos-disponibles?tiendaId=bbbbbbbb-bbbb-4bbb-8bbb-bbbbbbbbbbbb&zona=Zona%20Norte,79,0,0
1788744799782,76,GET Request,200,OK,Grupo GET Request 1-324,text,true,,984,221,3,3,http://localhost:3000/logistics/tenderos/productos-disponibles?tiendaId=bbbbbbbb-bbbb-4bbb-8bbb-bbbbbbbbbbbb&zona=Zona%20Norte,76,0,1
1788744799809,62,GET Request,200,OK,Grupo GET Request 1-322,text,true,,984,221,3,3,http://localhost:3000/logistics/tenderos/productos-disponibles?tiendaId=bbbbbbbb-bbbb-4bbb-8bbb-bbbbbbbbbbbb&zona=Zona%20Norte,62,0,0
1788744799812,66,GET Request,200,OK,Grupo GET Request 1-323,text,true,,984,221,3,3,http://localhost:3000/logistics/tenderos/productos-disponibles?tiendaId=bbbbbbbb-bbbb-4bbb-8bbb-bbbbbbbbbbbb&zona=Zona%20Norte,66,0,0
1788744799859,64,GET Request,200,OK,Grupo GET Request 1-324,text,true,,984,221,4,4,http://localhost:3000/logistics/tenderos/productos-disponibles?tiendaId=bbbbbbbb-bbbb-4bbb-8bbb-bbbbbbbbbbbb&zona=Zona%20Norte,64,0,0
1788744799872,63,GET Request,200,OK,Grupo GET Request 1-322,text,true,,984,221,4,4,http://localhost:3000/logistics/tenderos/productos-disponibles?tiendaId=bbbbbbbb-bbbb-4bbb-8bbb-bbbbbbbbbbbb&zona=Zona%20Norte,63,0,0
1788744799879,61,GET Request,200,OK,Grupo GET Request 1-323,text,true,,984,221,3,3,http://localhost:3000/logistics/tenderos/productos-disponibles?tiendaId=bbbbbbbb-bbbb-4bbb-8bbb-bbbbbbbbbbbb&zona=Zona%20Norte,61,0,0
1788744799894,77,GET Request,200,OK,Grupo GET Request 1-325,text,true,,984,221,3,3,http://localhost:3000/logistics/tenderos/productos-disponibles?tiendaId=bbbbbbbb-bbbb-4bbb-8bbb-bbbbbbbbbbbb&zona=Zona%20Norte,77,0,1
1788744799923,61,GET Request,200,OK,Grupo GET Request 1-324,text,true,,984,221,3,3,http://localhost:3000/logistics/tenderos/productos-disponibles?tiendaId=bbbbbbbb-bbbb-4bbb-8bbb-bbbbbbbbbbbb&zona=Zona%20Norte,61,0,0
1788744799940,66,GET Request,200,OK,Grupo GET Request 1-323,text,true,,984,221,4,4,http://localhost:3000/logistics/tenderos/productos-disponibles?tiendaId=bbbbbbbb-bbbb-4bbb-8bbb-bbbbbbbbbbbb&zona=Zona%20Norte,66,0,0
1788744799971,60,GET Request,200,OK,Grupo GET Request 1-325,text,true,,984,221,3,3,http://localhost:3000/logistics/tenderos/productos-disponibles?tiendaId=bbbbbbbb-bbbb-4bbb-8bbb-bbbbbbbbbbbb&zona=Zona%20Norte,60,0,0
1788744799985,61,GET Request,200,OK,Grupo GET Request 1-324,text,true,,984,221,3,3,http://localhost:3000/logistics/tenderos/productos-disponibles?tiendaId=bbbbbbbb-bbbb-4bbb-8bbb-bbbbbbbbbbbb&zona=Zona%20Norte,61,0,0
1788744800006,59,GET Request,200,OK,Grupo GET Request 1-326,text,true,,984,221,3,3,http://localhost:3000/logistics/tenderos/productos-disponibles?tiendaId=bbbbbbbb-bbbb-4bbb-8bbb-bbbbbbbbbbbb&zona=Zona%20Norte,59,0,1
1788744800032,60,GET Request,200,OK,Grupo GET Request 1-325,text,true,,984,221,3,3,http://localhost:3000/logistics/tenderos/productos-disponibles?tiendaId=bbbbbbbb-bbbb-4bbb-8bbb-bbbbbbbbbbbb&zona=Zona%20Norte,60,0,0
1788744800046,62,GET Request,200,OK,Grupo GET Request 1-324,text,true,,984,221,3,3,http://localhost:3000/logistics/tenderos/productos-disponibles?tiendaId=bbbbbbbb-bbbb-4bbb-8bbb-bbbbbbbbbbbb&zona=Zona%20Norte,62,0,0
1788744800065,58,GET Request,200,OK,Grupo GET Request 1-326,text,true,,984,221,3,3,http://localhost:3000/logistics/tenderos/productos-disponibles?tiendaId=bbbbbbbb-bbbb-4bbb-8bbb-bbbbbbbbbbbb&zona=Zona%20Norte,58,0,0
1788744800092,59,GET Request,200,OK,Grupo GET Request 1-325,text,true,,984,221,3,3,http://localhost:3000/logistics/tenderos/productos-disponibles?tiendaId=bbbbbbbb-bbbb-4bbb-8bbb-bbbbbbbbbbbb&zona=Zona%20Norte,59,0,0
1788744800111,57,GET Request,200,OK,Grupo GET Request 1-327,text,true,,984,221,3,3,http://localhost:3000/logistics/tenderos/productos-disponibles?tiendaId=bbbbbbbb-bbbb-4bbb-8bbb-bbbbbbbbbbbb&zona=Zona%20Norte,57,0,1
1788744800123,56,GET Request,200,OK,Grupo GET Request 1-326,text,true,,984,221,3,3,http://localhost:3000/logistics/tenderos/productos-disponibles?tiendaId=bbbbbbbb-bbbb-4bbb-8bbb-bbbbbbbbbbbb&zona=Zona%20Norte,56,0,0
1788744800151,55,GET Request,200,OK,Grupo GET Request 1-325,text,true,,984,221,3,3,http://localhost:3000/logistics/tenderos/productos-disponibles?tiendaId=bbbbbbbb-bbbb-4bbb-8bbb-bbbbbbbbbbbb&zona=Zona%20Norte,55,0,0
1788744800168,58,GET Request,200,OK,Grupo GET Request 1-327,text,true,,984,221,2,2,http://localhost:3000/logistics/tenderos/productos-disponibles?tiendaId=bbbbbbbb-bbbb-4bbb-8bbb-bbbbbbbbbbbb&zona=Zona%20Norte,58,0,0
1788744800179,56,GET Request,200,OK,Grupo GET Request 1-326,text,true,,984,221,3,3,http://localhost:3000/logistics/tenderos/productos-disponibles?tiendaId=bbbbbbbb-bbbb-4bbb-8bbb-bbbbbbbbbbbb&zona=Zona%20Norte,56,0,0
1788744800227,55,GET Request,200,OK,Grupo GET Request 1-328,text,true,,984,221,3,3,http://localhost:3000/logistics/tenderos/productos-disponibles?tiendaId=bbbbbbbb-bbbb-4bbb-8bbb-bbbbbbbbbbbb&zona=Zona%20Norte,55,0,0
1788744800226,57,GET Request,200,OK,Grupo GET Request 1-327,text,true,,984,221,3,3,http://localhost:3000/logistics/tenderos/productos-disponibles?tiendaId=bbbbbbbb-bbbb-4bbb-8bbb-bbbbbbbbbbbb&zona=Zona%20Norte,57,0,0
1788744800236,56,GET Request,200,OK,Grupo GET Request 1-326,text,true,,984,221,3,3,http://localhost:3000/logistics/tenderos/productos-disponibles?tiendaId=bbbbbbbb-bbbb-4bbb-8bbb-bbbbbbbbbbbb&zona=Zona%20Norte,56,0,0
1788744800283,56,GET Request,200,OK,Grupo GET Request 1-327,text,true,,984,221,3,3,http://localhost:3000/logistics/tenderos/productos-disponibles?tiendaId=bbbbbbbb-bbbb-4bbb-8bbb-bbbbbbbbbbbb&zona=Zona%20Norte,56,0,0
1788744800282,58,GET Request,200,OK,Grupo GET Request 1-328,text,true,,984,221,3,3,http://localhost:3000/logistics/tenderos/productos-disponibles?tiendaId=bbbbbbbb-bbbb-4bbb-8bbb-bbbbbbbbbbbb&zona=Zona%20Norte,58,0,0
1788744800334,57,GET Request,200,OK,Grupo GET Request 1-329,text,true,,984,221,3,3,http://localhost:3000/logistics/tenderos/productos-disponibles?tiendaId=bbbbbbbb-bbbb-4bbb-8bbb-bbbbbbbbbbbb&zona=Zona%20Norte,57,0,1
1788744800340,53,GET Request,200,OK,Grupo GET Request 1-328,text,true,,984,221,3,3,http://localhost:3000/logistics/tenderos/productos-disponibles?tiendaId=bbbbbbbb-bbbb-4bbb-8bbb-bbbbbbbbbbbb&zona=Zona%20Norte,53,0,0
1788744800340,55,GET Request,200,OK,Grupo GET Request 1-327,text,true,,984,221,3,3,http://localhost:3000/logistics/tenderos/productos-disponibles?tiendaId=bbbbbbbb-bbbb-4bbb-8bbb-bbbbbbbbbbbb&zona=Zona%20Norte,55,0,0
1788744800391,63,GET Request,200,OK,Grupo GET Request 1-329,text,true,,984,221,3,3,http://localhost:3000/logistics/tenderos/productos-disponibles?tiendaId=bbbbbbbb-bbbb-4bbb-8bbb-bbbbbbbbbbbb&zona=Zona%20Norte,63,0,0
1788744800394,60,GET Request,200,OK,Grupo GET Request 1-328,text,true,,984,221,3,3,http://localhost:3000/logistics/tenderos/productos-disponibles?tiendaId=bbbbbbbb-bbbb-4bbb-8bbb-bbbbbbbbbbbb&zona=Zona%20Norte,60,0,0
1788744800448,59,GET Request,200,OK,Grupo GET Request 1-330,text,true,,984,221,3,3,http://localhost:3000/logistics/tenderos/productos-disponibles?tiendaId=bbbbbbbb-bbbb-4bbb-8bbb-bbbbbbbbbbbb&zona=Zona%20Norte,59,0,0
1788744800455,57,GET Request,200,OK,Grupo GET Request 1-328,text,true,,984,221,3,3,http://localhost:3000/logistics/tenderos/productos-disponibles?tiendaId=bbbbbbbb-bbbb-4bbb-8bbb-bbbbbbbbbbbb&zona=Zona%20Norte,57,0,0
1788744800454,58,GET Request,200,OK,Grupo GET Request 1-329,text,true,,984,221,3,3,http://localhost:3000/logistics/tenderos/productos-disponibles?tiendaId=bbbbbbbb-bbbb-4bbb-8bbb-bbbbbbbbbbbb&zona=Zona%20Norte,58,0,0
1788744800507,58,GET Request,200,OK,Grupo GET Request 1-330,text,true,,984,221,3,3,http://localhost:3000/logistics/tenderos/productos-disponibles?tiendaId=bbbbbbbb-bbbb-4bbb-8bbb-bbbbbbbbbbbb&zona=Zona%20Norte,58,0,0
1788744800512,70,GET Request,200,OK,Grupo GET Request 1-329,text,true,,984,221,3,3,http://localhost:3000/logistics/tenderos/productos-disponibles?tiendaId=bbbbbbbb-bbbb-4bbb-8bbb-bbbbbbbbbbbb&zona=Zona%20Norte,70,0,0
1788744800559,63,GET Request,200,OK,Grupo GET Request 1-331,text,true,,984,221,3,3,http://localhost:3000/logistics/tenderos/productos-disponibles?tiendaId=bbbbbbbb-bbbb-4bbb-8bbb-bbbbbbbbbbbb&zona=Zona%20Norte,63,0,1
1788744800566,61,GET Request,200,OK,Grupo GET Request 1-330,text,true,,984,221,3,3,http://localhost:3000/logistics/tenderos/productos-disponibles?tiendaId=bbbbbbbb-bbbb-4bbb-8bbb-bbbbbbbbbbbb&zona=Zona%20Norte,61,0,0
1788744800582,62,GET Request,200,OK,Grupo GET Request 1-329,text,true,,984,221,3,3,http://localhost:3000/logistics/tenderos/productos-disponibles?tiendaId=bbbbbbbb-bbbb-4bbb-8bbb-bbbbbbbbbbbb&zona=Zona%20Norte,62,0,0
1788744800622,64,GET Request,200,OK,Grupo GET Request 1-331,text,true,,984,221,3,3,http://localhost:3000/logistics/tenderos/productos-disponibles?tiendaId=bbbbbbbb-bbbb-4bbb-8bbb-bbbbbbbbbbbb&zona=Zona%20Norte,64,0,0
1788744800628,65,GET Request,200,OK,Grupo GET Request 1-330,text,true,,984,221,3,3,http://localhost:3000/logistics/tenderos/productos-disponibles?tiendaId=bbbbbbbb-bbbb-4bbb-8bbb-bbbbbbbbbbbb&zona=Zona%20Norte,65,0,0
1788744800669,65,GET Request,200,OK,Grupo GET Request 1-332,text,true,,984,221,3,3,http://localhost:3000/logistics/tenderos/productos-disponibles?tiendaId=bbbbbbbb-bbbb-4bbb-8bbb-bbbbbbbbbbbb&zona=Zona%20Norte,65,0,0
1788744800686,56,GET Request,200,OK,Grupo GET Request 1-331,text,true,,984,221,3,3,http://localhost:3000/logistics/tenderos/productos-disponibles?tiendaId=bbbbbbbb-bbbb-4bbb-8bbb-bbbbbbbbbbbb&zona=Zona%20Norte,56,0,0
1788744800694,56,GET Request,200,OK,Grupo GET Request 1-330,text,true,,984,221,3,3,http://localhost:3000/logistics/tenderos/productos-disponibles?tiendaId=bbbbbbbb-bbbb-4bbb-8bbb-bbbbbbbbbbbb&zona=Zona%20Norte,56,0,0
1788744800735,56,GET Request,200,OK,Grupo GET Request 1-332,text,true,,984,221,3,3,http://localhost:3000/logistics/tenderos/productos-disponibles?tiendaId=bbbbbbbb-bbbb-4bbb-8bbb-bbbbbbbbbbbb&zona=Zona%20Norte,56,0,0
1788744800742,57,GET Request,200,OK,Grupo GET Request 1-331,text,true,,984,221,3,3,http://localhost:3000/logistics/tenderos/productos-disponibles?tiendaId=bbbbbbbb-bbbb-4bbb-8bbb-bbbbbbbbbbbb&zona=Zona%20Norte,57,0,0
1788744800779,59,GET Request,200,OK,Grupo GET Request 1-333,text,true,,984,221,3,3,http://localhost:3000/logistics/tenderos/productos-disponibles?tiendaId=bbbbbbbb-bbbb-4bbb-8bbb-bbbbbbbbbbbb&zona=Zona%20Norte,59,0,0
1788744800792,58,GET Request,200,OK,Grupo GET Request 1-332,text,true,,984,221,3,3,http://localhost:3000/logistics/tenderos/productos-disponibles?tiendaId=bbbbbbbb-bbbb-4bbb-8bbb-bbbbbbbbbbbb&zona=Zona%20Norte,58,0,0
1788744800799,59,GET Request,200,OK,Grupo GET Request 1-331,text,true,,984,221,3,3,http://localhost:3000/logistics/tenderos/productos-disponibles?tiendaId=bbbbbbbb-bbbb-4bbb-8bbb-bbbbbbbbbbbb&zona=Zona%20Norte,59,0,0
1788744800838,58,GET Request,200,OK,Grupo GET Request 1-333,text,true,,984,221,3,3,http://localhost:3000/logistics/tenderos/productos-disponibles?tiendaId=bbbbbbbb-bbbb-4bbb-8bbb-bbbbbbbbbbbb&zona=Zona%20Norte,58,0,0
1788744800850,58,GET Request,200,OK,Grupo GET Request 1-332,text,true,,984,221,3,3,http://localhost:3000/logistics/tenderos/productos-disponibles?tiendaId=bbbbbbbb-bbbb-4bbb-8bbb-bbbbbbbbbbbb&zona=Zona%20Norte,58,0,0
1788744800891,55,GET Request,200,OK,Grupo GET Request 1-334,text,true,,984,221,3,3,http://localhost:3000/logistics/tenderos/productos-disponibles?tiendaId=bbbbbbbb-bbbb-4bbb-8bbb-bbbbbbbbbbbb&zona=Zona%20Norte,55,0,0
1788744800897,56,GET Request,200,OK,Grupo GET Request 1-333,text,true,,984,221,3,3,http://localhost:3000/logistics/tenderos/productos-disponibles?tiendaId=bbbbbbbb-bbbb-4bbb-8bbb-bbbbbbbbbbbb&zona=Zona%20Norte,56,0,0
1788744800908,55,GET Request,200,OK,Grupo GET Request 1-332,text,true,,984,221,3,3,http://localhost:3000/logistics/tenderos/productos-disponibles?tiendaId=bbbbbbbb-bbbb-4bbb-8bbb-bbbbbbbbbbbb&zona=Zona%20Norte,55,0,0
1788744800946,57,GET Request,200,OK,Grupo GET Request 1-334,text,true,,984,221,3,3,http://localhost:3000/logistics/tenderos/productos-disponibles?tiendaId=bbbbbbbb-bbbb-4bbb-8bbb-bbbbbbbbbbbb&zona=Zona%20Norte,57,0,0
1788744800953,59,GET Request,200,OK,Grupo GET Request 1-333,text,true,,984,221,3,3,http://localhost:3000/logistics/tenderos/productos-disponibles?tiendaId=bbbbbbbb-bbbb-4bbb-8bbb-bbbbbbbbbbbb&zona=Zona%20Norte,59,0,0
1788744801001,61,GET Request,200,OK,Grupo GET Request 1-335,text,true,,984,221,3,3,http://localhost:3000/logistics/tenderos/productos-disponibles?tiendaId=bbbbbbbb-bbbb-4bbb-8bbb-bbbbbbbbbbbb&zona=Zona%20Norte,61,0,1
1788744801003,61,GET Request,200,OK,Grupo GET Request 1-334,text,true,,984,221,3,3,http://localhost:3000/logistics/tenderos/productos-disponibles?tiendaId=bbbbbbbb-bbbb-4bbb-8bbb-bbbbbbbbbbbb&zona=Zona%20Norte,61,0,0
1788744801013,59,GET Request,200,OK,Grupo GET Request 1-333,text,true,,984,221,3,3,http://localhost:3000/logistics/tenderos/productos-disponibles?tiendaId=bbbbbbbb-bbbb-4bbb-8bbb-bbbbbbbbbbbb&zona=Zona%20Norte,59,0,0
1788744801063,57,GET Request,200,OK,Grupo GET Request 1-335,text,true,,984,221,3,3,http://localhost:3000/logistics/tenderos/productos-disponibles?tiendaId=bbbbbbbb-bbbb-4bbb-8bbb-bbbbbbbbbbbb&zona=Zona%20Norte,57,0,0
1788744801065,57,GET Request,200,OK,Grupo GET Request 1-334,text,true,,984,221,3,3,http://localhost:3000/logistics/tenderos/productos-disponibles?tiendaId=bbbbbbbb-bbbb-4bbb-8bbb-bbbbbbbbbbbb&zona=Zona%20Norte,57,0,0
1788744801110,57,GET Request,200,OK,Grupo GET Request 1-336,text,true,,984,221,3,3,http://localhost:3000/logistics/tenderos/productos-disponibles?tiendaId=bbbbbbbb-bbbb-4bbb-8bbb-bbbbbbbbbbbb&zona=Zona%20Norte,57,0,0
1788744801122,54,GET Request,200,OK,Grupo GET Request 1-334,text,true,,984,221,3,3,http://localhost:3000/logistics/tenderos/productos-disponibles?tiendaId=bbbbbbbb-bbbb-4bbb-8bbb-bbbbbbbbbbbb&zona=Zona%20Norte,54,0,0
1788744801120,58,GET Request,200,OK,Grupo GET Request 1-335,text,true,,984,221,2,2,http://localhost:3000/logistics/tenderos/productos-disponibles?tiendaId=bbbbbbbb-bbbb-4bbb-8bbb-bbbbbbbbbbbb&zona=Zona%20Norte,58,0,0
1788744801167,61,GET Request,200,OK,Grupo GET Request 1-336,text,true,,984,221,3,3,http://localhost:3000/logistics/tenderos/productos-disponibles?tiendaId=bbbbbbbb-bbbb-4bbb-8bbb-bbbbbbbbbbbb&zona=Zona%20Norte,61,0,0
1788744801179,62,GET Request,200,OK,Grupo GET Request 1-335,text,true,,984,221,3,3,http://localhost:3000/logistics/tenderos/productos-disponibles?tiendaId=bbbbbbbb-bbbb-4bbb-8bbb-bbbbbbbbbbbb&zona=Zona%20Norte,62,0,0
1788744801222,59,GET Request,200,OK,Grupo GET Request 1-337,text,true,,984,221,3,3,http://localhost:3000/logistics/tenderos/productos-disponibles?tiendaId=bbbbbbbb-bbbb-4bbb-8bbb-bbbbbbbbbbbb&zona=Zona%20Norte,59,0,1
1788744801228,60,GET Request,200,OK,Grupo GET Request 1-336,text,true,,984,221,3,3,http://localhost:3000/logistics/tenderos/productos-disponibles?tiendaId=bbbbbbbb-bbbb-4bbb-8bbb-bbbbbbbbbbbb&zona=Zona%20Norte,60,0,0
1788744801241,60,GET Request,200,OK,Grupo GET Request 1-335,text,true,,984,221,3,3,http://localhost:3000/logistics/tenderos/productos-disponibles?tiendaId=bbbbbbbb-bbbb-4bbb-8bbb-bbbbbbbbbbbb&zona=Zona%20Norte,60,0,0
1788744801281,54,GET Request,200,OK,Grupo GET Request 1-337,text,true,,984,221,3,3,http://localhost:3000/logistics/tenderos/productos-disponibles?tiendaId=bbbbbbbb-bbbb-4bbb-8bbb-bbbbbbbbbbbb&zona=Zona%20Norte,54,0,0
1788744801289,53,GET Request,200,OK,Grupo GET Request 1-336,text,true,,984,221,3,3,http://localhost:3000/logistics/tenderos/productos-disponibles?tiendaId=bbbbbbbb-bbbb-4bbb-8bbb-bbbbbbbbbbbb&zona=Zona%20Norte,53,0,0
1788744801332,57,GET Request,200,OK,Grupo GET Request 1-338,text,true,,984,221,3,3,http://localhost:3000/logistics/tenderos/productos-disponibles?tiendaId=bbbbbbbb-bbbb-4bbb-8bbb-bbbbbbbbbbbb&zona=Zona%20Norte,57,0,0
1788744801336,56,GET Request,200,OK,Grupo GET Request 1-337,text,true,,984,221,3,3,http://localhost:3000/logistics/tenderos/productos-disponibles?tiendaId=bbbbbbbb-bbbb-4bbb-8bbb-bbbbbbbbbbbb&zona=Zona%20Norte,56,0,0
1788744801342,61,GET Request,200,OK,Grupo GET Request 1-336,text,true,,984,221,3,3,http://localhost:3000/logistics/tenderos/productos-disponibles?tiendaId=bbbbbbbb-bbbb-4bbb-8bbb-bbbbbbbbbbbb&zona=Zona%20Norte,61,0,0
1788744801389,61,GET Request,200,OK,Grupo GET Request 1-338,text,true,,984,221,3,3,http://localhost:3000/logistics/tenderos/productos-disponibles?tiendaId=bbbbbbbb-bbbb-4bbb-8bbb-bbbbbbbbbbbb&zona=Zona%20Norte,61,0,0
1788744801392,61,GET Request,200,OK,Grupo GET Request 1-337,text,true,,984,221,3,3,http://localhost:3000/logistics/tenderos/productos-disponibles?tiendaId=bbbbbbbb-bbbb-4bbb-8bbb-bbbbbbbbbbbb&zona=Zona%20Norte,61,0,0
1788744801450,55,GET Request,200,OK,Grupo GET Request 1-338,text,true,,984,221,3,3,http://localhost:3000/logistics/tenderos/productos-disponibles?tiendaId=bbbbbbbb-bbbb-4bbb-8bbb-bbbbbbbbbbbb&zona=Zona%20Norte,55,0,0
1788744801449,58,GET Request,200,OK,Grupo GET Request 1-339,text,true,,984,221,3,3,http://localhost:3000/logistics/tenderos/productos-disponibles?tiendaId=bbbbbbbb-bbbb-4bbb-8bbb-bbbbbbbbbbbb&zona=Zona%20Norte,58,0,0
1788744801453,55,GET Request,200,OK,Grupo GET Request 1-337,text,true,,984,221,3,3,http://localhost:3000/logistics/tenderos/productos-disponibles?tiendaId=bbbbbbbb-bbbb-4bbb-8bbb-bbbbbbbbbbbb&zona=Zona%20Norte,55,0,0
1788744801505,60,GET Request,200,OK,Grupo GET Request 1-338,text,true,,984,221,3,3,http://localhost:3000/logistics/tenderos/productos-disponibles?tiendaId=bbbbbbbb-bbbb-4bbb-8bbb-bbbbbbbbbbbb&zona=Zona%20Norte,60,0,0
1788744801507,64,GET Request,200,OK,Grupo GET Request 1-339,text,true,,984,221,3,3,http://localhost:3000/logistics/tenderos/productos-disponibles?tiendaId=bbbbbbbb-bbbb-4bbb-8bbb-bbbbbbbbbbbb&zona=Zona%20Norte,64,0,0
1788744801558,58,GET Request,200,OK,Grupo GET Request 1-340,text,true,,984,221,3,3,http://localhost:3000/logistics/tenderos/productos-disponibles?tiendaId=bbbbbbbb-bbbb-4bbb-8bbb-bbbbbbbbbbbb&zona=Zona%20Norte,58,0,1
1788744801566,60,GET Request,200,OK,Grupo GET Request 1-338,text,true,,984,221,3,3,http://localhost:3000/logistics/tenderos/productos-disponibles?tiendaId=bbbbbbbb-bbbb-4bbb-8bbb-bbbbbbbbbbbb&zona=Zona%20Norte,60,0,0
1788744801571,58,GET Request,200,OK,Grupo GET Request 1-339,text,true,,984,221,2,2,http://localhost:3000/logistics/tenderos/productos-disponibles?tiendaId=bbbbbbbb-bbbb-4bbb-8bbb-bbbbbbbbbbbb&zona=Zona%20Norte,58,0,0
1788744801616,60,GET Request,200,OK,Grupo GET Request 1-340,text,true,,984,221,3,3,http://localhost:3000/logistics/tenderos/productos-disponibles?tiendaId=bbbbbbbb-bbbb-4bbb-8bbb-bbbbbbbbbbbb&zona=Zona%20Norte,60,0,0
1788744801629,60,GET Request,200,OK,Grupo GET Request 1-339,text,true,,984,221,3,3,http://localhost:3000/logistics/tenderos/productos-disponibles?tiendaId=bbbbbbbb-bbbb-4bbb-8bbb-bbbbbbbbbbbb&zona=Zona%20Norte,60,0,0
1788744801667,59,GET Request,200,OK,Grupo GET Request 1-341,text,true,,984,221,3,3,http://localhost:3000/logistics/tenderos/productos-disponibles?tiendaId=bbbbbbbb-bbbb-4bbb-8bbb-bbbbbbbbbbbb&zona=Zona%20Norte,59,0,0
1788744801677,57,GET Request,200,OK,Grupo GET Request 1-340,text,true,,984,221,3,3,http://localhost:3000/logistics/tenderos/productos-disponibles?tiendaId=bbbbbbbb-bbbb-4bbb-8bbb-bbbbbbbbbbbb&zona=Zona%20Norte,57,0,0
1788744801689,63,GET Request,200,OK,Grupo GET Request 1-339,text,true,,984,221,3,3,http://localhost:3000/logistics/tenderos/productos-disponibles?tiendaId=bbbbbbbb-bbbb-4bbb-8bbb-bbbbbbbbbbbb&zona=Zona%20Norte,63,0,0
1788744801727,61,GET Request,200,OK,Grupo GET Request 1-341,text,true,,984,221,3,3,http://localhost:3000/logistics/tenderos/productos-disponibles?tiendaId=bbbbbbbb-bbbb-4bbb-8bbb-bbbbbbbbbbbb&zona=Zona%20Norte,61,0,0
1788744801734,59,GET Request,200,OK,Grupo GET Request 1-340,text,true,,984,221,3,3,http://localhost:3000/logistics/tenderos/productos-disponibles?tiendaId=bbbbbbbb-bbbb-4bbb-8bbb-bbbbbbbbbbbb&zona=Zona%20Norte,59,0,0
1788744801780,73,GET Request,200,OK,Grupo GET Request 1-342,text,true,,984,221,3,3,http://localhost:3000/logistics/tenderos/productos-disponibles?tiendaId=bbbbbbbb-bbbb-4bbb-8bbb-bbbbbbbbbbbb&zona=Zona%20Norte,73,0,1
1788744801788,72,GET Request,200,OK,Grupo GET Request 1-341,text,true,,984,221,3,3,http://localhost:3000/logistics/tenderos/productos-disponibles?tiendaId=bbbbbbbb-bbbb-4bbb-8bbb-bbbbbbbbbbbb&zona=Zona%20Norte,72,0,0
1788744801793,71,GET Request,200,OK,Grupo GET Request 1-340,text,true,,984,221,3,3,http://localhost:3000/logistics/tenderos/productos-disponibles?tiendaId=bbbbbbbb-bbbb-4bbb-8bbb-bbbbbbbbbbbb&zona=Zona%20Norte,71,0,0
1788744801853,71,GET Request,200,OK,Grupo GET Request 1-342,text,true,,984,221,3,3,http://localhost:3000/logistics/tenderos/productos-disponibles?tiendaId=bbbbbbbb-bbbb-4bbb-8bbb-bbbbbbbbbbbb&zona=Zona%20Norte,71,0,0
1788744801861,78,GET Request,200,OK,Grupo GET Request 1-341,text,true,,984,221,3,3,http://localhost:3000/logistics/tenderos/productos-disponibles?tiendaId=bbbbbbbb-bbbb-4bbb-8bbb-bbbbbbbbbbbb&zona=Zona%20Norte,78,0,0
1788744801892,75,GET Request,200,OK,Grupo GET Request 1-343,text,true,,984,221,3,3,http://localhost:3000/logistics/tenderos/productos-disponibles?tiendaId=bbbbbbbb-bbbb-4bbb-8bbb-bbbbbbbbbbbb&zona=Zona%20Norte,75,0,1
1788744801924,70,GET Request,200,OK,Grupo GET Request 1-342,text,true,,984,221,3,3,http://localhost:3000/logistics/tenderos/productos-disponibles?tiendaId=bbbbbbbb-bbbb-4bbb-8bbb-bbbbbbbbbbbb&zona=Zona%20Norte,70,0,0
1788744801939,67,GET Request,200,OK,Grupo GET Request 1-341,text,true,,984,221,4,4,http://localhost:3000/logistics/tenderos/productos-disponibles?tiendaId=bbbbbbbb-bbbb-4bbb-8bbb-bbbbbbbbbbbb&zona=Zona%20Norte,67,0,0
1788744801967,64,GET Request,200,OK,Grupo GET Request 1-343,text,true,,984,221,3,3,http://localhost:3000/logistics/tenderos/productos-disponibles?tiendaId=bbbbbbbb-bbbb-4bbb-8bbb-bbbbbbbbbbbb&zona=Zona%20Norte,64,0,0
1788744801994,60,GET Request,200,OK,Grupo GET Request 1-342,text,true,,984,221,3,3,http://localhost:3000/logistics/tenderos/productos-disponibles?tiendaId=bbbbbbbb-bbbb-4bbb-8bbb-bbbbbbbbbbbb&zona=Zona%20Norte,60,0,0
1788744802003,65,GET Request,200,OK,Grupo GET Request 1-344,text,true,,984,221,3,3,http://localhost:3000/logistics/tenderos/productos-disponibles?tiendaId=bbbbbbbb-bbbb-4bbb-8bbb-bbbbbbbbbbbb&zona=Zona%20Norte,65,0,1
1788744802032,59,GET Request,200,OK,Grupo GET Request 1-343,text,true,,984,221,3,3,http://localhost:3000/logistics/tenderos/productos-disponibles?tiendaId=bbbbbbbb-bbbb-4bbb-8bbb-bbbbbbbbbbbb&zona=Zona%20Norte,59,0,0
1788744802055,59,GET Request,200,OK,Grupo GET Request 1-342,text,true,,984,221,4,4,http://localhost:3000/logistics/tenderos/productos-disponibles?tiendaId=bbbbbbbb-bbbb-4bbb-8bbb-bbbbbbbbbbbb&zona=Zona%20Norte,59,0,0
1788744802068,86,GET Request,200,OK,Grupo GET Request 1-344,text,true,,984,221,3,3,http://localhost:3000/logistics/tenderos/productos-disponibles?tiendaId=bbbbbbbb-bbbb-4bbb-8bbb-bbbbbbbbbbbb&zona=Zona%20Norte,86,0,0
1788744802091,77,GET Request,200,OK,Grupo GET Request 1-343,text,true,,984,221,3,3,http://localhost:3000/logistics/tenderos/productos-disponibles?tiendaId=bbbbbbbb-bbbb-4bbb-8bbb-bbbbbbbbbbbb&zona=Zona%20Norte,77,0,0
1788744802114,71,GET Request,200,OK,Grupo GET Request 1-345,text,true,,984,221,3,3,http://localhost:3000/logistics/tenderos/productos-disponibles?tiendaId=bbbbbbbb-bbbb-4bbb-8bbb-bbbbbbbbbbbb&zona=Zona%20Norte,70,0,0
1788744802155,68,GET Request,200,OK,Grupo GET Request 1-344,text,true,,984,221,3,3,http://localhost:3000/logistics/tenderos/productos-disponibles?tiendaId=bbbbbbbb-bbbb-4bbb-8bbb-bbbbbbbbbbbb&zona=Zona%20Norte,68,0,0
1788744802169,67,GET Request,200,OK,Grupo GET Request 1-343,text,true,,984,221,4,4,http://localhost:3000/logistics/tenderos/productos-disponibles?tiendaId=bbbbbbbb-bbbb-4bbb-8bbb-bbbbbbbbbbbb&zona=Zona%20Norte,67,0,0
1788744802185,69,GET Request,200,OK,Grupo GET Request 1-345,text,true,,984,221,3,3,http://localhost:3000/logistics/tenderos/productos-disponibles?tiendaId=bbbbbbbb-bbbb-4bbb-8bbb-bbbbbbbbbbbb&zona=Zona%20Norte,69,0,0
1788744802224,84,GET Request,200,OK,Grupo GET Request 1-346,text,true,,984,221,3,3,http://localhost:3000/logistics/tenderos/productos-disponibles?tiendaId=bbbbbbbb-bbbb-4bbb-8bbb-bbbbbbbbbbbb&zona=Zona%20Norte,84,0,0
1788744802223,89,GET Request,200,OK,Grupo GET Request 1-344,text,true,,984,221,3,3,http://localhost:3000/logistics/tenderos/productos-disponibles?tiendaId=bbbbbbbb-bbbb-4bbb-8bbb-bbbbbbbbbbbb&zona=Zona%20Norte,88,0,0
1788744802255,77,GET Request,200,OK,Grupo GET Request 1-345,text,true,,984,221,3,3,http://localhost:3000/logistics/tenderos/productos-disponibles?tiendaId=bbbbbbbb-bbbb-4bbb-8bbb-bbbbbbbbbbbb&zona=Zona%20Norte,77,0,0
1788744802308,67,GET Request,200,OK,Grupo GET Request 1-346,text,true,,984,221,4,4,http://localhost:3000/logistics/tenderos/productos-disponibles?tiendaId=bbbbbbbb-bbbb-4bbb-8bbb-bbbbbbbbbbbb&zona=Zona%20Norte,67,0,0
1788744802312,68,GET Request,200,OK,Grupo GET Request 1-344,text,true,,984,221,4,4,http://localhost:3000/logistics/tenderos/productos-disponibles?tiendaId=bbbbbbbb-bbbb-4bbb-8bbb-bbbbbbbbbbbb&zona=Zona%20Norte,68,0,0
1788744802332,69,GET Request,200,OK,Grupo GET Request 1-345,text,true,,984,221,3,3,http://localhost:3000/logistics/tenderos/productos-disponibles?tiendaId=bbbbbbbb-bbbb-4bbb-8bbb-bbbbbbbbbbbb&zona=Zona%20Norte,69,0,0
1788744802336,72,GET Request,200,OK,Grupo GET Request 1-347,text,true,,984,221,3,3,http://localhost:3000/logistics/tenderos/productos-disponibles?tiendaId=bbbbbbbb-bbbb-4bbb-8bbb-bbbbbbbbbbbb&zona=Zona%20Norte,72,0,1
1788744802376,64,GET Request,200,OK,Grupo GET Request 1-346,text,true,,984,221,3,3,http://localhost:3000/logistics/tenderos/productos-disponibles?tiendaId=bbbbbbbb-bbbb-4bbb-8bbb-bbbbbbbbbbbb&zona=Zona%20Norte,64,0,0
1788744802402,57,GET Request,200,OK,Grupo GET Request 1-345,text,true,,984,221,4,4,http://localhost:3000/logistics/tenderos/productos-disponibles?tiendaId=bbbbbbbb-bbbb-4bbb-8bbb-bbbbbbbbbbbb&zona=Zona%20Norte,57,0,0
1788744802408,60,GET Request,200,OK,Grupo GET Request 1-347,text,true,,984,221,3,3,http://localhost:3000/logistics/tenderos/productos-disponibles?tiendaId=bbbbbbbb-bbbb-4bbb-8bbb-bbbbbbbbbbbb&zona=Zona%20Norte,60,0,0
1788744802440,57,GET Request,200,OK,Grupo GET Request 1-346,text,true,,984,221,3,3,http://localhost:3000/logistics/tenderos/productos-disponibles?tiendaId=bbbbbbbb-bbbb-4bbb-8bbb-bbbbbbbbbbbb&zona=Zona%20Norte,57,0,0
1788744802441,58,GET Request,200,OK,Grupo GET Request 1-348,text,true,,984,221,3,3,http://localhost:3000/logistics/tenderos/productos-disponibles?tiendaId=bbbbbbbb-bbbb-4bbb-8bbb-bbbbbbbbbbbb&zona=Zona%20Norte,58,0,1
1788744802468,57,GET Request,200,OK,Grupo GET Request 1-347,text,true,,984,221,3,3,http://localhost:3000/logistics/tenderos/productos-disponibles?tiendaId=bbbbbbbb-bbbb-4bbb-8bbb-bbbbbbbbbbbb&zona=Zona%20Norte,57,0,0
1788744802498,58,GET Request,200,OK,Grupo GET Request 1-346,text,true,,984,221,4,4,http://localhost:3000/logistics/tenderos/productos-disponibles?tiendaId=bbbbbbbb-bbbb-4bbb-8bbb-bbbbbbbbbbbb&zona=Zona%20Norte,58,0,0
1788744802499,57,GET Request,200,OK,Grupo GET Request 1-348,text,true,,984,221,3,3,http://localhost:3000/logistics/tenderos/productos-disponibles?tiendaId=bbbbbbbb-bbbb-4bbb-8bbb-bbbbbbbbbbbb&zona=Zona%20Norte,57,0,0
1788744802525,56,GET Request,200,OK,Grupo GET Request 1-347,text,true,,984,221,3,3,http://localhost:3000/logistics/tenderos/productos-disponibles?tiendaId=bbbbbbbb-bbbb-4bbb-8bbb-bbbbbbbbbbbb&zona=Zona%20Norte,56,0,0
1788744802556,55,GET Request,200,OK,Grupo GET Request 1-348,text,true,,984,221,3,3,http://localhost:3000/logistics/tenderos/productos-disponibles?tiendaId=bbbbbbbb-bbbb-4bbb-8bbb-bbbbbbbbbbbb&zona=Zona%20Norte,55,0,0
1788744802556,55,GET Request,200,OK,Grupo GET Request 1-349,text,true,,984,221,3,3,http://localhost:3000/logistics/tenderos/productos-disponibles?tiendaId=bbbbbbbb-bbbb-4bbb-8bbb-bbbbbbbbbbbb&zona=Zona%20Norte,55,0,0
1788744802581,56,GET Request,200,OK,Grupo GET Request 1-347,text,true,,984,221,3,3,http://localhost:3000/logistics/tenderos/productos-disponibles?tiendaId=bbbbbbbb-bbbb-4bbb-8bbb-bbbbbbbbbbbb&zona=Zona%20Norte,56,0,0
1788744802611,56,GET Request,200,OK,Grupo GET Request 1-348,text,true,,984,221,3,3,http://localhost:3000/logistics/tenderos/productos-disponibles?tiendaId=bbbbbbbb-bbbb-4bbb-8bbb-bbbbbbbbbbbb&zona=Zona%20Norte,56,0,0
1788744802612,61,GET Request,200,OK,Grupo GET Request 1-349,text,true,,984,221,3,3,http://localhost:3000/logistics/tenderos/productos-disponibles?tiendaId=bbbbbbbb-bbbb-4bbb-8bbb-bbbbbbbbbbbb&zona=Zona%20Norte,61,0,0
1788744802667,56,GET Request,200,OK,Grupo GET Request 1-348,text,true,,984,221,3,3,http://localhost:3000/logistics/tenderos/productos-disponibles?tiendaId=bbbbbbbb-bbbb-4bbb-8bbb-bbbbbbbbbbbb&zona=Zona%20Norte,56,0,0
1788744802667,60,GET Request,200,OK,Grupo GET Request 1-350,text,true,,984,221,2,2,http://localhost:3000/logistics/tenderos/productos-disponibles?tiendaId=bbbbbbbb-bbbb-4bbb-8bbb-bbbbbbbbbbbb&zona=Zona%20Norte,60,0,1
1788744802674,61,GET Request,200,OK,Grupo GET Request 1-349,text,true,,984,221,2,2,http://localhost:3000/logistics/tenderos/productos-disponibles?tiendaId=bbbbbbbb-bbbb-4bbb-8bbb-bbbbbbbbbbbb&zona=Zona%20Norte,61,0,0
1788744802727,59,GET Request,200,OK,Grupo GET Request 1-350,text,true,,984,221,3,3,http://localhost:3000/logistics/tenderos/productos-disponibles?tiendaId=bbbbbbbb-bbbb-4bbb-8bbb-bbbbbbbbbbbb&zona=Zona%20Norte,59,0,0
1788744802736,61,GET Request,200,OK,Grupo GET Request 1-349,text,true,,984,221,3,3,http://localhost:3000/logistics/tenderos/productos-disponibles?tiendaId=bbbbbbbb-bbbb-4bbb-8bbb-bbbbbbbbbbbb&zona=Zona%20Norte,61,0,0
1788744802779,61,GET Request,200,OK,Grupo GET Request 1-351,text,true,,984,221,3,3,http://localhost:3000/logistics/tenderos/productos-disponibles?tiendaId=bbbbbbbb-bbbb-4bbb-8bbb-bbbbbbbbbbbb&zona=Zona%20Norte,61,0,1
1788744802786,62,GET Request,200,OK,Grupo GET Request 1-350,text,true,,984,221,3,3,http://localhost:3000/logistics/tenderos/productos-disponibles?tiendaId=bbbbbbbb-bbbb-4bbb-8bbb-bbbbbbbbbbbb&zona=Zona%20Norte,62,0,0
1788744802797,63,GET Request,200,OK,Grupo GET Request 1-349,text,true,,984,221,3,3,http://localhost:3000/logistics/tenderos/productos-disponibles?tiendaId=bbbbbbbb-bbbb-4bbb-8bbb-bbbbbbbbbbbb&zona=Zona%20Norte,63,0,0
1788744802840,67,GET Request,200,OK,Grupo GET Request 1-351,text,true,,984,221,3,3,http://localhost:3000/logistics/tenderos/productos-disponibles?tiendaId=bbbbbbbb-bbbb-4bbb-8bbb-bbbbbbbbbbbb&zona=Zona%20Norte,67,0,0
1788744802848,64,GET Request,200,OK,Grupo GET Request 1-350,text,true,,984,221,3,3,http://localhost:3000/logistics/tenderos/productos-disponibles?tiendaId=bbbbbbbb-bbbb-4bbb-8bbb-bbbbbbbbbbbb&zona=Zona%20Norte,64,0,0
1788744802891,63,GET Request,200,OK,Grupo GET Request 1-352,text,true,,984,221,3,3,http://localhost:3000/logistics/tenderos/productos-disponibles?tiendaId=bbbbbbbb-bbbb-4bbb-8bbb-bbbbbbbbbbbb&zona=Zona%20Norte,63,0,1
1788744802913,60,GET Request,200,OK,Grupo GET Request 1-350,text,true,,984,221,3,3,http://localhost:3000/logistics/tenderos/productos-disponibles?tiendaId=bbbbbbbb-bbbb-4bbb-8bbb-bbbbbbbbbbbb&zona=Zona%20Norte,60,0,0
1788744802907,66,GET Request,200,OK,Grupo GET Request 1-351,text,true,,984,221,2,2,http://localhost:3000/logistics/tenderos/productos-disponibles?tiendaId=bbbbbbbb-bbbb-4bbb-8bbb-bbbbbbbbbbbb&zona=Zona%20Norte,66,0,0
1788744802973,58,GET Request,200,OK,Grupo GET Request 1-351,text,true,,984,221,3,3,http://localhost:3000/logistics/tenderos/productos-disponibles?tiendaId=bbbbbbbb-bbbb-4bbb-8bbb-bbbbbbbbbbbb&zona=Zona%20Norte,58,0,0
1788744802954,78,GET Request,200,OK,Grupo GET Request 1-352,text,true,,984,221,3,3,http://localhost:3000/logistics/tenderos/productos-disponibles?tiendaId=bbbbbbbb-bbbb-4bbb-8bbb-bbbbbbbbbbbb&zona=Zona%20Norte,78,0,0
1788744803001,57,GET Request,200,OK,Grupo GET Request 1-353,text,true,,984,221,3,3,http://localhost:3000/logistics/tenderos/productos-disponibles?tiendaId=bbbbbbbb-bbbb-4bbb-8bbb-bbbbbbbbbbbb&zona=Zona%20Norte,57,0,0
1788744803032,55,GET Request,200,OK,Grupo GET Request 1-352,text,true,,984,221,3,3,http://localhost:3000/logistics/tenderos/productos-disponibles?tiendaId=bbbbbbbb-bbbb-4bbb-8bbb-bbbbbbbbbbbb&zona=Zona%20Norte,55,0,0
1788744803031,59,GET Request,200,OK,Grupo GET Request 1-351,text,true,,984,221,3,3,http://localhost:3000/logistics/tenderos/productos-disponibles?tiendaId=bbbbbbbb-bbbb-4bbb-8bbb-bbbbbbbbbbbb&zona=Zona%20Norte,59,0,0
1788744803058,61,GET Request,200,OK,Grupo GET Request 1-353,text,true,,984,221,3,3,http://localhost:3000/logistics/tenderos/productos-disponibles?tiendaId=bbbbbbbb-bbbb-4bbb-8bbb-bbbbbbbbbbbb&zona=Zona%20Norte,61,0,0
1788744803088,59,GET Request,200,OK,Grupo GET Request 1-352,text,true,,984,221,3,3,http://localhost:3000/logistics/tenderos/productos-disponibles?tiendaId=bbbbbbbb-bbbb-4bbb-8bbb-bbbbbbbbbbbb&zona=Zona%20Norte,59,0,0
1788744803109,60,GET Request,200,OK,Grupo GET Request 1-354,text,true,,984,221,3,3,http://localhost:3000/logistics/tenderos/productos-disponibles?tiendaId=bbbbbbbb-bbbb-4bbb-8bbb-bbbbbbbbbbbb&zona=Zona%20Norte,60,0,0
1788744803119,59,GET Request,200,OK,Grupo GET Request 1-353,text,true,,984,221,3,3,http://localhost:3000/logistics/tenderos/productos-disponibles?tiendaId=bbbbbbbb-bbbb-4bbb-8bbb-bbbbbbbbbbbb&zona=Zona%20Norte,59,0,0
1788744803147,57,GET Request,200,OK,Grupo GET Request 1-352,text,true,,984,221,3,3,http://localhost:3000/logistics/tenderos/productos-disponibles?tiendaId=bbbbbbbb-bbbb-4bbb-8bbb-bbbbbbbbbbbb&zona=Zona%20Norte,57,0,0
1788744803169,62,GET Request,200,OK,Grupo GET Request 1-354,text,true,,984,221,3,3,http://localhost:3000/logistics/tenderos/productos-disponibles?tiendaId=bbbbbbbb-bbbb-4bbb-8bbb-bbbbbbbbbbbb&zona=Zona%20Norte,62,0,0
1788744803179,56,GET Request,200,OK,Grupo GET Request 1-353,text,true,,984,221,3,3,http://localhost:3000/logistics/tenderos/productos-disponibles?tiendaId=bbbbbbbb-bbbb-4bbb-8bbb-bbbbbbbbbbbb&zona=Zona%20Norte,56,0,0
1788744803221,57,GET Request,200,OK,Grupo GET Request 1-355,text,true,,984,221,3,3,http://localhost:3000/logistics/tenderos/productos-disponibles?tiendaId=bbbbbbbb-bbbb-4bbb-8bbb-bbbbbbbbbbbb&zona=Zona%20Norte,57,0,0
1788744803231,56,GET Request,200,OK,Grupo GET Request 1-354,text,true,,984,221,3,3,http://localhost:3000/logistics/tenderos/productos-disponibles?tiendaId=bbbbbbbb-bbbb-4bbb-8bbb-bbbbbbbbbbbb&zona=Zona%20Norte,56,0,0
1788744803235,56,GET Request,200,OK,Grupo GET Request 1-353,text,true,,984,221,3,3,http://localhost:3000/logistics/tenderos/productos-disponibles?tiendaId=bbbbbbbb-bbbb-4bbb-8bbb-bbbbbbbbbbbb&zona=Zona%20Norte,56,0,0
1788744803278,58,GET Request,200,OK,Grupo GET Request 1-355,text,true,,984,221,3,3,http://localhost:3000/logistics/tenderos/productos-disponibles?tiendaId=bbbbbbbb-bbbb-4bbb-8bbb-bbbbbbbbbbbb&zona=Zona%20Norte,58,0,0
1788744803287,61,GET Request,200,OK,Grupo GET Request 1-354,text,true,,984,221,3,3,http://localhost:3000/logistics/tenderos/productos-disponibles?tiendaId=bbbbbbbb-bbbb-4bbb-8bbb-bbbbbbbbbbbb&zona=Zona%20Norte,61,0,0
1788744803336,56,GET Request,200,OK,Grupo GET Request 1-355,text,true,,984,221,3,3,http://localhost:3000/logistics/tenderos/productos-disponibles?tiendaId=bbbbbbbb-bbbb-4bbb-8bbb-bbbbbbbbbbbb&zona=Zona%20Norte,56,0,0
1788744803331,62,GET Request,200,OK,Grupo GET Request 1-356,text,true,,984,221,3,3,http://localhost:3000/logistics/tenderos/productos-disponibles?tiendaId=bbbbbbbb-bbbb-4bbb-8bbb-bbbbbbbbbbbb&zona=Zona%20Norte,62,0,1
1788744803349,54,GET Request,200,OK,Grupo GET Request 1-354,text,true,,984,221,3,3,http://localhost:3000/logistics/tenderos/productos-disponibles?tiendaId=bbbbbbbb-bbbb-4bbb-8bbb-bbbbbbbbbbbb&zona=Zona%20Norte,54,0,0
1788744803394,55,GET Request,200,OK,Grupo GET Request 1-356,text,true,,984,221,3,3,http://localhost:3000/logistics/tenderos/productos-disponibles?tiendaId=bbbbbbbb-bbbb-4bbb-8bbb-bbbbbbbbbbbb&zona=Zona%20Norte,55,0,0
1788744803392,59,GET Request,200,OK,Grupo GET Request 1-355,text,true,,984,221,3,3,http://localhost:3000/logistics/tenderos/productos-disponibles?tiendaId=bbbbbbbb-bbbb-4bbb-8bbb-bbbbbbbbbbbb&zona=Zona%20Norte,59,0,0
1788744803444,61,GET Request,200,OK,Grupo GET Request 1-357,text,true,,984,221,3,3,http://localhost:3000/logistics/tenderos/productos-disponibles?tiendaId=bbbbbbbb-bbbb-4bbb-8bbb-bbbbbbbbbbbb&zona=Zona%20Norte,61,0,0
1788744803451,55,GET Request,200,OK,Grupo GET Request 1-355,text,true,,984,221,3,3,http://localhost:3000/logistics/tenderos/productos-disponibles?tiendaId=bbbbbbbb-bbbb-4bbb-8bbb-bbbbbbbbbbbb&zona=Zona%20Norte,55,0,0
1788744803449,60,GET Request,200,OK,Grupo GET Request 1-356,text,true,,984,221,2,2,http://localhost:3000/logistics/tenderos/productos-disponibles?tiendaId=bbbbbbbb-bbbb-4bbb-8bbb-bbbbbbbbbbbb&zona=Zona%20Norte,60,0,0
1788744803506,56,GET Request,200,OK,Grupo GET Request 1-357,text,true,,984,221,3,3,http://localhost:3000/logistics/tenderos/productos-disponibles?tiendaId=bbbbbbbb-bbbb-4bbb-8bbb-bbbbbbbbbbbb&zona=Zona%20Norte,56,0,0
1788744803509,57,GET Request,200,OK,Grupo GET Request 1-356,text,true,,984,221,3,3,http://localhost:3000/logistics/tenderos/productos-disponibles?tiendaId=bbbbbbbb-bbbb-4bbb-8bbb-bbbbbbbbbbbb&zona=Zona%20Norte,57,0,0
1788744803553,55,GET Request,200,OK,Grupo GET Request 1-358,text,true,,984,221,3,3,http://localhost:3000/logistics/tenderos/productos-disponibles?tiendaId=bbbbbbbb-bbbb-4bbb-8bbb-bbbbbbbbbbbb&zona=Zona%20Norte,55,0,0
1788744803562,56,GET Request,200,OK,Grupo GET Request 1-357,text,true,,984,221,3,3,http://localhost:3000/logistics/tenderos/productos-disponibles?tiendaId=bbbbbbbb-bbbb-4bbb-8bbb-bbbbbbbbbbbb&zona=Zona%20Norte,56,0,0
1788744803566,58,GET Request,200,OK,Grupo GET Request 1-356,text,true,,984,221,3,3,http://localhost:3000/logistics/tenderos/productos-disponibles?tiendaId=bbbbbbbb-bbbb-4bbb-8bbb-bbbbbbbbbbbb&zona=Zona%20Norte,58,0,0
1788744803609,61,GET Request,200,OK,Grupo GET Request 1-358,text,true,,984,221,3,3,http://localhost:3000/logistics/tenderos/productos-disponibles?tiendaId=bbbbbbbb-bbbb-4bbb-8bbb-bbbbbbbbbbbb&zona=Zona%20Norte,61,0,0
1788744803618,176,GET Request,200,OK,Grupo GET Request 1-357,text,true,,984,221,4,4,http://localhost:3000/logistics/tenderos/productos-disponibles?tiendaId=bbbbbbbb-bbbb-4bbb-8bbb-bbbbbbbbbbbb&zona=Zona%20Norte,176,0,0
1788744803670,183,GET Request,200,OK,Grupo GET Request 1-358,text,true,,984,221,4,4,http://localhost:3000/logistics/tenderos/productos-disponibles?tiendaId=bbbbbbbb-bbbb-4bbb-8bbb-bbbbbbbbbbbb&zona=Zona%20Norte,183,0,0
1788744803668,185,GET Request,200,OK,Grupo GET Request 1-359,text,true,,984,221,4,4,http://localhost:3000/logistics/tenderos/productos-disponibles?tiendaId=bbbbbbbb-bbbb-4bbb-8bbb-bbbbbbbbbbbb&zona=Zona%20Norte,185,0,1
1788744803779,76,GET Request,200,OK,Grupo GET Request 1-360,text,true,,984,221,4,4,http://localhost:3000/logistics/tenderos/productos-disponibles?tiendaId=bbbbbbbb-bbbb-4bbb-8bbb-bbbbbbbbbbbb&zona=Zona%20Norte,76,0,1
1788744803794,70,GET Request,200,OK,Grupo GET Request 1-357,text,true,,984,221,4,4,http://localhost:3000/logistics/tenderos/productos-disponibles?tiendaId=bbbbbbbb-bbbb-4bbb-8bbb-bbbbbbbbbbbb&zona=Zona%20Norte,70,0,0
1788744803853,73,GET Request,200,OK,Grupo GET Request 1-358,text,true,,984,221,4,4,http://localhost:3000/logistics/tenderos/productos-disponibles?tiendaId=bbbbbbbb-bbbb-4bbb-8bbb-bbbbbbbbbbbb&zona=Zona%20Norte,73,0,0
1788744803854,75,GET Request,200,OK,Grupo GET Request 1-359,text,true,,984,221,4,4,http://localhost:3000/logistics/tenderos/productos-disponibles?tiendaId=bbbbbbbb-bbbb-4bbb-8bbb-bbbbbbbbbbbb&zona=Zona%20Norte,75,0,0
1788744803855,74,GET Request,200,OK,Grupo GET Request 1-360,text,true,,984,221,4,4,http://localhost:3000/logistics/tenderos/productos-disponibles?tiendaId=bbbbbbbb-bbbb-4bbb-8bbb-bbbbbbbbbbbb&zona=Zona%20Norte,74,0,0
1788744803885,78,GET Request,200,OK,Grupo GET Request 1-361,text,true,,984,221,4,4,http://localhost:3000/logistics/tenderos/productos-disponibles?tiendaId=bbbbbbbb-bbbb-4bbb-8bbb-bbbbbbbbbbbb&zona=Zona%20Norte,78,0,0
1788744803926,65,GET Request,200,OK,Grupo GET Request 1-358,text,true,,984,221,4,4,http://localhost:3000/logistics/tenderos/productos-disponibles?tiendaId=bbbbbbbb-bbbb-4bbb-8bbb-bbbbbbbbbbbb&zona=Zona%20Norte,65,0,0
1788744803929,69,GET Request,200,OK,Grupo GET Request 1-360,text,true,,984,221,4,4,http://localhost:3000/logistics/tenderos/productos-disponibles?tiendaId=bbbbbbbb-bbbb-4bbb-8bbb-bbbbbbbbbbbb&zona=Zona%20Norte,69,0,0
1788744803929,76,GET Request,200,OK,Grupo GET Request 1-359,text,true,,984,221,4,4,http://localhost:3000/logistics/tenderos/productos-disponibles?tiendaId=bbbbbbbb-bbbb-4bbb-8bbb-bbbbbbbbbbbb&zona=Zona%20Norte,76,0,0
1788744803963,58,GET Request,200,OK,Grupo GET Request 1-361,text,true,,984,221,4,4,http://localhost:3000/logistics/tenderos/productos-disponibles?tiendaId=bbbbbbbb-bbbb-4bbb-8bbb-bbbbbbbbbbbb&zona=Zona%20Norte,58,0,0
1788744803998,56,GET Request,200,OK,Grupo GET Request 1-360,text,true,,984,221,4,4,http://localhost:3000/logistics/tenderos/productos-disponibles?tiendaId=bbbbbbbb-bbbb-4bbb-8bbb-bbbbbbbbbbbb&zona=Zona%20Norte,56,0,0
1788744803998,62,GET Request,200,OK,Grupo GET Request 1-362,text,true,,984,221,4,4,http://localhost:3000/logistics/tenderos/productos-disponibles?tiendaId=bbbbbbbb-bbbb-4bbb-8bbb-bbbbbbbbbbbb&zona=Zona%20Norte,62,0,1
1788744804005,55,GET Request,200,OK,Grupo GET Request 1-359,text,true,,984,221,4,4,http://localhost:3000/logistics/tenderos/productos-disponibles?tiendaId=bbbbbbbb-bbbb-4bbb-8bbb-bbbbbbbbbbbb&zona=Zona%20Norte,55,0,0
1788744804022,59,GET Request,200,OK,Grupo GET Request 1-361,text,true,,984,221,4,4,http://localhost:3000/logistics/tenderos/productos-disponibles?tiendaId=bbbbbbbb-bbbb-4bbb-8bbb-bbbbbbbbbbbb&zona=Zona%20Norte,59,0,0
1788744804059,53,GET Request,200,OK,Grupo GET Request 1-359,text,true,,984,221,5,5,http://localhost:3000/logistics/tenderos/productos-disponibles?tiendaId=bbbbbbbb-bbbb-4bbb-8bbb-bbbbbbbbbbbb&zona=Zona%20Norte,53,0,0
1788744804054,59,GET Request,200,OK,Grupo GET Request 1-360,text,true,,984,221,5,5,http://localhost:3000/logistics/tenderos/productos-disponibles?tiendaId=bbbbbbbb-bbbb-4bbb-8bbb-bbbbbbbbbbbb&zona=Zona%20Norte,59,0,0
1788744804059,60,GET Request,200,OK,Grupo GET Request 1-362,text,true,,984,221,3,3,http://localhost:3000/logistics/tenderos/productos-disponibles?tiendaId=bbbbbbbb-bbbb-4bbb-8bbb-bbbbbbbbbbbb&zona=Zona%20Norte,60,0,0
1788744804080,58,GET Request,200,OK,Grupo GET Request 1-361,text,true,,984,221,3,3,http://localhost:3000/logistics/tenderos/productos-disponibles?tiendaId=bbbbbbbb-bbbb-4bbb-8bbb-bbbbbbbbbbbb&zona=Zona%20Norte,58,0,0
1788744804107,58,GET Request,200,OK,Grupo GET Request 1-363,text,true,,984,221,3,3,http://localhost:3000/logistics/tenderos/productos-disponibles?tiendaId=bbbbbbbb-bbbb-4bbb-8bbb-bbbbbbbbbbbb&zona=Zona%20Norte,58,0,1
1788744804119,56,GET Request,200,OK,Grupo GET Request 1-362,text,true,,984,221,3,3,http://localhost:3000/logistics/tenderos/productos-disponibles?tiendaId=bbbbbbbb-bbbb-4bbb-8bbb-bbbbbbbbbbbb&zona=Zona%20Norte,56,0,0
1788744804138,56,GET Request,200,OK,Grupo GET Request 1-361,text,true,,984,221,3,3,http://localhost:3000/logistics/tenderos/productos-disponibles?tiendaId=bbbbbbbb-bbbb-4bbb-8bbb-bbbbbbbbbbbb&zona=Zona%20Norte,56,0,0
1788744804166,59,GET Request,200,OK,Grupo GET Request 1-363,text,true,,984,221,3,3,http://localhost:3000/logistics/tenderos/productos-disponibles?tiendaId=bbbbbbbb-bbbb-4bbb-8bbb-bbbbbbbbbbbb&zona=Zona%20Norte,59,0,0
1788744804176,59,GET Request,200,OK,Grupo GET Request 1-362,text,true,,984,221,3,3,http://localhost:3000/logistics/tenderos/productos-disponibles?tiendaId=bbbbbbbb-bbbb-4bbb-8bbb-bbbbbbbbbbbb&zona=Zona%20Norte,59,0,0
1788744804218,60,GET Request,200,OK,Grupo GET Request 1-364,text,true,,984,221,3,3,http://localhost:3000/logistics/tenderos/productos-disponibles?tiendaId=bbbbbbbb-bbbb-4bbb-8bbb-bbbbbbbbbbbb&zona=Zona%20Norte,60,0,0
1788744804225,57,GET Request,200,OK,Grupo GET Request 1-363,text,true,,984,221,3,3,http://localhost:3000/logistics/tenderos/productos-disponibles?tiendaId=bbbbbbbb-bbbb-4bbb-8bbb-bbbbbbbbbbbb&zona=Zona%20Norte,57,0,0
1788744804235,57,GET Request,200,OK,Grupo GET Request 1-362,text,true,,984,221,3,3,http://localhost:3000/logistics/tenderos/productos-disponibles?tiendaId=bbbbbbbb-bbbb-4bbb-8bbb-bbbbbbbbbbbb&zona=Zona%20Norte,57,0,0
1788744804278,59,GET Request,200,OK,Grupo GET Request 1-364,text,true,,984,221,3,3,http://localhost:3000/logistics/tenderos/productos-disponibles?tiendaId=bbbbbbbb-bbbb-4bbb-8bbb-bbbbbbbbbbbb&zona=Zona%20Norte,59,0,0
1788744804283,58,GET Request,200,OK,Grupo GET Request 1-363,text,true,,984,221,3,3,http://localhost:3000/logistics/tenderos/productos-disponibles?tiendaId=bbbbbbbb-bbbb-4bbb-8bbb-bbbbbbbbbbbb&zona=Zona%20Norte,58,0,0
1788744804332,58,GET Request,200,OK,Grupo GET Request 1-365,text,true,,984,221,3,3,http://localhost:3000/logistics/tenderos/productos-disponibles?tiendaId=bbbbbbbb-bbbb-4bbb-8bbb-bbbbbbbbbbbb&zona=Zona%20Norte,57,0,1
1788744804337,57,GET Request,200,OK,Grupo GET Request 1-364,text,true,,984,221,3,3,http://localhost:3000/logistics/tenderos/productos-disponibles?tiendaId=bbbbbbbb-bbbb-4bbb-8bbb-bbbbbbbbbbbb&zona=Zona%20Norte,57,0,0
1788744804342,57,GET Request,200,OK,Grupo GET Request 1-363,text,true,,984,221,3,3,http://localhost:3000/logistics/tenderos/productos-disponibles?tiendaId=bbbbbbbb-bbbb-4bbb-8bbb-bbbbbbbbbbbb&zona=Zona%20Norte,57,0,0
1788744804390,59,GET Request,200,OK,Grupo GET Request 1-365,text,true,,984,221,3,3,http://localhost:3000/logistics/tenderos/productos-disponibles?tiendaId=bbbbbbbb-bbbb-4bbb-8bbb-bbbbbbbbbbbb&zona=Zona%20Norte,59,0,0
1788744804395,59,GET Request,200,OK,Grupo GET Request 1-364,text,true,,984,221,3,3,http://localhost:3000/logistics/tenderos/productos-disponibles?tiendaId=bbbbbbbb-bbbb-4bbb-8bbb-bbbbbbbbbbbb&zona=Zona%20Norte,59,0,0
1788744804441,60,GET Request,200,OK,Grupo GET Request 1-366,text,true,,984,221,3,3,http://localhost:3000/logistics/tenderos/productos-disponibles?tiendaId=bbbbbbbb-bbbb-4bbb-8bbb-bbbbbbbbbbbb&zona=Zona%20Norte,60,0,0
1788744804449,62,GET Request,200,OK,Grupo GET Request 1-365,text,true,,984,221,3,3,http://localhost:3000/logistics/tenderos/productos-disponibles?tiendaId=bbbbbbbb-bbbb-4bbb-8bbb-bbbbbbbbbbbb&zona=Zona%20Norte,62,0,0
1788744804454,58,GET Request,200,OK,Grupo GET Request 1-364,text,true,,984,221,3,3,http://localhost:3000/logistics/tenderos/productos-disponibles?tiendaId=bbbbbbbb-bbbb-4bbb-8bbb-bbbbbbbbbbbb&zona=Zona%20Norte,58,0,0
1788744804501,58,GET Request,200,OK,Grupo GET Request 1-366,text,true,,984,221,3,3,http://localhost:3000/logistics/tenderos/productos-disponibles?tiendaId=bbbbbbbb-bbbb-4bbb-8bbb-bbbbbbbbbbbb&zona=Zona%20Norte,58,0,0
1788744804511,59,GET Request,200,OK,Grupo GET Request 1-365,text,true,,984,221,3,3,http://localhost:3000/logistics/tenderos/productos-disponibles?tiendaId=bbbbbbbb-bbbb-4bbb-8bbb-bbbbbbbbbbbb&zona=Zona%20Norte,59,0,0
1788744804552,61,GET Request,200,OK,Grupo GET Request 1-367,text,true,,984,221,3,3,http://localhost:3000/logistics/tenderos/productos-disponibles?tiendaId=bbbbbbbb-bbbb-4bbb-8bbb-bbbbbbbbbbbb&zona=Zona%20Norte,60,0,0
1788744804560,56,GET Request,200,OK,Grupo GET Request 1-366,text,true,,984,221,3,3,http://localhost:3000/logistics/tenderos/productos-disponibles?tiendaId=bbbbbbbb-bbbb-4bbb-8bbb-bbbbbbbbbbbb&zona=Zona%20Norte,56,0,0
1788744804570,55,GET Request,200,OK,Grupo GET Request 1-365,text,true,,984,221,3,3,http://localhost:3000/logistics/tenderos/productos-disponibles?tiendaId=bbbbbbbb-bbbb-4bbb-8bbb-bbbbbbbbbbbb&zona=Zona%20Norte,55,0,0
1788744804613,56,GET Request,200,OK,Grupo GET Request 1-367,text,true,,984,221,3,3,http://localhost:3000/logistics/tenderos/productos-disponibles?tiendaId=bbbbbbbb-bbbb-4bbb-8bbb-bbbbbbbbbbbb&zona=Zona%20Norte,56,0,0
1788744804616,68,GET Request,200,OK,Grupo GET Request 1-366,text,true,,984,221,3,3,http://localhost:3000/logistics/tenderos/productos-disponibles?tiendaId=bbbbbbbb-bbbb-4bbb-8bbb-bbbbbbbbbbbb&zona=Zona%20Norte,68,0,0
1788744804664,57,GET Request,200,OK,Grupo GET Request 1-368,text,true,,984,221,3,3,http://localhost:3000/logistics/tenderos/productos-disponibles?tiendaId=bbbbbbbb-bbbb-4bbb-8bbb-bbbbbbbbbbbb&zona=Zona%20Norte,57,0,1
1788744804669,55,GET Request,200,OK,Grupo GET Request 1-367,text,true,,984,221,3,3,http://localhost:3000/logistics/tenderos/productos-disponibles?tiendaId=bbbbbbbb-bbbb-4bbb-8bbb-bbbbbbbbbbbb&zona=Zona%20Norte,55,0,0
1788744804684,55,GET Request,200,OK,Grupo GET Request 1-366,text,true,,984,221,3,3,http://localhost:3000/logistics/tenderos/productos-disponibles?tiendaId=bbbbbbbb-bbbb-4bbb-8bbb-bbbbbbbbbbbb&zona=Zona%20Norte,55,0,0
1788744804721,55,GET Request,200,OK,Grupo GET Request 1-368,text,true,,984,221,3,3,http://localhost:3000/logistics/tenderos/productos-disponibles?tiendaId=bbbbbbbb-bbbb-4bbb-8bbb-bbbbbbbbbbbb&zona=Zona%20Norte,55,0,0
1788744804724,54,GET Request,200,OK,Grupo GET Request 1-367,text,true,,984,221,3,3,http://localhost:3000/logistics/tenderos/productos-disponibles?tiendaId=bbbbbbbb-bbbb-4bbb-8bbb-bbbbbbbbbbbb&zona=Zona%20Norte,54,0,0
1788744804772,61,GET Request,200,OK,Grupo GET Request 1-369,text,true,,984,221,3,3,http://localhost:3000/logistics/tenderos/productos-disponibles?tiendaId=bbbbbbbb-bbbb-4bbb-8bbb-bbbbbbbbbbbb&zona=Zona%20Norte,61,0,0
1788744804776,60,GET Request,200,OK,Grupo GET Request 1-368,text,true,,984,221,3,3,http://localhost:3000/logistics/tenderos/productos-disponibles?tiendaId=bbbbbbbb-bbbb-4bbb-8bbb-bbbbbbbbbbbb&zona=Zona%20Norte,60,0,0
1788744804778,59,GET Request,200,OK,Grupo GET Request 1-367,text,true,,984,221,3,3,http://localhost:3000/logistics/tenderos/productos-disponibles?tiendaId=bbbbbbbb-bbbb-4bbb-8bbb-bbbbbbbbbbbb&zona=Zona%20Norte,59,0,0
1788744804833,60,GET Request,200,OK,Grupo GET Request 1-369,text,true,,984,221,3,3,http://localhost:3000/logistics/tenderos/productos-disponibles?tiendaId=bbbbbbbb-bbbb-4bbb-8bbb-bbbbbbbbbbbb&zona=Zona%20Norte,60,0,0
1788744804836,62,GET Request,200,OK,Grupo GET Request 1-368,text,true,,984,221,3,3,http://localhost:3000/logistics/tenderos/productos-disponibles?tiendaId=bbbbbbbb-bbbb-4bbb-8bbb-bbbbbbbbbbbb&zona=Zona%20Norte,62,0,0
1788744804894,57,GET Request,200,OK,Grupo GET Request 1-369,text,true,,984,221,3,3,http://localhost:3000/logistics/tenderos/productos-disponibles?tiendaId=bbbbbbbb-bbbb-4bbb-8bbb-bbbbbbbbbbbb&zona=Zona%20Norte,57,0,0
1788744804888,64,GET Request,200,OK,Grupo GET Request 1-370,text,true,,984,221,3,3,http://localhost:3000/logistics/tenderos/productos-disponibles?tiendaId=bbbbbbbb-bbbb-4bbb-8bbb-bbbbbbbbbbbb&zona=Zona%20Norte,63,0,1
1788744804898,63,GET Request,200,OK,Grupo GET Request 1-368,text,true,,984,221,3,3,http://localhost:3000/logistics/tenderos/productos-disponibles?tiendaId=bbbbbbbb-bbbb-4bbb-8bbb-bbbbbbbbbbbb&zona=Zona%20Norte,63,0,0
1788744804951,62,GET Request,200,OK,Grupo GET Request 1-369,text,true,,984,221,3,3,http://localhost:3000/logistics/tenderos/productos-disponibles?tiendaId=bbbbbbbb-bbbb-4bbb-8bbb-bbbbbbbbbbbb&zona=Zona%20Norte,62,0,0
1788744804952,65,GET Request,200,OK,Grupo GET Request 1-370,text,true,,984,221,3,3,http://localhost:3000/logistics/tenderos/productos-disponibles?tiendaId=bbbbbbbb-bbbb-4bbb-8bbb-bbbbbbbbbbbb&zona=Zona%20Norte,65,0,0
1788744804999,58,GET Request,200,OK,Grupo GET Request 1-371,text,true,,984,221,3,3,http://localhost:3000/logistics/tenderos/productos-disponibles?tiendaId=bbbbbbbb-bbbb-4bbb-8bbb-bbbbbbbbbbbb&zona=Zona%20Norte,58,0,1
1788744805013,57,GET Request,200,OK,Grupo GET Request 1-369,text,true,,984,221,3,3,http://localhost:3000/logistics/tenderos/productos-disponibles?tiendaId=bbbbbbbb-bbbb-4bbb-8bbb-bbbbbbbbbbbb&zona=Zona%20Norte,57,0,0
1788744805017,55,GET Request,200,OK,Grupo GET Request 1-370,text,true,,984,221,2,2,http://localhost:3000/logistics/tenderos/productos-disponibles?tiendaId=bbbbbbbb-bbbb-4bbb-8bbb-bbbbbbbbbbbb&zona=Zona%20Norte,55,0,0
1788744805057,55,GET Request,200,OK,Grupo GET Request 1-371,text,true,,984,221,3,3,http://localhost:3000/logistics/tenderos/productos-disponibles?tiendaId=bbbbbbbb-bbbb-4bbb-8bbb-bbbbbbbbbbbb&zona=Zona%20Norte,55,0,0
1788744805073,56,GET Request,200,OK,Grupo GET Request 1-370,text,true,,984,221,3,3,http://localhost:3000/logistics/tenderos/productos-disponibles?tiendaId=bbbbbbbb-bbbb-4bbb-8bbb-bbbbbbbbbbbb&zona=Zona%20Norte,56,0,0
1788744805106,56,GET Request,200,OK,Grupo GET Request 1-372,text,true,,984,221,3,3,http://localhost:3000/logistics/tenderos/productos-disponibles?tiendaId=bbbbbbbb-bbbb-4bbb-8bbb-bbbbbbbbbbbb&zona=Zona%20Norte,56,0,0
1788744805112,55,GET Request,200,OK,Grupo GET Request 1-371,text,true,,984,221,3,3,http://localhost:3000/logistics/tenderos/productos-disponibles?tiendaId=bbbbbbbb-bbbb-4bbb-8bbb-bbbbbbbbbbbb&zona=Zona%20Norte,55,0,0
1788744805129,59,GET Request,200,OK,Grupo GET Request 1-370,text,true,,984,221,3,3,http://localhost:3000/logistics/tenderos/productos-disponibles?tiendaId=bbbbbbbb-bbbb-4bbb-8bbb-bbbbbbbbbbbb&zona=Zona%20Norte,59,0,0
1788744805163,61,GET Request,200,OK,Grupo GET Request 1-372,text,true,,984,221,3,3,http://localhost:3000/logistics/tenderos/productos-disponibles?tiendaId=bbbbbbbb-bbbb-4bbb-8bbb-bbbbbbbbbbbb&zona=Zona%20Norte,61,0,0
1788744805167,62,GET Request,200,OK,Grupo GET Request 1-371,text,true,,984,221,3,3,http://localhost:3000/logistics/tenderos/productos-disponibles?tiendaId=bbbbbbbb-bbbb-4bbb-8bbb-bbbbbbbbbbbb&zona=Zona%20Norte,62,0,0
1788744805221,58,GET Request,200,OK,Grupo GET Request 1-373,text,true,,984,221,3,3,http://localhost:3000/logistics/tenderos/productos-disponibles?tiendaId=bbbbbbbb-bbbb-4bbb-8bbb-bbbbbbbbbbbb&zona=Zona%20Norte,57,0,0
1788744805225,54,GET Request,200,OK,Grupo GET Request 1-372,text,true,,984,221,3,3,http://localhost:3000/logistics/tenderos/productos-disponibles?tiendaId=bbbbbbbb-bbbb-4bbb-8bbb-bbbbbbbbbbbb&zona=Zona%20Norte,54,0,0
1788744805229,56,GET Request,200,OK,Grupo GET Request 1-371,text,true,,984,221,3,3,http://localhost:3000/logistics/tenderos/productos-disponibles?tiendaId=bbbbbbbb-bbbb-4bbb-8bbb-bbbbbbbbbbbb&zona=Zona%20Norte,56,0,0
1788744805279,60,GET Request,200,OK,Grupo GET Request 1-373,text,true,,984,221,3,3,http://localhost:3000/logistics/tenderos/productos-disponibles?tiendaId=bbbbbbbb-bbbb-4bbb-8bbb-bbbbbbbbbbbb&zona=Zona%20Norte,60,0,0
1788744805279,60,GET Request,200,OK,Grupo GET Request 1-372,text,true,,984,221,3,3,http://localhost:3000/logistics/tenderos/productos-disponibles?tiendaId=bbbbbbbb-bbbb-4bbb-8bbb-bbbbbbbbbbbb&zona=Zona%20Norte,60,0,0
1788744805331,58,GET Request,200,OK,Grupo GET Request 1-374,text,true,,984,221,3,3,http://localhost:3000/logistics/tenderos/productos-disponibles?tiendaId=bbbbbbbb-bbbb-4bbb-8bbb-bbbbbbbbbbbb&zona=Zona%20Norte,58,0,1
1788744805340,56,GET Request,200,OK,Grupo GET Request 1-372,text,true,,984,221,3,3,http://localhost:3000/logistics/tenderos/productos-disponibles?tiendaId=bbbbbbbb-bbbb-4bbb-8bbb-bbbbbbbbbbbb&zona=Zona%20Norte,56,0,0
1788744805339,60,GET Request,200,OK,Grupo GET Request 1-373,text,true,,984,221,2,2,http://localhost:3000/logistics/tenderos/productos-disponibles?tiendaId=bbbbbbbb-bbbb-4bbb-8bbb-bbbbbbbbbbbb&zona=Zona%20Norte,59,0,0
1788744805389,56,GET Request,200,OK,Grupo GET Request 1-374,text,true,,984,221,3,3,http://localhost:3000/logistics/tenderos/productos-disponibles?tiendaId=bbbbbbbb-bbbb-4bbb-8bbb-bbbbbbbbbbbb&zona=Zona%20Norte,56,0,0
1788744805399,55,GET Request,200,OK,Grupo GET Request 1-373,text,true,,984,221,3,3,http://localhost:3000/logistics/tenderos/productos-disponibles?tiendaId=bbbbbbbb-bbbb-4bbb-8bbb-bbbbbbbbbbbb&zona=Zona%20Norte,55,0,0
1788744805445,55,GET Request,200,OK,Grupo GET Request 1-374,text,true,,984,221,3,3,http://localhost:3000/logistics/tenderos/productos-disponibles?tiendaId=bbbbbbbb-bbbb-4bbb-8bbb-bbbbbbbbbbbb&zona=Zona%20Norte,55,0,0
1788744805443,57,GET Request,200,OK,Grupo GET Request 1-375,text,true,,984,221,3,3,http://localhost:3000/logistics/tenderos/productos-disponibles?tiendaId=bbbbbbbb-bbbb-4bbb-8bbb-bbbbbbbbbbbb&zona=Zona%20Norte,57,0,0
1788744805454,54,GET Request,200,OK,Grupo GET Request 1-373,text,true,,984,221,3,3,http://localhost:3000/logistics/tenderos/productos-disponibles?tiendaId=bbbbbbbb-bbbb-4bbb-8bbb-bbbbbbbbbbbb&zona=Zona%20Norte,54,0,0
1788744805500,59,GET Request,200,OK,Grupo GET Request 1-374,text,true,,984,221,3,3,http://localhost:3000/logistics/tenderos/productos-disponibles?tiendaId=bbbbbbbb-bbbb-4bbb-8bbb-bbbbbbbbbbbb&zona=Zona%20Norte,59,0,0
1788744805500,68,GET Request,200,OK,Grupo GET Request 1-375,text,true,,984,221,3,3,http://localhost:3000/logistics/tenderos/productos-disponibles?tiendaId=bbbbbbbb-bbbb-4bbb-8bbb-bbbbbbbbbbbb&zona=Zona%20Norte,68,0,0
1788744805551,62,GET Request,200,OK,Grupo GET Request 1-376,text,true,,984,221,3,3,http://localhost:3000/logistics/tenderos/productos-disponibles?tiendaId=bbbbbbbb-bbbb-4bbb-8bbb-bbbbbbbbbbbb&zona=Zona%20Norte,62,0,0
1788744805559,60,GET Request,200,OK,Grupo GET Request 1-374,text,true,,984,221,3,3,http://localhost:3000/logistics/tenderos/productos-disponibles?tiendaId=bbbbbbbb-bbbb-4bbb-8bbb-bbbbbbbbbbbb&zona=Zona%20Norte,60,0,0
1788744805568,60,GET Request,200,OK,Grupo GET Request 1-375,text,true,,984,221,2,2,http://localhost:3000/logistics/tenderos/productos-disponibles?tiendaId=bbbbbbbb-bbbb-4bbb-8bbb-bbbbbbbbbbbb&zona=Zona%20Norte,60,0,0
1788744805613,61,GET Request,200,OK,Grupo GET Request 1-376,text,true,,984,221,3,3,http://localhost:3000/logistics/tenderos/productos-disponibles?tiendaId=bbbbbbbb-bbbb-4bbb-8bbb-bbbbbbbbbbbb&zona=Zona%20Norte,61,0,0
1788744805629,57,GET Request,200,OK,Grupo GET Request 1-375,text,true,,984,221,3,3,http://localhost:3000/logistics/tenderos/productos-disponibles?tiendaId=bbbbbbbb-bbbb-4bbb-8bbb-bbbbbbbbbbbb&zona=Zona%20Norte,57,0,0
1788744805660,57,GET Request,200,OK,Grupo GET Request 1-377,text,true,,984,221,3,3,http://localhost:3000/logistics/tenderos/productos-disponibles?tiendaId=bbbbbbbb-bbbb-4bbb-8bbb-bbbbbbbbbbbb&zona=Zona%20Norte,57,0,1
1788744805674,55,GET Request,200,OK,Grupo GET Request 1-376,text,true,,984,221,3,3,http://localhost:3000/logistics/tenderos/productos-disponibles?tiendaId=bbbbbbbb-bbbb-4bbb-8bbb-bbbbbbbbbbbb&zona=Zona%20Norte,55,0,0
1788744805686,55,GET Request,200,OK,Grupo GET Request 1-375,text,true,,984,221,3,3,http://localhost:3000/logistics/tenderos/productos-disponibles?tiendaId=bbbbbbbb-bbbb-4bbb-8bbb-bbbbbbbbbbbb&zona=Zona%20Norte,55,0,0
1788744805717,59,GET Request,200,OK,Grupo GET Request 1-377,text,true,,984,221,3,3,http://localhost:3000/logistics/tenderos/productos-disponibles?tiendaId=bbbbbbbb-bbbb-4bbb-8bbb-bbbbbbbbbbbb&zona=Zona%20Norte,59,0,0
1788744805729,56,GET Request,200,OK,Grupo GET Request 1-376,text,true,,984,221,3,3,http://localhost:3000/logistics/tenderos/productos-disponibles?tiendaId=bbbbbbbb-bbbb-4bbb-8bbb-bbbbbbbbbbbb&zona=Zona%20Norte,56,0,0
1788744805776,54,GET Request,200,OK,Grupo GET Request 1-378,text,true,,984,221,3,3,http://localhost:3000/logistics/tenderos/productos-disponibles?tiendaId=bbbbbbbb-bbbb-4bbb-8bbb-bbbbbbbbbbbb&zona=Zona%20Norte,54,0,0
1788744805776,55,GET Request,200,OK,Grupo GET Request 1-377,text,true,,984,221,3,3,http://localhost:3000/logistics/tenderos/productos-disponibles?tiendaId=bbbbbbbb-bbbb-4bbb-8bbb-bbbbbbbbbbbb&zona=Zona%20Norte,55,0,0
1788744805785,53,GET Request,200,OK,Grupo GET Request 1-376,text,true,,984,221,3,3,http://localhost:3000/logistics/tenderos/productos-disponibles?tiendaId=bbbbbbbb-bbbb-4bbb-8bbb-bbbbbbbbbbbb&zona=Zona%20Norte,53,0,0
1788744805830,55,GET Request,200,OK,Grupo GET Request 1-378,text,true,,984,221,3,3,http://localhost:3000/logistics/tenderos/productos-disponibles?tiendaId=bbbbbbbb-bbbb-4bbb-8bbb-bbbbbbbbbbbb&zona=Zona%20Norte,55,0,0
1788744805831,54,GET Request,200,OK,Grupo GET Request 1-377,text,true,,984,221,3,3,http://localhost:3000/logistics/tenderos/productos-disponibles?tiendaId=bbbbbbbb-bbbb-4bbb-8bbb-bbbbbbbbbbbb&zona=Zona%20Norte,54,0,0
1788744805883,59,GET Request,200,OK,Grupo GET Request 1-379,text,true,,984,221,3,3,http://localhost:3000/logistics/tenderos/productos-disponibles?tiendaId=bbbbbbbb-bbbb-4bbb-8bbb-bbbbbbbbbbbb&zona=Zona%20Norte,59,0,0
1788744805885,58,GET Request,200,OK,Grupo GET Request 1-378,text,true,,984,221,3,3,http://localhost:3000/logistics/tenderos/productos-disponibles?tiendaId=bbbbbbbb-bbbb-4bbb-8bbb-bbbbbbbbbbbb&zona=Zona%20Norte,58,0,0
1788744805885,58,GET Request,200,OK,Grupo GET Request 1-377,text,true,,984,221,3,3,http://localhost:3000/logistics/tenderos/productos-disponibles?tiendaId=bbbbbbbb-bbbb-4bbb-8bbb-bbbbbbbbbbbb&zona=Zona%20Norte,58,0,0
1788744805943,62,GET Request,200,OK,Grupo GET Request 1-378,text,true,,984,221,3,3,http://localhost:3000/logistics/tenderos/productos-disponibles?tiendaId=bbbbbbbb-bbbb-4bbb-8bbb-bbbbbbbbbbbb&zona=Zona%20Norte,62,0,0
1788744805942,66,GET Request,200,OK,Grupo GET Request 1-379,text,true,,984,221,3,3,http://localhost:3000/logistics/tenderos/productos-disponibles?tiendaId=bbbbbbbb-bbbb-4bbb-8bbb-bbbbbbbbbbbb&zona=Zona%20Norte,66,0,0
1788744805998,56,GET Request,200,OK,Grupo GET Request 1-380,text,true,,984,221,3,3,http://localhost:3000/logistics/tenderos/productos-disponibles?tiendaId=bbbbbbbb-bbbb-4bbb-8bbb-bbbbbbbbbbbb&zona=Zona%20Norte,56,0,1
1788744806008,53,GET Request,200,OK,Grupo GET Request 1-379,text,true,,984,221,3,3,http://localhost:3000/logistics/tenderos/productos-disponibles?tiendaId=bbbbbbbb-bbbb-4bbb-8bbb-bbbbbbbbbbbb&zona=Zona%20Norte,53,0,0
1788744806005,58,GET Request,200,OK,Grupo GET Request 1-378,text,true,,984,221,3,3,http://localhost:3000/logistics/tenderos/productos-disponibles?tiendaId=bbbbbbbb-bbbb-4bbb-8bbb-bbbbbbbbbbbb&zona=Zona%20Norte,58,0,0
1788744806054,58,GET Request,200,OK,Grupo GET Request 1-380,text,true,,984,221,3,3,http://localhost:3000/logistics/tenderos/productos-disponibles?tiendaId=bbbbbbbb-bbbb-4bbb-8bbb-bbbbbbbbbbbb&zona=Zona%20Norte,58,0,0
1788744806061,60,GET Request,200,OK,Grupo GET Request 1-379,text,true,,984,221,3,3,http://localhost:3000/logistics/tenderos/productos-disponibles?tiendaId=bbbbbbbb-bbbb-4bbb-8bbb-bbbbbbbbbbbb&zona=Zona%20Norte,60,0,0
1788744806112,59,GET Request,200,OK,Grupo GET Request 1-380,text,true,,984,221,3,3,http://localhost:3000/logistics/tenderos/productos-disponibles?tiendaId=bbbbbbbb-bbbb-4bbb-8bbb-bbbbbbbbbbbb&zona=Zona%20Norte,59,0,0
1788744806107,67,GET Request,200,OK,Grupo GET Request 1-381,text,true,,984,221,3,3,http://localhost:3000/logistics/tenderos/productos-disponibles?tiendaId=bbbbbbbb-bbbb-4bbb-8bbb-bbbbbbbbbbbb&zona=Zona%20Norte,67,0,1
1788744806121,59,GET Request,200,OK,Grupo GET Request 1-379,text,true,,984,221,3,3,http://localhost:3000/logistics/tenderos/productos-disponibles?tiendaId=bbbbbbbb-bbbb-4bbb-8bbb-bbbbbbbbbbbb&zona=Zona%20Norte,59,0,0
1788744806171,56,GET Request,200,OK,Grupo GET Request 1-380,text,true,,984,221,3,3,http://localhost:3000/logistics/tenderos/productos-disponibles?tiendaId=bbbbbbbb-bbbb-4bbb-8bbb-bbbbbbbbbbbb&zona=Zona%20Norte,56,0,0
1788744806174,57,GET Request,200,OK,Grupo GET Request 1-381,text,true,,984,221,3,3,http://localhost:3000/logistics/tenderos/productos-disponibles?tiendaId=bbbbbbbb-bbbb-4bbb-8bbb-bbbbbbbbbbbb&zona=Zona%20Norte,57,0,0
1788744806217,59,GET Request,200,OK,Grupo GET Request 1-382,text,true,,984,221,3,3,http://localhost:3000/logistics/tenderos/productos-disponibles?tiendaId=bbbbbbbb-bbbb-4bbb-8bbb-bbbbbbbbbbbb&zona=Zona%20Norte,59,0,0
1788744806228,59,GET Request,200,OK,Grupo GET Request 1-380,text,true,,984,221,3,3,http://localhost:3000/logistics/tenderos/productos-disponibles?tiendaId=bbbbbbbb-bbbb-4bbb-8bbb-bbbbbbbbbbbb&zona=Zona%20Norte,58,0,0
1788744806231,57,GET Request,200,OK,Grupo GET Request 1-381,text,true,,984,221,2,2,http://localhost:3000/logistics/tenderos/productos-disponibles?tiendaId=bbbbbbbb-bbbb-4bbb-8bbb-bbbbbbbbbbbb&zona=Zona%20Norte,57,0,0
1788744806276,60,GET Request,200,OK,Grupo GET Request 1-382,text,true,,984,221,3,3,http://localhost:3000/logistics/tenderos/productos-disponibles?tiendaId=bbbbbbbb-bbbb-4bbb-8bbb-bbbbbbbbbbbb&zona=Zona%20Norte,60,0,0
1788744806288,61,GET Request,200,OK,Grupo GET Request 1-381,text,true,,984,221,3,3,http://localhost:3000/logistics/tenderos/productos-disponibles?tiendaId=bbbbbbbb-bbbb-4bbb-8bbb-bbbbbbbbbbbb&zona=Zona%20Norte,61,0,0
1788744806330,57,GET Request,200,OK,Grupo GET Request 1-383,text,true,,984,221,3,3,http://localhost:3000/logistics/tenderos/productos-disponibles?tiendaId=bbbbbbbb-bbbb-4bbb-8bbb-bbbbbbbbbbbb&zona=Zona%20Norte,57,0,1
1788744806336,55,GET Request,200,OK,Grupo GET Request 1-382,text,true,,984,221,3,3,http://localhost:3000/logistics/tenderos/productos-disponibles?tiendaId=bbbbbbbb-bbbb-4bbb-8bbb-bbbbbbbbbbbb&zona=Zona%20Norte,55,0,0
1788744806349,54,GET Request,200,OK,Grupo GET Request 1-381,text,true,,984,221,3,3,http://localhost:3000/logistics/tenderos/productos-disponibles?tiendaId=bbbbbbbb-bbbb-4bbb-8bbb-bbbbbbbbbbbb&zona=Zona%20Norte,54,0,0
1788744806387,55,GET Request,200,OK,Grupo GET Request 1-383,text,true,,984,221,3,3,http://localhost:3000/logistics/tenderos/productos-disponibles?tiendaId=bbbbbbbb-bbbb-4bbb-8bbb-bbbbbbbbbbbb&zona=Zona%20Norte,55,0,0
1788744806391,54,GET Request,200,OK,Grupo GET Request 1-382,text,true,,984,221,3,3,http://localhost:3000/logistics/tenderos/productos-disponibles?tiendaId=bbbbbbbb-bbbb-4bbb-8bbb-bbbbbbbbbbbb&zona=Zona%20Norte,54,0,0
1788744806440,57,GET Request,200,OK,Grupo GET Request 1-384,text,true,,984,221,3,3,http://localhost:3000/logistics/tenderos/productos-disponibles?tiendaId=bbbbbbbb-bbbb-4bbb-8bbb-bbbbbbbbbbbb&zona=Zona%20Norte,57,0,0
1788744806442,57,GET Request,200,OK,Grupo GET Request 1-383,text,true,,984,221,3,3,http://localhost:3000/logistics/tenderos/productos-disponibles?tiendaId=bbbbbbbb-bbbb-4bbb-8bbb-bbbbbbbbbbbb&zona=Zona%20Norte,57,0,0
1788744806445,58,GET Request,200,OK,Grupo GET Request 1-382,text,true,,984,221,3,3,http://localhost:3000/logistics/tenderos/productos-disponibles?tiendaId=bbbbbbbb-bbbb-4bbb-8bbb-bbbbbbbbbbbb&zona=Zona%20Norte,58,0,0
1788744806498,55,GET Request,200,OK,Grupo GET Request 1-384,text,true,,984,221,3,3,http://localhost:3000/logistics/tenderos/productos-disponibles?tiendaId=bbbbbbbb-bbbb-4bbb-8bbb-bbbbbbbbbbbb&zona=Zona%20Norte,55,0,0
1788744806499,56,GET Request,200,OK,Grupo GET Request 1-383,text,true,,984,221,3,3,http://localhost:3000/logistics/tenderos/productos-disponibles?tiendaId=bbbbbbbb-bbbb-4bbb-8bbb-bbbbbbbbbbbb&zona=Zona%20Norte,56,0,0
1788744806548,56,GET Request,200,OK,Grupo GET Request 1-385,text,true,,984,221,3,3,http://localhost:3000/logistics/tenderos/productos-disponibles?tiendaId=bbbbbbbb-bbbb-4bbb-8bbb-bbbbbbbbbbbb&zona=Zona%20Norte,56,0,1
1788744806555,52,GET Request,200,OK,Grupo GET Request 1-383,text,true,,984,221,3,3,http://localhost:3000/logistics/tenderos/productos-disponibles?tiendaId=bbbbbbbb-bbbb-4bbb-8bbb-bbbbbbbbbbbb&zona=Zona%20Norte,52,0,0
1788744806553,56,GET Request,200,OK,Grupo GET Request 1-384,text,true,,984,221,2,2,http://localhost:3000/logistics/tenderos/productos-disponibles?tiendaId=bbbbbbbb-bbbb-4bbb-8bbb-bbbbbbbbbbbb&zona=Zona%20Norte,56,0,0
1788744806604,56,GET Request,200,OK,Grupo GET Request 1-385,text,true,,984,221,3,3,http://localhost:3000/logistics/tenderos/productos-disponibles?tiendaId=bbbbbbbb-bbbb-4bbb-8bbb-bbbbbbbbbbbb&zona=Zona%20Norte,56,0,0
1788744806609,57,GET Request,200,OK,Grupo GET Request 1-384,text,true,,984,221,3,3,http://localhost:3000/logistics/tenderos/productos-disponibles?tiendaId=bbbbbbbb-bbbb-4bbb-8bbb-bbbbbbbbbbbb&zona=Zona%20Norte,57,0,0
1788744806660,60,GET Request,200,OK,Grupo GET Request 1-386,text,true,,984,221,3,3,http://localhost:3000/logistics/tenderos/productos-disponibles?tiendaId=bbbbbbbb-bbbb-4bbb-8bbb-bbbbbbbbbbbb&zona=Zona%20Norte,60,0,1
1788744806661,60,GET Request,200,OK,Grupo GET Request 1-385,text,true,,984,221,3,3,http://localhost:3000/logistics/tenderos/productos-disponibles?tiendaId=bbbbbbbb-bbbb-4bbb-8bbb-bbbbbbbbbbbb&zona=Zona%20Norte,60,0,0
1788744806667,56,GET Request,200,OK,Grupo GET Request 1-384,text,true,,984,221,3,3,http://localhost:3000/logistics/tenderos/productos-disponibles?tiendaId=bbbbbbbb-bbbb-4bbb-8bbb-bbbbbbbbbbbb&zona=Zona%20Norte,56,0,0
1788744806720,61,GET Request,200,OK,Grupo GET Request 1-386,text,true,,984,221,3,3,http://localhost:3000/logistics/tenderos/productos-disponibles?tiendaId=bbbbbbbb-bbbb-4bbb-8bbb-bbbbbbbbbbbb&zona=Zona%20Norte,60,0,0
1788744806721,60,GET Request,200,OK,Grupo GET Request 1-385,text,true,,984,221,3,3,http://localhost:3000/logistics/tenderos/productos-disponibles?tiendaId=bbbbbbbb-bbbb-4bbb-8bbb-bbbbbbbbbbbb&zona=Zona%20Norte,60,0,0
1788744806775,60,GET Request,200,OK,Grupo GET Request 1-387,text,true,,984,221,3,3,http://localhost:3000/logistics/tenderos/productos-disponibles?tiendaId=bbbbbbbb-bbbb-4bbb-8bbb-bbbbbbbbbbbb&zona=Zona%20Norte,59,0,0
1788744806781,57,GET Request,200,OK,Grupo GET Request 1-386,text,true,,984,221,3,3,http://localhost:3000/logistics/tenderos/productos-disponibles?tiendaId=bbbbbbbb-bbbb-4bbb-8bbb-bbbbbbbbbbbb&zona=Zona%20Norte,57,0,0
1788744806781,57,GET Request,200,OK,Grupo GET Request 1-385,text,true,,984,221,3,3,http://localhost:3000/logistics/tenderos/productos-disponibles?tiendaId=bbbbbbbb-bbbb-4bbb-8bbb-bbbbbbbbbbbb&zona=Zona%20Norte,57,0,0
1788744806835,55,GET Request,200,OK,Grupo GET Request 1-387,text,true,,984,221,3,3,http://localhost:3000/logistics/tenderos/productos-disponibles?tiendaId=bbbbbbbb-bbbb-4bbb-8bbb-bbbbbbbbbbbb&zona=Zona%20Norte,55,0,0
1788744806838,57,GET Request,200,OK,Grupo GET Request 1-386,text,true,,984,221,3,3,http://localhost:3000/logistics/tenderos/productos-disponibles?tiendaId=bbbbbbbb-bbbb-4bbb-8bbb-bbbbbbbbbbbb&zona=Zona%20Norte,57,0,0
1788744806883,60,GET Request,200,OK,Grupo GET Request 1-388,text,true,,984,221,3,3,http://localhost:3000/logistics/tenderos/productos-disponibles?tiendaId=bbbbbbbb-bbbb-4bbb-8bbb-bbbbbbbbbbbb&zona=Zona%20Norte,60,0,1
1788744806891,56,GET Request,200,OK,Grupo GET Request 1-387,text,true,,984,221,3,3,http://localhost:3000/logistics/tenderos/productos-disponibles?tiendaId=bbbbbbbb-bbbb-4bbb-8bbb-bbbbbbbbbbbb&zona=Zona%20Norte,56,0,0
1788744806895,56,GET Request,200,OK,Grupo GET Request 1-386,text,true,,984,221,3,3,http://localhost:3000/logistics/tenderos/productos-disponibles?tiendaId=bbbbbbbb-bbbb-4bbb-8bbb-bbbbbbbbbbbb&zona=Zona%20Norte,56,0,0
1788744806944,57,GET Request,200,OK,Grupo GET Request 1-388,text,true,,984,221,3,3,http://localhost:3000/logistics/tenderos/productos-disponibles?tiendaId=bbbbbbbb-bbbb-4bbb-8bbb-bbbbbbbbbbbb&zona=Zona%20Norte,57,0,0
1788744806947,60,GET Request,200,OK,Grupo GET Request 1-387,text,true,,984,221,3,3,http://localhost:3000/logistics/tenderos/productos-disponibles?tiendaId=bbbbbbbb-bbbb-4bbb-8bbb-bbbbbbbbbbbb&zona=Zona%20Norte,60,0,0
1788744806996,60,GET Request,200,OK,Grupo GET Request 1-389,text,true,,984,221,3,3,http://localhost:3000/logistics/tenderos/productos-disponibles?tiendaId=bbbbbbbb-bbbb-4bbb-8bbb-bbbbbbbbbbbb&zona=Zona%20Norte,60,0,1
1788744807001,57,GET Request,200,OK,Grupo GET Request 1-388,text,true,,984,221,3,3,http://localhost:3000/logistics/tenderos/productos-disponibles?tiendaId=bbbbbbbb-bbbb-4bbb-8bbb-bbbbbbbbbbbb&zona=Zona%20Norte,57,0,0
1788744807007,57,GET Request,200,OK,Grupo GET Request 1-387,text,true,,984,221,3,3,http://localhost:3000/logistics/tenderos/productos-disponibles?tiendaId=bbbbbbbb-bbbb-4bbb-8bbb-bbbbbbbbbbbb&zona=Zona%20Norte,57,0,0
1788744807058,57,GET Request,200,OK,Grupo GET Request 1-388,text,true,,984,221,3,3,http://localhost:3000/logistics/tenderos/productos-disponibles?tiendaId=bbbbbbbb-bbbb-4bbb-8bbb-bbbbbbbbbbbb&zona=Zona%20Norte,57,0,0
1788744807056,59,GET Request,200,OK,Grupo GET Request 1-389,text,true,,984,221,3,3,http://localhost:3000/logistics/tenderos/productos-disponibles?tiendaId=bbbbbbbb-bbbb-4bbb-8bbb-bbbbbbbbbbbb&zona=Zona%20Norte,59,0,0
1788744807106,58,GET Request,200,OK,Grupo GET Request 1-390,text,true,,984,221,3,3,http://localhost:3000/logistics/tenderos/productos-disponibles?tiendaId=bbbbbbbb-bbbb-4bbb-8bbb-bbbbbbbbbbbb&zona=Zona%20Norte,58,0,1
1788744807115,59,GET Request,200,OK,Grupo GET Request 1-388,text,true,,984,221,3,3,http://localhost:3000/logistics/tenderos/productos-disponibles?tiendaId=bbbbbbbb-bbbb-4bbb-8bbb-bbbbbbbbbbbb&zona=Zona%20Norte,59,0,0
1788744807115,60,GET Request,200,OK,Grupo GET Request 1-389,text,true,,984,221,3,3,http://localhost:3000/logistics/tenderos/productos-disponibles?tiendaId=bbbbbbbb-bbbb-4bbb-8bbb-bbbbbbbbbbbb&zona=Zona%20Norte,60,0,0
1788744807165,61,GET Request,200,OK,Grupo GET Request 1-390,text,true,,984,221,3,3,http://localhost:3000/logistics/tenderos/productos-disponibles?tiendaId=bbbbbbbb-bbbb-4bbb-8bbb-bbbbbbbbbbbb&zona=Zona%20Norte,61,0,0
1788744807175,61,GET Request,200,OK,Grupo GET Request 1-389,text,true,,984,221,3,3,http://localhost:3000/logistics/tenderos/productos-disponibles?tiendaId=bbbbbbbb-bbbb-4bbb-8bbb-bbbbbbbbbbbb&zona=Zona%20Norte,61,0,0
1788744807219,61,GET Request,200,OK,Grupo GET Request 1-391,text,true,,984,221,3,3,http://localhost:3000/logistics/tenderos/productos-disponibles?tiendaId=bbbbbbbb-bbbb-4bbb-8bbb-bbbbbbbbbbbb&zona=Zona%20Norte,61,0,0
1788744807226,59,GET Request,200,OK,Grupo GET Request 1-390,text,true,,984,221,3,3,http://localhost:3000/logistics/tenderos/productos-disponibles?tiendaId=bbbbbbbb-bbbb-4bbb-8bbb-bbbbbbbbbbbb&zona=Zona%20Norte,59,0,0
1788744807236,60,GET Request,200,OK,Grupo GET Request 1-389,text,true,,984,221,3,3,http://localhost:3000/logistics/tenderos/productos-disponibles?tiendaId=bbbbbbbb-bbbb-4bbb-8bbb-bbbbbbbbbbbb&zona=Zona%20Norte,60,0,0
1788744807280,59,GET Request,200,OK,Grupo GET Request 1-391,text,true,,984,221,3,3,http://localhost:3000/logistics/tenderos/productos-disponibles?tiendaId=bbbbbbbb-bbbb-4bbb-8bbb-bbbbbbbbbbbb&zona=Zona%20Norte,59,0,0
1788744807285,59,GET Request,200,OK,Grupo GET Request 1-390,text,true,,984,221,3,3,http://localhost:3000/logistics/tenderos/productos-disponibles?tiendaId=bbbbbbbb-bbbb-4bbb-8bbb-bbbbbbbbbbbb&zona=Zona%20Norte,59,0,0
1788744807329,58,GET Request,200,OK,Grupo GET Request 1-392,text,true,,984,221,3,3,http://localhost:3000/logistics/tenderos/productos-disponibles?tiendaId=bbbbbbbb-bbbb-4bbb-8bbb-bbbbbbbbbbbb&zona=Zona%20Norte,58,0,1
1788744807339,59,GET Request,200,OK,Grupo GET Request 1-391,text,true,,984,221,3,3,http://localhost:3000/logistics/tenderos/productos-disponibles?tiendaId=bbbbbbbb-bbbb-4bbb-8bbb-bbbbbbbbbbbb&zona=Zona%20Norte,59,0,0
1788744807344,57,GET Request,200,OK,Grupo GET Request 1-390,text,true,,984,221,3,3,http://localhost:3000/logistics/tenderos/productos-disponibles?tiendaId=bbbbbbbb-bbbb-4bbb-8bbb-bbbbbbbbbbbb&zona=Zona%20Norte,57,0,0
1788744807388,61,GET Request,200,OK,Grupo GET Request 1-392,text,true,,984,221,3,3,http://localhost:3000/logistics/tenderos/productos-disponibles?tiendaId=bbbbbbbb-bbbb-4bbb-8bbb-bbbbbbbbbbbb&zona=Zona%20Norte,61,0,0
1788744807399,59,GET Request,200,OK,Grupo GET Request 1-391,text,true,,984,221,3,3,http://localhost:3000/logistics/tenderos/productos-disponibles?tiendaId=bbbbbbbb-bbbb-4bbb-8bbb-bbbbbbbbbbbb&zona=Zona%20Norte,59,0,0
1788744807440,59,GET Request,200,OK,Grupo GET Request 1-393,text,true,,984,221,3,3,http://localhost:3000/logistics/tenderos/productos-disponibles?tiendaId=bbbbbbbb-bbbb-4bbb-8bbb-bbbbbbbbbbbb&zona=Zona%20Norte,59,0,0
1788744807449,62,GET Request,200,OK,Grupo GET Request 1-392,text,true,,984,221,3,3,http://localhost:3000/logistics/tenderos/productos-disponibles?tiendaId=bbbbbbbb-bbbb-4bbb-8bbb-bbbbbbbbbbbb&zona=Zona%20Norte,62,0,0
1788744807458,57,GET Request,200,OK,Grupo GET Request 1-391,text,true,,984,221,3,3,http://localhost:3000/logistics/tenderos/productos-disponibles?tiendaId=bbbbbbbb-bbbb-4bbb-8bbb-bbbbbbbbbbbb&zona=Zona%20Norte,57,0,0
1788744807499,57,GET Request,200,OK,Grupo GET Request 1-393,text,true,,984,221,3,3,http://localhost:3000/logistics/tenderos/productos-disponibles?tiendaId=bbbbbbbb-bbbb-4bbb-8bbb-bbbbbbbbbbbb&zona=Zona%20Norte,57,0,0
1788744807511,56,GET Request,200,OK,Grupo GET Request 1-392,text,true,,984,221,3,3,http://localhost:3000/logistics/tenderos/productos-disponibles?tiendaId=bbbbbbbb-bbbb-4bbb-8bbb-bbbbbbbbbbbb&zona=Zona%20Norte,56,0,0
1788744807552,55,GET Request,200,OK,Grupo GET Request 1-394,text,true,,984,221,3,3,http://localhost:3000/logistics/tenderos/productos-disponibles?tiendaId=bbbbbbbb-bbbb-4bbb-8bbb-bbbbbbbbbbbb&zona=Zona%20Norte,55,0,1
1788744807556,55,GET Request,200,OK,Grupo GET Request 1-393,text,true,,984,221,3,3,http://localhost:3000/logistics/tenderos/productos-disponibles?tiendaId=bbbbbbbb-bbbb-4bbb-8bbb-bbbbbbbbbbbb&zona=Zona%20Norte,55,0,0
1788744807567,55,GET Request,200,OK,Grupo GET Request 1-392,text,true,,984,221,3,3,http://localhost:3000/logistics/tenderos/productos-disponibles?tiendaId=bbbbbbbb-bbbb-4bbb-8bbb-bbbbbbbbbbbb&zona=Zona%20Norte,55,0,0
1788744807607,59,GET Request,200,OK,Grupo GET Request 1-394,text,true,,984,221,3,3,http://localhost:3000/logistics/tenderos/productos-disponibles?tiendaId=bbbbbbbb-bbbb-4bbb-8bbb-bbbbbbbbbbbb&zona=Zona%20Norte,59,0,0
1788744807612,56,GET Request,200,OK,Grupo GET Request 1-393,text,true,,984,221,3,3,http://localhost:3000/logistics/tenderos/productos-disponibles?tiendaId=bbbbbbbb-bbbb-4bbb-8bbb-bbbbbbbbbbbb&zona=Zona%20Norte,56,0,0
1788744807658,60,GET Request,200,OK,Grupo GET Request 1-395,text,true,,984,221,3,3,http://localhost:3000/logistics/tenderos/productos-disponibles?tiendaId=bbbbbbbb-bbbb-4bbb-8bbb-bbbbbbbbbbbb&zona=Zona%20Norte,60,0,1
1788744807667,58,GET Request,200,OK,Grupo GET Request 1-394,text,true,,984,221,3,3,http://localhost:3000/logistics/tenderos/productos-disponibles?tiendaId=bbbbbbbb-bbbb-4bbb-8bbb-bbbbbbbbbbbb&zona=Zona%20Norte,58,0,0
1788744807668,57,GET Request,200,OK,Grupo GET Request 1-393,text,true,,984,221,3,3,http://localhost:3000/logistics/tenderos/productos-disponibles?tiendaId=bbbbbbbb-bbbb-4bbb-8bbb-bbbbbbbbbbbb&zona=Zona%20Norte,57,0,0
1788744807718,59,GET Request,200,OK,Grupo GET Request 1-395,text,true,,984,221,3,3,http://localhost:3000/logistics/tenderos/productos-disponibles?tiendaId=bbbbbbbb-bbbb-4bbb-8bbb-bbbbbbbbbbbb&zona=Zona%20Norte,59,0,0
1788744807725,59,GET Request,200,OK,Grupo GET Request 1-394,text,true,,984,221,3,3,http://localhost:3000/logistics/tenderos/productos-disponibles?tiendaId=bbbbbbbb-bbbb-4bbb-8bbb-bbbbbbbbbbbb&zona=Zona%20Norte,59,0,0
1788744807772,59,GET Request,200,OK,Grupo GET Request 1-396,text,true,,984,221,3,3,http://localhost:3000/logistics/tenderos/productos-disponibles?tiendaId=bbbbbbbb-bbbb-4bbb-8bbb-bbbbbbbbbbbb&zona=Zona%20Norte,59,0,1
1788744807777,57,GET Request,200,OK,Grupo GET Request 1-395,text,true,,984,221,3,3,http://localhost:3000/logistics/tenderos/productos-disponibles?tiendaId=bbbbbbbb-bbbb-4bbb-8bbb-bbbbbbbbbbbb&zona=Zona%20Norte,57,0,0
1788744807785,56,GET Request,200,OK,Grupo GET Request 1-394,text,true,,984,221,3,3,http://localhost:3000/logistics/tenderos/productos-disponibles?tiendaId=bbbbbbbb-bbbb-4bbb-8bbb-bbbbbbbbbbbb&zona=Zona%20Norte,56,0,0
1788744807831,62,GET Request,200,OK,Grupo GET Request 1-396,text,true,,984,221,3,3,http://localhost:3000/logistics/tenderos/productos-disponibles?tiendaId=bbbbbbbb-bbbb-4bbb-8bbb-bbbbbbbbbbbb&zona=Zona%20Norte,62,0,0
1788744807834,59,GET Request,200,OK,Grupo GET Request 1-395,text,true,,984,221,3,3,http://localhost:3000/logistics/tenderos/productos-disponibles?tiendaId=bbbbbbbb-bbbb-4bbb-8bbb-bbbbbbbbbbbb&zona=Zona%20Norte,59,0,0
1788744807885,57,GET Request,200,OK,Grupo GET Request 1-397,text,true,,984,221,3,3,http://localhost:3000/logistics/tenderos/productos-disponibles?tiendaId=bbbbbbbb-bbbb-4bbb-8bbb-bbbbbbbbbbbb&zona=Zona%20Norte,57,0,0
1788744807893,56,GET Request,200,OK,Grupo GET Request 1-395,text,true,,984,221,3,3,http://localhost:3000/logistics/tenderos/productos-disponibles?tiendaId=bbbbbbbb-bbbb-4bbb-8bbb-bbbbbbbbbbbb&zona=Zona%20Norte,56,0,0
1788744807893,57,GET Request,200,OK,Grupo GET Request 1-396,text,true,,984,221,2,2,http://localhost:3000/logistics/tenderos/productos-disponibles?tiendaId=bbbbbbbb-bbbb-4bbb-8bbb-bbbbbbbbbbbb&zona=Zona%20Norte,57,0,0
1788744807942,58,GET Request,200,OK,Grupo GET Request 1-397,text,true,,984,221,3,3,http://localhost:3000/logistics/tenderos/productos-disponibles?tiendaId=bbbbbbbb-bbbb-4bbb-8bbb-bbbbbbbbbbbb&zona=Zona%20Norte,58,0,0
1788744807950,55,GET Request,200,OK,Grupo GET Request 1-396,text,true,,984,221,3,3,http://localhost:3000/logistics/tenderos/productos-disponibles?tiendaId=bbbbbbbb-bbbb-4bbb-8bbb-bbbbbbbbbbbb&zona=Zona%20Norte,55,0,0
1788744807992,55,GET Request,200,OK,Grupo GET Request 1-398,text,true,,984,221,3,3,http://localhost:3000/logistics/tenderos/productos-disponibles?tiendaId=bbbbbbbb-bbbb-4bbb-8bbb-bbbbbbbbbbbb&zona=Zona%20Norte,55,0,1
1788744808000,56,GET Request,200,OK,Grupo GET Request 1-397,text,true,,984,221,3,3,http://localhost:3000/logistics/tenderos/productos-disponibles?tiendaId=bbbbbbbb-bbbb-4bbb-8bbb-bbbbbbbbbbbb&zona=Zona%20Norte,56,0,0
1788744808005,55,GET Request,200,OK,Grupo GET Request 1-396,text,true,,984,221,3,3,http://localhost:3000/logistics/tenderos/productos-disponibles?tiendaId=bbbbbbbb-bbbb-4bbb-8bbb-bbbbbbbbbbbb&zona=Zona%20Norte,55,0,0
1788744808048,60,GET Request,200,OK,Grupo GET Request 1-398,text,true,,984,221,3,3,http://localhost:3000/logistics/tenderos/productos-disponibles?tiendaId=bbbbbbbb-bbbb-4bbb-8bbb-bbbbbbbbbbbb&zona=Zona%20Norte,60,0,0
1788744808056,59,GET Request,200,OK,Grupo GET Request 1-397,text,true,,984,221,3,3,http://localhost:3000/logistics/tenderos/productos-disponibles?tiendaId=bbbbbbbb-bbbb-4bbb-8bbb-bbbbbbbbbbbb&zona=Zona%20Norte,59,0,0
1788744808103,55,GET Request,200,OK,Grupo GET Request 1-399,text,true,,984,221,3,3,http://localhost:3000/logistics/tenderos/productos-disponibles?tiendaId=bbbbbbbb-bbbb-4bbb-8bbb-bbbbbbbbbbbb&zona=Zona%20Norte,55,0,0
1788744808108,54,GET Request,200,OK,Grupo GET Request 1-398,text,true,,984,221,3,3,http://localhost:3000/logistics/tenderos/productos-disponibles?tiendaId=bbbbbbbb-bbbb-4bbb-8bbb-bbbbbbbbbbbb&zona=Zona%20Norte,54,0,0
1788744808115,56,GET Request,200,OK,Grupo GET Request 1-397,text,true,,984,221,3,3,http://localhost:3000/logistics/tenderos/productos-disponibles?tiendaId=bbbbbbbb-bbbb-4bbb-8bbb-bbbbbbbbbbbb&zona=Zona%20Norte,56,0,0
1788744808159,60,GET Request,200,OK,Grupo GET Request 1-399,text,true,,984,221,3,3,http://localhost:3000/logistics/tenderos/productos-disponibles?tiendaId=bbbbbbbb-bbbb-4bbb-8bbb-bbbbbbbbbbbb&zona=Zona%20Norte,60,0,0
1788744808162,61,GET Request,200,OK,Grupo GET Request 1-398,text,true,,984,221,3,3,http://localhost:3000/logistics/tenderos/productos-disponibles?tiendaId=bbbbbbbb-bbbb-4bbb-8bbb-bbbbbbbbbbbb&zona=Zona%20Norte,61,0,0
1788744808215,57,GET Request,200,OK,Grupo GET Request 1-400,text,true,,984,221,3,3,http://localhost:3000/logistics/tenderos/productos-disponibles?tiendaId=bbbbbbbb-bbbb-4bbb-8bbb-bbbbbbbbbbbb&zona=Zona%20Norte,57,0,1
1788744808219,58,GET Request,200,OK,Grupo GET Request 1-399,text,true,,984,221,3,3,http://localhost:3000/logistics/tenderos/productos-disponibles?tiendaId=bbbbbbbb-bbbb-4bbb-8bbb-bbbbbbbbbbbb&zona=Zona%20Norte,58,0,0
1788744808223,58,GET Request,200,OK,Grupo GET Request 1-398,text,true,,984,221,3,3,http://localhost:3000/logistics/tenderos/productos-disponibles?tiendaId=bbbbbbbb-bbbb-4bbb-8bbb-bbbbbbbbbbbb&zona=Zona%20Norte,58,0,0
1788744808273,63,GET Request,200,OK,Grupo GET Request 1-400,text,true,,984,221,3,3,http://localhost:3000/logistics/tenderos/productos-disponibles?tiendaId=bbbbbbbb-bbbb-4bbb-8bbb-bbbbbbbbbbbb&zona=Zona%20Norte,63,0,0
1788744808278,62,GET Request,200,OK,Grupo GET Request 1-399,text,true,,984,221,3,3,http://localhost:3000/logistics/tenderos/productos-disponibles?tiendaId=bbbbbbbb-bbbb-4bbb-8bbb-bbbbbbbbbbbb&zona=Zona%20Norte,62,0,0
1788744808328,62,GET Request,200,OK,Grupo GET Request 1-401,text,true,,984,221,3,3,http://localhost:3000/logistics/tenderos/productos-disponibles?tiendaId=bbbbbbbb-bbbb-4bbb-8bbb-bbbbbbbbbbbb&zona=Zona%20Norte,62,0,1
1788744808336,58,GET Request,200,OK,Grupo GET Request 1-400,text,true,,984,221,3,3,http://localhost:3000/logistics/tenderos/productos-disponibles?tiendaId=bbbbbbbb-bbbb-4bbb-8bbb-bbbbbbbbbbbb&zona=Zona%20Norte,58,0,0
1788744808340,61,GET Request,200,OK,Grupo GET Request 1-399,text,true,,984,221,3,3,http://localhost:3000/logistics/tenderos/productos-disponibles?tiendaId=bbbbbbbb-bbbb-4bbb-8bbb-bbbbbbbbbbbb&zona=Zona%20Norte,61,0,0
1788744808391,61,GET Request,200,OK,Grupo GET Request 1-401,text,true,,984,221,3,3,http://localhost:3000/logistics/tenderos/productos-disponibles?tiendaId=bbbbbbbb-bbbb-4bbb-8bbb-bbbbbbbbbbbb&zona=Zona%20Norte,61,0,0
1788744808394,62,GET Request,200,OK,Grupo GET Request 1-400,text,true,,984,221,3,3,http://localhost:3000/logistics/tenderos/productos-disponibles?tiendaId=bbbbbbbb-bbbb-4bbb-8bbb-bbbbbbbbbbbb&zona=Zona%20Norte,62,0,0
1788744808440,58,GET Request,200,OK,Grupo GET Request 1-402,text,true,,984,221,3,3,http://localhost:3000/logistics/tenderos/productos-disponibles?tiendaId=bbbbbbbb-bbbb-4bbb-8bbb-bbbbbbbbbbbb&zona=Zona%20Norte,58,0,0
1788744808452,60,GET Request,200,OK,Grupo GET Request 1-401,text,true,,984,221,3,3,http://localhost:3000/logistics/tenderos/productos-disponibles?tiendaId=bbbbbbbb-bbbb-4bbb-8bbb-bbbbbbbbbbbb&zona=Zona%20Norte,60,0,0
1788744808456,62,GET Request,200,OK,Grupo GET Request 1-400,text,true,,984,221,3,3,http://localhost:3000/logistics/tenderos/productos-disponibles?tiendaId=bbbbbbbb-bbbb-4bbb-8bbb-bbbbbbbbbbbb&zona=Zona%20Norte,62,0,0
1788744808498,60,GET Request,200,OK,Grupo GET Request 1-402,text,true,,984,221,3,3,http://localhost:3000/logistics/tenderos/productos-disponibles?tiendaId=bbbbbbbb-bbbb-4bbb-8bbb-bbbbbbbbbbbb&zona=Zona%20Norte,60,0,0
1788744808512,62,GET Request,200,OK,Grupo GET Request 1-401,text,true,,984,221,3,3,http://localhost:3000/logistics/tenderos/productos-disponibles?tiendaId=bbbbbbbb-bbbb-4bbb-8bbb-bbbbbbbbbbbb&zona=Zona%20Norte,62,0,0
1788744808551,58,GET Request,200,OK,Grupo GET Request 1-403,text,true,,984,221,3,3,http://localhost:3000/logistics/tenderos/productos-disponibles?tiendaId=bbbbbbbb-bbbb-4bbb-8bbb-bbbbbbbbbbbb&zona=Zona%20Norte,58,0,0
1788744808558,57,GET Request,200,OK,Grupo GET Request 1-402,text,true,,984,221,3,3,http://localhost:3000/logistics/tenderos/productos-disponibles?tiendaId=bbbbbbbb-bbbb-4bbb-8bbb-bbbbbbbbbbbb&zona=Zona%20Norte,57,0,0
1788744808575,59,GET Request,200,OK,Grupo GET Request 1-401,text,true,,984,221,3,3,http://localhost:3000/logistics/tenderos/productos-disponibles?tiendaId=bbbbbbbb-bbbb-4bbb-8bbb-bbbbbbbbbbbb&zona=Zona%20Norte,59,0,0
1788744808609,60,GET Request,200,OK,Grupo GET Request 1-403,text,true,,984,221,3,3,http://localhost:3000/logistics/tenderos/productos-disponibles?tiendaId=bbbbbbbb-bbbb-4bbb-8bbb-bbbbbbbbbbbb&zona=Zona%20Norte,60,0,0
1788744808616,60,GET Request,200,OK,Grupo GET Request 1-402,text,true,,984,221,3,3,http://localhost:3000/logistics/tenderos/productos-disponibles?tiendaId=bbbbbbbb-bbbb-4bbb-8bbb-bbbbbbbbbbbb&zona=Zona%20Norte,60,0,0
1788744808660,56,GET Request,200,OK,Grupo GET Request 1-404,text,true,,984,221,3,3,http://localhost:3000/logistics/tenderos/productos-disponibles?tiendaId=bbbbbbbb-bbbb-4bbb-8bbb-bbbbbbbbbbbb&zona=Zona%20Norte,56,0,0
1788744808669,59,GET Request,200,OK,Grupo GET Request 1-403,text,true,,984,221,3,3,http://localhost:3000/logistics/tenderos/productos-disponibles?tiendaId=bbbbbbbb-bbbb-4bbb-8bbb-bbbbbbbbbbbb&zona=Zona%20Norte,59,0,0
1788744808676,57,GET Request,200,OK,Grupo GET Request 1-402,text,true,,984,221,3,3,http://localhost:3000/logistics/tenderos/productos-disponibles?tiendaId=bbbbbbbb-bbbb-4bbb-8bbb-bbbbbbbbbbbb&zona=Zona%20Norte,57,0,0
1788744808716,249,GET Request,200,OK,Grupo GET Request 1-404,text,true,,984,221,4,4,http://localhost:3000/logistics/tenderos/productos-disponibles?tiendaId=bbbbbbbb-bbbb-4bbb-8bbb-bbbbbbbbbbbb&zona=Zona%20Norte,249,0,0
1788744808728,252,GET Request,200,OK,Grupo GET Request 1-403,text,true,,984,221,4,4,http://localhost:3000/logistics/tenderos/productos-disponibles?tiendaId=bbbbbbbb-bbbb-4bbb-8bbb-bbbbbbbbbbbb&zona=Zona%20Norte,252,0,0
1788744808831,192,GET Request,200,OK,Grupo GET Request 1-405,text,true,,984,221,5,5,http://localhost:3000/logistics/tenderos/productos-disponibles?tiendaId=bbbbbbbb-bbbb-4bbb-8bbb-bbbbbbbbbbbb&zona=Zona%20Norte,192,0,4
1788744808895,135,GET Request,200,OK,Grupo GET Request 1-406,text,true,,984,221,5,5,http://localhost:3000/logistics/tenderos/productos-disponibles?tiendaId=bbbbbbbb-bbbb-4bbb-8bbb-bbbbbbbbbbbb&zona=Zona%20Norte,135,0,10
1788744808966,81,GET Request,200,OK,Grupo GET Request 1-404,text,true,,984,221,5,5,http://localhost:3000/logistics/tenderos/productos-disponibles?tiendaId=bbbbbbbb-bbbb-4bbb-8bbb-bbbbbbbbbbbb&zona=Zona%20Norte,81,0,0
1788744808980,78,GET Request,200,OK,Grupo GET Request 1-403,text,true,,984,221,5,5,http://localhost:3000/logistics/tenderos/productos-disponibles?tiendaId=bbbbbbbb-bbbb-4bbb-8bbb-bbbbbbbbbbbb&zona=Zona%20Norte,78,0,0
1788744808994,80,GET Request,200,OK,Grupo GET Request 1-407,text,true,,984,221,4,4,http://localhost:3000/logistics/tenderos/productos-disponibles?tiendaId=bbbbbbbb-bbbb-4bbb-8bbb-bbbbbbbbbbbb&zona=Zona%20Norte,80,0,1
1788744809030,123,GET Request,200,OK,Grupo GET Request 1-406,text,true,,984,221,5,5,http://localhost:3000/logistics/tenderos/productos-disponibles?tiendaId=bbbbbbbb-bbbb-4bbb-8bbb-bbbbbbbbbbbb&zona=Zona%20Norte,123,0,0
1788744809023,140,GET Request,200,OK,Grupo GET Request 1-405,text,true,,984,221,5,5,http://localhost:3000/logistics/tenderos/productos-disponibles?tiendaId=bbbbbbbb-bbbb-4bbb-8bbb-bbbbbbbbbbbb&zona=Zona%20Norte,140,0,0
1788744809049,131,GET Request,200,OK,Grupo GET Request 1-404,text,true,,984,221,5,5,http://localhost:3000/logistics/tenderos/productos-disponibles?tiendaId=bbbbbbbb-bbbb-4bbb-8bbb-bbbbbbbbbbbb&zona=Zona%20Norte,131,0,0
1788744809075,138,GET Request,200,OK,Grupo GET Request 1-407,text,true,,984,221,5,5,http://localhost:3000/logistics/tenderos/productos-disponibles?tiendaId=bbbbbbbb-bbbb-4bbb-8bbb-bbbbbbbbbbbb&zona=Zona%20Norte,138,0,0
1788744809111,116,GET Request,200,OK,Grupo GET Request 1-408,text,true,,984,221,6,6,http://localhost:3000/logistics/tenderos/productos-disponibles?tiendaId=bbbbbbbb-bbbb-4bbb-8bbb-bbbbbbbbbbbb&zona=Zona%20Norte,116,0,2
1788744809165,73,GET Request,200,OK,Grupo GET Request 1-405,text,true,,984,221,6,6,http://localhost:3000/logistics/tenderos/productos-disponibles?tiendaId=bbbbbbbb-bbbb-4bbb-8bbb-bbbbbbbbbbbb&zona=Zona%20Norte,73,0,0
1788744809154,91,GET Request,200,OK,Grupo GET Request 1-406,text,true,,984,221,6,6,http://localhost:3000/logistics/tenderos/productos-disponibles?tiendaId=bbbbbbbb-bbbb-4bbb-8bbb-bbbbbbbbbbbb&zona=Zona%20Norte,91,0,0
1788744809181,73,GET Request,200,OK,Grupo GET Request 1-404,text,true,,984,221,6,6,http://localhost:3000/logistics/tenderos/productos-disponibles?tiendaId=bbbbbbbb-bbbb-4bbb-8bbb-bbbbbbbbbbbb&zona=Zona%20Norte,73,0,0
1788744809214,85,GET Request,200,OK,Grupo GET Request 1-407,text,true,,984,221,5,5,http://localhost:3000/logistics/tenderos/productos-disponibles?tiendaId=bbbbbbbb-bbbb-4bbb-8bbb-bbbbbbbbbbbb&zona=Zona%20Norte,85,0,0
1788744809228,93,GET Request,200,OK,Grupo GET Request 1-408,text,true,,984,221,5,5,http://localhost:3000/logistics/tenderos/productos-disponibles?tiendaId=bbbbbbbb-bbbb-4bbb-8bbb-bbbbbbbbbbbb&zona=Zona%20Norte,93,0,0
1788744809238,99,GET Request,200,OK,Grupo GET Request 1-405,text,true,,984,221,6,6,http://localhost:3000/logistics/tenderos/productos-disponibles?tiendaId=bbbbbbbb-bbbb-4bbb-8bbb-bbbbbbbbbbbb&zona=Zona%20Norte,99,0,0
1788744809245,104,GET Request,200,OK,Grupo GET Request 1-406,text,true,,984,221,6,6,http://localhost:3000/logistics/tenderos/productos-disponibles?tiendaId=bbbbbbbb-bbbb-4bbb-8bbb-bbbbbbbbbbbb&zona=Zona%20Norte,104,0,0
1788744809321,68,GET Request,200,OK,Grupo GET Request 1-408,text,true,,984,221,6,6,http://localhost:3000/logistics/tenderos/productos-disponibles?tiendaId=bbbbbbbb-bbbb-4bbb-8bbb-bbbbbbbbbbbb&zona=Zona%20Norte,68,0,0
1788744809217,176,GET Request,200,OK,Grupo GET Request 1-409,text,true,,984,221,6,6,http://localhost:3000/logistics/tenderos/productos-disponibles?tiendaId=bbbbbbbb-bbbb-4bbb-8bbb-bbbbbbbbbbbb&zona=Zona%20Norte,176,0,1
1788744809299,99,GET Request,200,OK,Grupo GET Request 1-407,text,true,,984,221,6,6,http://localhost:3000/logistics/tenderos/productos-disponibles?tiendaId=bbbbbbbb-bbbb-4bbb-8bbb-bbbbbbbbbbbb&zona=Zona%20Norte,99,0,0
1788744809349,58,GET Request,200,OK,Grupo GET Request 1-406,text,true,,984,221,6,6,http://localhost:3000/logistics/tenderos/productos-disponibles?tiendaId=bbbbbbbb-bbbb-4bbb-8bbb-bbbbbbbbbbbb&zona=Zona%20Norte,58,0,0
1788744809329,81,GET Request,200,OK,Grupo GET Request 1-410,text,true,,984,221,5,5,http://localhost:3000/logistics/tenderos/productos-disponibles?tiendaId=bbbbbbbb-bbbb-4bbb-8bbb-bbbbbbbbbbbb&zona=Zona%20Norte,81,0,1
1788744809338,80,GET Request,200,OK,Grupo GET Request 1-405,text,true,,984,221,5,5,http://localhost:3000/logistics/tenderos/productos-disponibles?tiendaId=bbbbbbbb-bbbb-4bbb-8bbb-bbbbbbbbbbbb&zona=Zona%20Norte,80,0,0
1788744809393,60,GET Request,200,OK,Grupo GET Request 1-409,text,true,,984,221,5,5,http://localhost:3000/logistics/tenderos/productos-disponibles?tiendaId=bbbbbbbb-bbbb-4bbb-8bbb-bbbbbbbbbbbb&zona=Zona%20Norte,60,0,0
1788744809389,70,GET Request,200,OK,Grupo GET Request 1-408,text,true,,984,221,5,5,http://localhost:3000/logistics/tenderos/productos-disponibles?tiendaId=bbbbbbbb-bbbb-4bbb-8bbb-bbbbbbbbbbbb&zona=Zona%20Norte,70,0,0
1788744809399,69,GET Request,200,OK,Grupo GET Request 1-407,text,true,,984,221,5,5,http://localhost:3000/logistics/tenderos/productos-disponibles?tiendaId=bbbbbbbb-bbbb-4bbb-8bbb-bbbbbbbbbbbb&zona=Zona%20Norte,69,0,0
1788744809411,81,GET Request,200,OK,Grupo GET Request 1-410,text,true,,984,221,4,4,http://localhost:3000/logistics/tenderos/productos-disponibles?tiendaId=bbbbbbbb-bbbb-4bbb-8bbb-bbbbbbbbbbbb&zona=Zona%20Norte,80,0,0
1788744809436,62,GET Request,200,OK,Grupo GET Request 1-411,text,true,,984,221,4,4,http://localhost:3000/logistics/tenderos/productos-disponibles?tiendaId=bbbbbbbb-bbbb-4bbb-8bbb-bbbbbbbbbbbb&zona=Zona%20Norte,62,0,0
1788744809453,62,GET Request,200,OK,Grupo GET Request 1-409,text,true,,984,221,4,4,http://localhost:3000/logistics/tenderos/productos-disponibles?tiendaId=bbbbbbbb-bbbb-4bbb-8bbb-bbbbbbbbbbbb&zona=Zona%20Norte,62,0,0
1788744809460,64,GET Request,200,OK,Grupo GET Request 1-408,text,true,,984,221,4,4,http://localhost:3000/logistics/tenderos/productos-disponibles?tiendaId=bbbbbbbb-bbbb-4bbb-8bbb-bbbbbbbbbbbb&zona=Zona%20Norte,64,0,0
1788744809492,64,GET Request,200,OK,Grupo GET Request 1-410,text,true,,984,221,4,4,http://localhost:3000/logistics/tenderos/productos-disponibles?tiendaId=bbbbbbbb-bbbb-4bbb-8bbb-bbbbbbbbbbbb&zona=Zona%20Norte,64,0,0
1788744809498,77,GET Request,200,OK,Grupo GET Request 1-411,text,true,,984,221,4,4,http://localhost:3000/logistics/tenderos/productos-disponibles?tiendaId=bbbbbbbb-bbbb-4bbb-8bbb-bbbbbbbbbbbb&zona=Zona%20Norte,77,0,0
1788744809515,63,GET Request,200,OK,Grupo GET Request 1-409,text,true,,984,221,4,4,http://localhost:3000/logistics/tenderos/productos-disponibles?tiendaId=bbbbbbbb-bbbb-4bbb-8bbb-bbbbbbbbbbbb&zona=Zona%20Norte,63,0,0
1788744809551,60,GET Request,200,OK,Grupo GET Request 1-412,text,true,,984,221,4,4,http://localhost:3000/logistics/tenderos/productos-disponibles?tiendaId=bbbbbbbb-bbbb-4bbb-8bbb-bbbbbbbbbbbb&zona=Zona%20Norte,60,0,1
1788744809557,58,GET Request,200,OK,Grupo GET Request 1-410,text,true,,984,221,4,4,http://localhost:3000/logistics/tenderos/productos-disponibles?tiendaId=bbbbbbbb-bbbb-4bbb-8bbb-bbbbbbbbbbbb&zona=Zona%20Norte,58,0,0
1788744809575,58,GET Request,200,OK,Grupo GET Request 1-411,text,true,,984,221,4,4,http://localhost:3000/logistics/tenderos/productos-disponibles?tiendaId=bbbbbbbb-bbbb-4bbb-8bbb-bbbbbbbbbbbb&zona=Zona%20Norte,58,0,0
1788744809578,57,GET Request,200,OK,Grupo GET Request 1-409,text,true,,984,221,4,4,http://localhost:3000/logistics/tenderos/productos-disponibles?tiendaId=bbbbbbbb-bbbb-4bbb-8bbb-bbbbbbbbbbbb&zona=Zona%20Norte,57,0,0
1788744809611,60,GET Request,200,OK,Grupo GET Request 1-412,text,true,,984,221,4,4,http://localhost:3000/logistics/tenderos/productos-disponibles?tiendaId=bbbbbbbb-bbbb-4bbb-8bbb-bbbbbbbbbbbb&zona=Zona%20Norte,60,0,0
1788744809615,63,GET Request,200,OK,Grupo GET Request 1-410,text,true,,984,221,4,4,http://localhost:3000/logistics/tenderos/productos-disponibles?tiendaId=bbbbbbbb-bbbb-4bbb-8bbb-bbbbbbbbbbbb&zona=Zona%20Norte,63,0,0
1788744809633,61,GET Request,200,OK,Grupo GET Request 1-411,text,true,,984,221,3,3,http://localhost:3000/logistics/tenderos/productos-disponibles?tiendaId=bbbbbbbb-bbbb-4bbb-8bbb-bbbbbbbbbbbb&zona=Zona%20Norte,61,0,0
1788744809663,63,GET Request,200,OK,Grupo GET Request 1-413,text,true,,984,221,3,3,http://localhost:3000/logistics/tenderos/productos-disponibles?tiendaId=bbbbbbbb-bbbb-4bbb-8bbb-bbbbbbbbbbbb&zona=Zona%20Norte,63,0,2
1788744809671,66,GET Request,200,OK,Grupo GET Request 1-412,text,true,,984,221,3,3,http://localhost:3000/logistics/tenderos/productos-disponibles?tiendaId=bbbbbbbb-bbbb-4bbb-8bbb-bbbbbbbbbbbb&zona=Zona%20Norte,66,0,0
1788744809694,65,GET Request,200,OK,Grupo GET Request 1-411,text,true,,984,221,3,3,http://localhost:3000/logistics/tenderos/productos-disponibles?tiendaId=bbbbbbbb-bbbb-4bbb-8bbb-bbbbbbbbbbbb&zona=Zona%20Norte,65,0,0
1788744809726,67,GET Request,200,OK,Grupo GET Request 1-413,text,true,,984,221,3,3,http://localhost:3000/logistics/tenderos/productos-disponibles?tiendaId=bbbbbbbb-bbbb-4bbb-8bbb-bbbbbbbbbbbb&zona=Zona%20Norte,67,0,0
1788744809737,61,GET Request,200,OK,Grupo GET Request 1-412,text,true,,984,221,3,3,http://localhost:3000/logistics/tenderos/productos-disponibles?tiendaId=bbbbbbbb-bbbb-4bbb-8bbb-bbbbbbbbbbbb&zona=Zona%20Norte,61,0,0
1788744809771,58,GET Request,200,OK,Grupo GET Request 1-414,text,true,,984,221,3,3,http://localhost:3000/logistics/tenderos/productos-disponibles?tiendaId=bbbbbbbb-bbbb-4bbb-8bbb-bbbbbbbbbbbb&zona=Zona%20Norte,58,0,1
1788744809794,57,GET Request,200,OK,Grupo GET Request 1-413,text,true,,984,221,3,3,http://localhost:3000/logistics/tenderos/productos-disponibles?tiendaId=bbbbbbbb-bbbb-4bbb-8bbb-bbbbbbbbbbbb&zona=Zona%20Norte,57,0,0
1788744809799,61,GET Request,200,OK,Grupo GET Request 1-412,text,true,,984,221,3,3,http://localhost:3000/logistics/tenderos/productos-disponibles?tiendaId=bbbbbbbb-bbbb-4bbb-8bbb-bbbbbbbbbbbb&zona=Zona%20Norte,61,0,0
1788744809829,63,GET Request,200,OK,Grupo GET Request 1-414,text,true,,984,221,3,3,http://localhost:3000/logistics/tenderos/productos-disponibles?tiendaId=bbbbbbbb-bbbb-4bbb-8bbb-bbbbbbbbbbbb&zona=Zona%20Norte,63,0,0
1788744809851,59,GET Request,200,OK,Grupo GET Request 1-413,text,true,,984,221,3,3,http://localhost:3000/logistics/tenderos/productos-disponibles?tiendaId=bbbbbbbb-bbbb-4bbb-8bbb-bbbbbbbbbbbb&zona=Zona%20Norte,59,0,0
1788744809884,61,GET Request,200,OK,Grupo GET Request 1-415,text,true,,984,221,3,3,http://localhost:3000/logistics/tenderos/productos-disponibles?tiendaId=bbbbbbbb-bbbb-4bbb-8bbb-bbbbbbbbbbbb&zona=Zona%20Norte,61,0,1
1788744809892,59,GET Request,200,OK,Grupo GET Request 1-414,text,true,,984,221,3,3,http://localhost:3000/logistics/tenderos/productos-disponibles?tiendaId=bbbbbbbb-bbbb-4bbb-8bbb-bbbbbbbbbbbb&zona=Zona%20Norte,59,0,0
1788744809910,61,GET Request,200,OK,Grupo GET Request 1-413,text,true,,984,221,3,3,http://localhost:3000/logistics/tenderos/productos-disponibles?tiendaId=bbbbbbbb-bbbb-4bbb-8bbb-bbbbbbbbbbbb&zona=Zona%20Norte,61,0,0
1788744809945,61,GET Request,200,OK,Grupo GET Request 1-415,text,true,,984,221,3,3,http://localhost:3000/logistics/tenderos/productos-disponibles?tiendaId=bbbbbbbb-bbbb-4bbb-8bbb-bbbbbbbbbbbb&zona=Zona%20Norte,61,0,0
1788744809951,59,GET Request,200,OK,Grupo GET Request 1-414,text,true,,984,221,3,3,http://localhost:3000/logistics/tenderos/productos-disponibles?tiendaId=bbbbbbbb-bbbb-4bbb-8bbb-bbbbbbbbbbbb&zona=Zona%20Norte,59,0,0
1788744809993,67,GET Request,200,OK,Grupo GET Request 1-416,text,true,,984,221,3,3,http://localhost:3000/logistics/tenderos/productos-disponibles?tiendaId=bbbbbbbb-bbbb-4bbb-8bbb-bbbbbbbbbbbb&zona=Zona%20Norte,67,0,0
1788744810008,73,GET Request,200,OK,Grupo GET Request 1-415,text,true,,984,221,3,3,http://localhost:3000/logistics/tenderos/productos-disponibles?tiendaId=bbbbbbbb-bbbb-4bbb-8bbb-bbbbbbbbbbbb&zona=Zona%20Norte,73,0,0
1788744810011,71,GET Request,200,OK,Grupo GET Request 1-414,text,true,,984,221,3,3,http://localhost:3000/logistics/tenderos/productos-disponibles?tiendaId=bbbbbbbb-bbbb-4bbb-8bbb-bbbbbbbbbbbb&zona=Zona%20Norte,71,0,0
1788744810060,73,GET Request,200,OK,Grupo GET Request 1-416,text,true,,984,221,3,3,http://localhost:3000/logistics/tenderos/productos-disponibles?tiendaId=bbbbbbbb-bbbb-4bbb-8bbb-bbbbbbbbbbbb&zona=Zona%20Norte,73,0,0
1788744810081,69,GET Request,200,OK,Grupo GET Request 1-415,text,true,,984,221,3,3,http://localhost:3000/logistics/tenderos/productos-disponibles?tiendaId=bbbbbbbb-bbbb-4bbb-8bbb-bbbbbbbbbbbb&zona=Zona%20Norte,69,0,0
1788744810103,62,GET Request,200,OK,Grupo GET Request 1-417,text,true,,984,221,3,3,http://localhost:3000/logistics/tenderos/productos-disponibles?tiendaId=bbbbbbbb-bbbb-4bbb-8bbb-bbbbbbbbbbbb&zona=Zona%20Norte,62,0,1
1788744810134,62,GET Request,200,OK,Grupo GET Request 1-416,text,true,,984,221,3,3,http://localhost:3000/logistics/tenderos/productos-disponibles?tiendaId=bbbbbbbb-bbbb-4bbb-8bbb-bbbbbbbbbbbb&zona=Zona%20Norte,62,0,0
1788744810150,61,GET Request,200,OK,Grupo GET Request 1-415,text,true,,984,221,3,3,http://localhost:3000/logistics/tenderos/productos-disponibles?tiendaId=bbbbbbbb-bbbb-4bbb-8bbb-bbbbbbbbbbbb&zona=Zona%20Norte,61,0,0
1788744810165,60,GET Request,200,OK,Grupo GET Request 1-417,text,true,,984,221,3,3,http://localhost:3000/logistics/tenderos/productos-disponibles?tiendaId=bbbbbbbb-bbbb-4bbb-8bbb-bbbbbbbbbbbb&zona=Zona%20Norte,60,0,0
1788744810196,60,GET Request,200,OK,Grupo GET Request 1-416,text,true,,984,221,3,3,http://localhost:3000/logistics/tenderos/productos-disponibles?tiendaId=bbbbbbbb-bbbb-4bbb-8bbb-bbbbbbbbbbbb&zona=Zona%20Norte,60,0,0
1788744810212,60,GET Request,200,OK,Grupo GET Request 1-418,text,true,,984,221,3,3,http://localhost:3000/logistics/tenderos/productos-disponibles?tiendaId=bbbbbbbb-bbbb-4bbb-8bbb-bbbbbbbbbbbb&zona=Zona%20Norte,60,0,0
1788744810226,58,GET Request,200,OK,Grupo GET Request 1-417,text,true,,984,221,3,3,http://localhost:3000/logistics/tenderos/productos-disponibles?tiendaId=bbbbbbbb-bbbb-4bbb-8bbb-bbbbbbbbbbbb&zona=Zona%20Norte,58,0,0
1788744810256,60,GET Request,200,OK,Grupo GET Request 1-416,text,true,,984,221,3,3,http://localhost:3000/logistics/tenderos/productos-disponibles?tiendaId=bbbbbbbb-bbbb-4bbb-8bbb-bbbbbbbbbbbb&zona=Zona%20Norte,60,0,0
1788744810272,59,GET Request,200,OK,Grupo GET Request 1-418,text,true,,984,221,3,3,http://localhost:3000/logistics/tenderos/productos-disponibles?tiendaId=bbbbbbbb-bbbb-4bbb-8bbb-bbbbbbbbbbbb&zona=Zona%20Norte,59,0,0
1788744810284,60,GET Request,200,OK,Grupo GET Request 1-417,text,true,,984,221,3,3,http://localhost:3000/logistics/tenderos/productos-disponibles?tiendaId=bbbbbbbb-bbbb-4bbb-8bbb-bbbbbbbbbbbb&zona=Zona%20Norte,60,0,0
1788744810327,59,GET Request,200,OK,Grupo GET Request 1-419,text,true,,984,221,3,3,http://localhost:3000/logistics/tenderos/productos-disponibles?tiendaId=bbbbbbbb-bbbb-4bbb-8bbb-bbbbbbbbbbbb&zona=Zona%20Norte,58,0,0
1788744810331,58,GET Request,200,OK,Grupo GET Request 1-418,text,true,,984,221,3,3,http://localhost:3000/logistics/tenderos/productos-disponibles?tiendaId=bbbbbbbb-bbbb-4bbb-8bbb-bbbbbbbbbbbb&zona=Zona%20Norte,58,0,0
1788744810344,56,GET Request,200,OK,Grupo GET Request 1-417,text,true,,984,221,3,3,http://localhost:3000/logistics/tenderos/productos-disponibles?tiendaId=bbbbbbbb-bbbb-4bbb-8bbb-bbbbbbbbbbbb&zona=Zona%20Norte,56,0,0
1788744810386,55,GET Request,200,OK,Grupo GET Request 1-419,text,true,,984,221,3,3,http://localhost:3000/logistics/tenderos/productos-disponibles?tiendaId=bbbbbbbb-bbbb-4bbb-8bbb-bbbbbbbbbbbb&zona=Zona%20Norte,55,0,0
1788744810389,54,GET Request,200,OK,Grupo GET Request 1-418,text,true,,984,221,3,3,http://localhost:3000/logistics/tenderos/productos-disponibles?tiendaId=bbbbbbbb-bbbb-4bbb-8bbb-bbbbbbbbbbbb&zona=Zona%20Norte,54,0,0
1788744810438,50,GET Request,200,OK,Grupo GET Request 1-420,text,true,,984,221,3,3,http://localhost:3000/logistics/tenderos/productos-disponibles?tiendaId=bbbbbbbb-bbbb-4bbb-8bbb-bbbbbbbbbbbb&zona=Zona%20Norte,50,0,0
1788744810441,50,GET Request,200,OK,Grupo GET Request 1-419,text,true,,984,221,3,3,http://localhost:3000/logistics/tenderos/productos-disponibles?tiendaId=bbbbbbbb-bbbb-4bbb-8bbb-bbbbbbbbbbbb&zona=Zona%20Norte,50,0,0
1788744810443,49,GET Request,200,OK,Grupo GET Request 1-418,text,true,,984,221,3,3,http://localhost:3000/logistics/tenderos/productos-disponibles?tiendaId=bbbbbbbb-bbbb-4bbb-8bbb-bbbbbbbbbbbb&zona=Zona%20Norte,49,0,0
1788744810488,55,GET Request,200,OK,Grupo GET Request 1-420,text,true,,984,221,2,2,http://localhost:3000/logistics/tenderos/productos-disponibles?tiendaId=bbbbbbbb-bbbb-4bbb-8bbb-bbbbbbbbbbbb&zona=Zona%20Norte,55,0,0
1788744810491,54,GET Request,200,OK,Grupo GET Request 1-419,text,true,,984,221,3,3,http://localhost:3000/logistics/tenderos/productos-disponibles?tiendaId=bbbbbbbb-bbbb-4bbb-8bbb-bbbbbbbbbbbb&zona=Zona%20Norte,54,0,0
1788744810543,56,GET Request,200,OK,Grupo GET Request 1-420,text,true,,984,221,3,3,http://localhost:3000/logistics/tenderos/productos-disponibles?tiendaId=bbbbbbbb-bbbb-4bbb-8bbb-bbbbbbbbbbbb&zona=Zona%20Norte,56,0,0
1788744810546,54,GET Request,200,OK,Grupo GET Request 1-419,text,true,,984,221,3,3,http://localhost:3000/logistics/tenderos/productos-disponibles?tiendaId=bbbbbbbb-bbbb-4bbb-8bbb-bbbbbbbbbbbb&zona=Zona%20Norte,54,0,0
1788744810545,56,GET Request,200,OK,Grupo GET Request 1-421,text,true,,984,221,2,2,http://localhost:3000/logistics/tenderos/productos-disponibles?tiendaId=bbbbbbbb-bbbb-4bbb-8bbb-bbbbbbbbbbbb&zona=Zona%20Norte,56,0,1
1788744810601,52,GET Request,200,OK,Grupo GET Request 1-421,text,true,,984,221,2,2,http://localhost:3000/logistics/tenderos/productos-disponibles?tiendaId=bbbbbbbb-bbbb-4bbb-8bbb-bbbbbbbbbbbb&zona=Zona%20Norte,52,0,0
1788744810600,53,GET Request,200,OK,Grupo GET Request 1-420,text,true,,984,221,2,2,http://localhost:3000/logistics/tenderos/productos-disponibles?tiendaId=bbbbbbbb-bbbb-4bbb-8bbb-bbbbbbbbbbbb&zona=Zona%20Norte,53,0,0
1788744810653,46,GET Request,200,OK,Grupo GET Request 1-421,text,true,,984,221,3,3,http://localhost:3000/logistics/tenderos/productos-disponibles?tiendaId=bbbbbbbb-bbbb-4bbb-8bbb-bbbbbbbbbbbb&zona=Zona%20Norte,46,0,0
1788744810653,46,GET Request,200,OK,Grupo GET Request 1-420,text,true,,984,221,3,3,http://localhost:3000/logistics/tenderos/productos-disponibles?tiendaId=bbbbbbbb-bbbb-4bbb-8bbb-bbbbbbbbbbbb&zona=Zona%20Norte,46,0,0
1788744810659,47,GET Request,200,OK,Grupo GET Request 1-422,text,true,,984,221,2,2,http://localhost:3000/logistics/tenderos/productos-disponibles?tiendaId=bbbbbbbb-bbbb-4bbb-8bbb-bbbbbbbbbbbb&zona=Zona%20Norte,47,0,1
1788744810699,55,GET Request,200,OK,Grupo GET Request 1-421,text,true,,984,221,2,2,http://localhost:3000/logistics/tenderos/productos-disponibles?tiendaId=bbbbbbbb-bbbb-4bbb-8bbb-bbbbbbbbbbbb&zona=Zona%20Norte,55,0,0
1788744810706,53,GET Request,200,OK,Grupo GET Request 1-422,text,true,,984,221,2,2,http://localhost:3000/logistics/tenderos/productos-disponibles?tiendaId=bbbbbbbb-bbbb-4bbb-8bbb-bbbbbbbbbbbb&zona=Zona%20Norte,53,0,0
1788744810754,49,GET Request,200,OK,Grupo GET Request 1-421,text,true,,984,221,3,3,http://localhost:3000/logistics/tenderos/productos-disponibles?tiendaId=bbbbbbbb-bbbb-4bbb-8bbb-bbbbbbbbbbbb&zona=Zona%20Norte,49,0,0
1788744810759,48,GET Request,200,OK,Grupo GET Request 1-422,text,true,,984,221,2,2,http://localhost:3000/logistics/tenderos/productos-disponibles?tiendaId=bbbbbbbb-bbbb-4bbb-8bbb-bbbbbbbbbbbb&zona=Zona%20Norte,48,0,0
1788744810770,51,GET Request,200,OK,Grupo GET Request 1-423,text,true,,984,221,2,2,http://localhost:3000/logistics/tenderos/productos-disponibles?tiendaId=bbbbbbbb-bbbb-4bbb-8bbb-bbbbbbbbbbbb&zona=Zona%20Norte,51,0,0
1788744810807,55,GET Request,200,OK,Grupo GET Request 1-422,text,true,,984,221,2,2,http://localhost:3000/logistics/tenderos/productos-disponibles?tiendaId=bbbbbbbb-bbbb-4bbb-8bbb-bbbbbbbbbbbb&zona=Zona%20Norte,55,0,0
1788744810821,55,GET Request,200,OK,Grupo GET Request 1-423,text,true,,984,221,2,2,http://localhost:3000/logistics/tenderos/productos-disponibles?tiendaId=bbbbbbbb-bbbb-4bbb-8bbb-bbbbbbbbbbbb&zona=Zona%20Norte,55,0,0
1788744810862,58,GET Request,200,OK,Grupo GET Request 1-422,text,true,,984,221,3,3,http://localhost:3000/logistics/tenderos/productos-disponibles?tiendaId=bbbbbbbb-bbbb-4bbb-8bbb-bbbbbbbbbbbb&zona=Zona%20Norte,58,0,0
1788744810876,58,GET Request,200,OK,Grupo GET Request 1-423,text,true,,984,221,2,2,http://localhost:3000/logistics/tenderos/productos-disponibles?tiendaId=bbbbbbbb-bbbb-4bbb-8bbb-bbbbbbbbbbbb&zona=Zona%20Norte,58,0,0
1788744810880,58,GET Request,200,OK,Grupo GET Request 1-424,text,true,,984,221,2,2,http://localhost:3000/logistics/tenderos/productos-disponibles?tiendaId=bbbbbbbb-bbbb-4bbb-8bbb-bbbbbbbbbbbb&zona=Zona%20Norte,58,0,1
1788744810934,56,GET Request,200,OK,Grupo GET Request 1-423,text,true,,984,221,2,2,http://localhost:3000/logistics/tenderos/productos-disponibles?tiendaId=bbbbbbbb-bbbb-4bbb-8bbb-bbbbbbbbbbbb&zona=Zona%20Norte,56,0,0
1788744810938,55,GET Request,200,OK,Grupo GET Request 1-424,text,true,,984,221,3,3,http://localhost:3000/logistics/tenderos/productos-disponibles?tiendaId=bbbbbbbb-bbbb-4bbb-8bbb-bbbbbbbbbbbb&zona=Zona%20Norte,55,0,0
1788744810990,58,GET Request,200,OK,Grupo GET Request 1-423,text,true,,984,221,3,3,http://localhost:3000/logistics/tenderos/productos-disponibles?tiendaId=bbbbbbbb-bbbb-4bbb-8bbb-bbbbbbbbbbbb&zona=Zona%20Norte,58,0,0
1788744810992,59,GET Request,200,OK,Grupo GET Request 1-425,text,true,,984,221,2,2,http://localhost:3000/logistics/tenderos/productos-disponibles?tiendaId=bbbbbbbb-bbbb-4bbb-8bbb-bbbbbbbbbbbb&zona=Zona%20Norte,59,0,1
1788744810993,58,GET Request,200,OK,Grupo GET Request 1-424,text,true,,984,221,2,2,http://localhost:3000/logistics/tenderos/productos-disponibles?tiendaId=bbbbbbbb-bbbb-4bbb-8bbb-bbbbbbbbbbbb&zona=Zona%20Norte,58,0,0
1788744811051,57,GET Request,200,OK,Grupo GET Request 1-425,text,true,,984,221,3,3,http://localhost:3000/logistics/tenderos/productos-disponibles?tiendaId=bbbbbbbb-bbbb-4bbb-8bbb-bbbbbbbbbbbb&zona=Zona%20Norte,57,0,0
1788744811051,57,GET Request,200,OK,Grupo GET Request 1-424,text,true,,984,221,3,3,http://localhost:3000/logistics/tenderos/productos-disponibles?tiendaId=bbbbbbbb-bbbb-4bbb-8bbb-bbbbbbbbbbbb&zona=Zona%20Norte,57,0,0
1788744811103,57,GET Request,200,OK,Grupo GET Request 1-426,text,true,,984,221,3,3,http://localhost:3000/logistics/tenderos/productos-disponibles?tiendaId=bbbbbbbb-bbbb-4bbb-8bbb-bbbbbbbbbbbb&zona=Zona%20Norte,57,0,1
1788744811108,55,GET Request,200,OK,Grupo GET Request 1-424,text,true,,984,221,3,3,http://localhost:3000/logistics/tenderos/productos-disponibles?tiendaId=bbbbbbbb-bbbb-4bbb-8bbb-bbbbbbbbbbbb&zona=Zona%20Norte,55,0,0
1788744811108,55,GET Request,200,OK,Grupo GET Request 1-425,text,true,,984,221,2,2,http://localhost:3000/logistics/tenderos/productos-disponibles?tiendaId=bbbbbbbb-bbbb-4bbb-8bbb-bbbbbbbbbbbb&zona=Zona%20Norte,55,0,0
1788744811160,60,GET Request,200,OK,Grupo GET Request 1-426,text,true,,984,221,3,3,http://localhost:3000/logistics/tenderos/productos-disponibles?tiendaId=bbbbbbbb-bbbb-4bbb-8bbb-bbbbbbbbbbbb&zona=Zona%20Norte,60,0,0
1788744811164,59,GET Request,200,OK,Grupo GET Request 1-425,text,true,,984,221,3,3,http://localhost:3000/logistics/tenderos/productos-disponibles?tiendaId=bbbbbbbb-bbbb-4bbb-8bbb-bbbbbbbbbbbb&zona=Zona%20Norte,59,0,0
1788744811212,61,GET Request,200,OK,Grupo GET Request 1-427,text,true,,984,221,3,3,http://localhost:3000/logistics/tenderos/productos-disponibles?tiendaId=bbbbbbbb-bbbb-4bbb-8bbb-bbbbbbbbbbbb&zona=Zona%20Norte,61,0,1
1788744811220,57,GET Request,200,OK,Grupo GET Request 1-426,text,true,,984,221,3,3,http://localhost:3000/logistics/tenderos/productos-disponibles?tiendaId=bbbbbbbb-bbbb-4bbb-8bbb-bbbbbbbbbbbb&zona=Zona%20Norte,57,0,0
1788744811223,57,GET Request,200,OK,Grupo GET Request 1-425,text,true,,984,221,3,3,http://localhost:3000/logistics/tenderos/productos-disponibles?tiendaId=bbbbbbbb-bbbb-4bbb-8bbb-bbbbbbbbbbbb&zona=Zona%20Norte,57,0,0
1788744811273,58,GET Request,200,OK,Grupo GET Request 1-427,text,true,,984,221,3,3,http://localhost:3000/logistics/tenderos/productos-disponibles?tiendaId=bbbbbbbb-bbbb-4bbb-8bbb-bbbbbbbbbbbb&zona=Zona%20Norte,58,0,0
1788744811277,61,GET Request,200,OK,Grupo GET Request 1-426,text,true,,984,221,3,3,http://localhost:3000/logistics/tenderos/productos-disponibles?tiendaId=bbbbbbbb-bbbb-4bbb-8bbb-bbbbbbbbbbbb&zona=Zona%20Norte,61,0,0
1788744811326,67,GET Request,200,OK,Grupo GET Request 1-428,text,true,,984,221,3,3,http://localhost:3000/logistics/tenderos/productos-disponibles?tiendaId=bbbbbbbb-bbbb-4bbb-8bbb-bbbbbbbbbbbb&zona=Zona%20Norte,67,0,1
1788744811332,63,GET Request,200,OK,Grupo GET Request 1-427,text,true,,984,221,3,3,http://localhost:3000/logistics/tenderos/productos-disponibles?tiendaId=bbbbbbbb-bbbb-4bbb-8bbb-bbbbbbbbbbbb&zona=Zona%20Norte,63,0,0
1788744811338,73,GET Request,200,OK,Grupo GET Request 1-426,text,true,,984,221,3,3,http://localhost:3000/logistics/tenderos/productos-disponibles?tiendaId=bbbbbbbb-bbbb-4bbb-8bbb-bbbbbbbbbbbb&zona=Zona%20Norte,73,0,0
1788744811395,61,GET Request,200,OK,Grupo GET Request 1-427,text,true,,984,221,3,3,http://localhost:3000/logistics/tenderos/productos-disponibles?tiendaId=bbbbbbbb-bbbb-4bbb-8bbb-bbbbbbbbbbbb&zona=Zona%20Norte,61,0,0
1788744811394,63,GET Request,200,OK,Grupo GET Request 1-428,text,true,,984,221,3,3,http://localhost:3000/logistics/tenderos/productos-disponibles?tiendaId=bbbbbbbb-bbbb-4bbb-8bbb-bbbbbbbbbbbb&zona=Zona%20Norte,63,0,0
1788744811437,61,GET Request,200,OK,Grupo GET Request 1-429,text,true,,984,221,3,3,http://localhost:3000/logistics/tenderos/productos-disponibles?tiendaId=bbbbbbbb-bbbb-4bbb-8bbb-bbbbbbbbbbbb&zona=Zona%20Norte,61,0,1
1788744811457,57,GET Request,200,OK,Grupo GET Request 1-427,text,true,,984,221,3,3,http://localhost:3000/logistics/tenderos/productos-disponibles?tiendaId=bbbbbbbb-bbbb-4bbb-8bbb-bbbbbbbbbbbb&zona=Zona%20Norte,57,0,0
1788744811457,60,GET Request,200,OK,Grupo GET Request 1-428,text,true,,984,221,2,2,http://localhost:3000/logistics/tenderos/productos-disponibles?tiendaId=bbbbbbbb-bbbb-4bbb-8bbb-bbbbbbbbbbbb&zona=Zona%20Norte,60,0,0
1788744811499,54,GET Request,200,OK,Grupo GET Request 1-429,text,true,,984,221,3,3,http://localhost:3000/logistics/tenderos/productos-disponibles?tiendaId=bbbbbbbb-bbbb-4bbb-8bbb-bbbbbbbbbbbb&zona=Zona%20Norte,54,0,0
1788744811518,54,GET Request,200,OK,Grupo GET Request 1-428,text,true,,984,221,3,3,http://localhost:3000/logistics/tenderos/productos-disponibles?tiendaId=bbbbbbbb-bbbb-4bbb-8bbb-bbbbbbbbbbbb&zona=Zona%20Norte,54,0,0
1788744811548,51,GET Request,200,OK,Grupo GET Request 1-430,text,true,,984,221,3,3,http://localhost:3000/logistics/tenderos/productos-disponibles?tiendaId=bbbbbbbb-bbbb-4bbb-8bbb-bbbbbbbbbbbb&zona=Zona%20Norte,51,0,0
1788744811554,49,GET Request,200,OK,Grupo GET Request 1-429,text,true,,984,221,3,3,http://localhost:3000/logistics/tenderos/productos-disponibles?tiendaId=bbbbbbbb-bbbb-4bbb-8bbb-bbbbbbbbbbbb&zona=Zona%20Norte,49,0,0
1788744811572,50,GET Request,200,OK,Grupo GET Request 1-428,text,true,,984,221,3,3,http://localhost:3000/logistics/tenderos/productos-disponibles?tiendaId=bbbbbbbb-bbbb-4bbb-8bbb-bbbbbbbbbbbb&zona=Zona%20Norte,50,0,0
1788744811600,54,GET Request,200,OK,Grupo GET Request 1-430,text,true,,984,221,2,2,http://localhost:3000/logistics/tenderos/productos-disponibles?tiendaId=bbbbbbbb-bbbb-4bbb-8bbb-bbbbbbbbbbbb&zona=Zona%20Norte,54,0,0
1788744811603,55,GET Request,200,OK,Grupo GET Request 1-429,text,true,,984,221,3,3,http://localhost:3000/logistics/tenderos/productos-disponibles?tiendaId=bbbbbbbb-bbbb-4bbb-8bbb-bbbbbbbbbbbb&zona=Zona%20Norte,55,0,0
1788744811654,56,GET Request,200,OK,Grupo GET Request 1-430,text,true,,984,221,3,3,http://localhost:3000/logistics/tenderos/productos-disponibles?tiendaId=bbbbbbbb-bbbb-4bbb-8bbb-bbbbbbbbbbbb&zona=Zona%20Norte,56,0,0
1788744811658,61,GET Request,200,OK,Grupo GET Request 1-429,text,true,,984,221,3,3,http://localhost:3000/logistics/tenderos/productos-disponibles?tiendaId=bbbbbbbb-bbbb-4bbb-8bbb-bbbbbbbbbbbb&zona=Zona%20Norte,61,0,0
1788744811656,67,GET Request,200,OK,Grupo GET Request 1-431,text,true,,984,221,2,2,http://localhost:3000/logistics/tenderos/productos-disponibles?tiendaId=bbbbbbbb-bbbb-4bbb-8bbb-bbbbbbbbbbbb&zona=Zona%20Norte,67,0,0
1788744811710,58,GET Request,200,OK,Grupo GET Request 1-430,text,true,,984,221,3,3,http://localhost:3000/logistics/tenderos/productos-disponibles?tiendaId=bbbbbbbb-bbbb-4bbb-8bbb-bbbbbbbbbbbb&zona=Zona%20Norte,57,0,0
1788744811723,55,GET Request,200,OK,Grupo GET Request 1-431,text,true,,984,221,3,3,http://localhost:3000/logistics/tenderos/productos-disponibles?tiendaId=bbbbbbbb-bbbb-4bbb-8bbb-bbbbbbbbbbbb&zona=Zona%20Norte,55,0,0
1788744811768,53,GET Request,200,OK,Grupo GET Request 1-432,text,true,,984,221,3,3,http://localhost:3000/logistics/tenderos/productos-disponibles?tiendaId=bbbbbbbb-bbbb-4bbb-8bbb-bbbbbbbbbbbb&zona=Zona%20Norte,53,0,0
1788744811768,58,GET Request,200,OK,Grupo GET Request 1-430,text,true,,984,221,3,3,http://localhost:3000/logistics/tenderos/productos-disponibles?tiendaId=bbbbbbbb-bbbb-4bbb-8bbb-bbbbbbbbbbbb&zona=Zona%20Norte,58,0,0
1788744811778,53,GET Request,200,OK,Grupo GET Request 1-431,text,true,,984,221,2,2,http://localhost:3000/logistics/tenderos/productos-disponibles?tiendaId=bbbbbbbb-bbbb-4bbb-8bbb-bbbbbbbbbbbb&zona=Zona%20Norte,53,0,0
1788744811821,56,GET Request,200,OK,Grupo GET Request 1-432,text,true,,984,221,3,3,http://localhost:3000/logistics/tenderos/productos-disponibles?tiendaId=bbbbbbbb-bbbb-4bbb-8bbb-bbbbbbbbbbbb&zona=Zona%20Norte,56,0,0
1788744811831,55,GET Request,200,OK,Grupo GET Request 1-431,text,true,,984,221,3,3,http://localhost:3000/logistics/tenderos/productos-disponibles?tiendaId=bbbbbbbb-bbbb-4bbb-8bbb-bbbbbbbbbbbb&zona=Zona%20Norte,55,0,0
1788744811877,52,GET Request,200,OK,Grupo GET Request 1-432,text,true,,984,221,3,3,http://localhost:3000/logistics/tenderos/productos-disponibles?tiendaId=bbbbbbbb-bbbb-4bbb-8bbb-bbbbbbbbbbbb&zona=Zona%20Norte,52,0,0
1788744811877,53,GET Request,200,OK,Grupo GET Request 1-433,text,true,,984,221,3,3,http://localhost:3000/logistics/tenderos/productos-disponibles?tiendaId=bbbbbbbb-bbbb-4bbb-8bbb-bbbbbbbbbbbb&zona=Zona%20Norte,53,0,0
1788744811886,52,GET Request,200,OK,Grupo GET Request 1-431,text,true,,984,221,3,3,http://localhost:3000/logistics/tenderos/productos-disponibles?tiendaId=bbbbbbbb-bbbb-4bbb-8bbb-bbbbbbbbbbbb&zona=Zona%20Norte,52,0,0
1788744811929,55,GET Request,200,OK,Grupo GET Request 1-432,text,true,,984,221,2,2,http://localhost:3000/logistics/tenderos/productos-disponibles?tiendaId=bbbbbbbb-bbbb-4bbb-8bbb-bbbbbbbbbbbb&zona=Zona%20Norte,55,0,0
1788744811930,55,GET Request,200,OK,Grupo GET Request 1-433,text,true,,984,221,2,2,http://localhost:3000/logistics/tenderos/productos-disponibles?tiendaId=bbbbbbbb-bbbb-4bbb-8bbb-bbbbbbbbbbbb&zona=Zona%20Norte,55,0,0
1788744811985,47,GET Request,200,OK,Grupo GET Request 1-432,text,true,,984,221,3,3,http://localhost:3000/logistics/tenderos/productos-disponibles?tiendaId=bbbbbbbb-bbbb-4bbb-8bbb-bbbbbbbbbbbb&zona=Zona%20Norte,47,0,0
1788744811985,48,GET Request,200,OK,Grupo GET Request 1-433,text,true,,984,221,2,2,http://localhost:3000/logistics/tenderos/productos-disponibles?tiendaId=bbbbbbbb-bbbb-4bbb-8bbb-bbbbbbbbbbbb&zona=Zona%20Norte,48,0,0
1788744811990,47,GET Request,200,OK,Grupo GET Request 1-434,text,true,,984,221,2,2,http://localhost:3000/logistics/tenderos/productos-disponibles?tiendaId=bbbbbbbb-bbbb-4bbb-8bbb-bbbbbbbbbbbb&zona=Zona%20Norte,47,0,0
1788744812033,46,GET Request,200,OK,Grupo GET Request 1-433,text,true,,984,221,2,2,http://localhost:3000/logistics/tenderos/productos-disponibles?tiendaId=bbbbbbbb-bbbb-4bbb-8bbb-bbbbbbbbbbbb&zona=Zona%20Norte,46,0,0
1788744812037,47,GET Request,200,OK,Grupo GET Request 1-434,text,true,,984,221,2,2,http://localhost:3000/logistics/tenderos/productos-disponibles?tiendaId=bbbbbbbb-bbbb-4bbb-8bbb-bbbbbbbbbbbb&zona=Zona%20Norte,47,0,0
1788744812079,51,GET Request,200,OK,Grupo GET Request 1-433,text,true,,984,221,3,3,http://localhost:3000/logistics/tenderos/productos-disponibles?tiendaId=bbbbbbbb-bbbb-4bbb-8bbb-bbbbbbbbbbbb&zona=Zona%20Norte,51,0,0
1788744812084,52,GET Request,200,OK,Grupo GET Request 1-434,text,true,,984,221,2,2,http://localhost:3000/logistics/tenderos/productos-disponibles?tiendaId=bbbbbbbb-bbbb-4bbb-8bbb-bbbbbbbbbbbb&zona=Zona%20Norte,52,0,0
1788744812103,52,GET Request,200,OK,Grupo GET Request 1-435,text,true,,984,221,2,2,http://localhost:3000/logistics/tenderos/productos-disponibles?tiendaId=bbbbbbbb-bbbb-4bbb-8bbb-bbbbbbbbbbbb&zona=Zona%20Norte,52,0,1
1788744812136,48,GET Request,200,OK,Grupo GET Request 1-434,text,true,,984,221,2,2,http://localhost:3000/logistics/tenderos/productos-disponibles?tiendaId=bbbbbbbb-bbbb-4bbb-8bbb-bbbbbbbbbbbb&zona=Zona%20Norte,48,0,0
1788744812155,45,GET Request,200,OK,Grupo GET Request 1-435,text,true,,984,221,2,2,http://localhost:3000/logistics/tenderos/productos-disponibles?tiendaId=bbbbbbbb-bbbb-4bbb-8bbb-bbbbbbbbbbbb&zona=Zona%20Norte,45,0,0
1788744812184,44,GET Request,200,OK,Grupo GET Request 1-434,text,true,,984,221,3,3,http://localhost:3000/logistics/tenderos/productos-disponibles?tiendaId=bbbbbbbb-bbbb-4bbb-8bbb-bbbbbbbbbbbb&zona=Zona%20Norte,44,0,0
1788744812201,40,GET Request,200,OK,Grupo GET Request 1-435,text,true,,984,221,2,2,http://localhost:3000/logistics/tenderos/productos-disponibles?tiendaId=bbbbbbbb-bbbb-4bbb-8bbb-bbbbbbbbbbbb&zona=Zona%20Norte,40,0,0
1788744812215,40,GET Request,200,OK,Grupo GET Request 1-436,text,true,,984,221,2,2,http://localhost:3000/logistics/tenderos/productos-disponibles?tiendaId=bbbbbbbb-bbbb-4bbb-8bbb-bbbbbbbbbbbb&zona=Zona%20Norte,40,0,1
1788744812241,39,GET Request,200,OK,Grupo GET Request 1-435,text,true,,984,221,2,2,http://localhost:3000/logistics/tenderos/productos-disponibles?tiendaId=bbbbbbbb-bbbb-4bbb-8bbb-bbbbbbbbbbbb&zona=Zona%20Norte,39,0,0
1788744812255,39,GET Request,200,OK,Grupo GET Request 1-436,text,true,,984,221,2,2,http://localhost:3000/logistics/tenderos/productos-disponibles?tiendaId=bbbbbbbb-bbbb-4bbb-8bbb-bbbbbbbbbbbb&zona=Zona%20Norte,39,0,0
1788744812280,39,GET Request,200,OK,Grupo GET Request 1-435,text,true,,984,221,2,2,http://localhost:3000/logistics/tenderos/productos-disponibles?tiendaId=bbbbbbbb-bbbb-4bbb-8bbb-bbbbbbbbbbbb&zona=Zona%20Norte,39,0,0
1788744812294,39,GET Request,200,OK,Grupo GET Request 1-436,text,true,,984,221,2,2,http://localhost:3000/logistics/tenderos/productos-disponibles?tiendaId=bbbbbbbb-bbbb-4bbb-8bbb-bbbbbbbbbbbb&zona=Zona%20Norte,39,0,0
1788744812327,39,GET Request,200,OK,Grupo GET Request 1-437,text,true,,984,221,2,2,http://localhost:3000/logistics/tenderos/productos-disponibles?tiendaId=bbbbbbbb-bbbb-4bbb-8bbb-bbbbbbbbbbbb&zona=Zona%20Norte,39,0,0
1788744812333,38,GET Request,200,OK,Grupo GET Request 1-436,text,true,,984,221,2,2,http://localhost:3000/logistics/tenderos/productos-disponibles?tiendaId=bbbbbbbb-bbbb-4bbb-8bbb-bbbbbbbbbbbb&zona=Zona%20Norte,38,0,0
1788744812367,43,GET Request,200,OK,Grupo GET Request 1-437,text,true,,984,221,2,2,http://localhost:3000/logistics/tenderos/productos-disponibles?tiendaId=bbbbbbbb-bbbb-4bbb-8bbb-bbbbbbbbbbbb&zona=Zona%20Norte,43,0,0
1788744812372,39,GET Request,200,OK,Grupo GET Request 1-436,text,true,,984,221,2,2,http://localhost:3000/logistics/tenderos/productos-disponibles?tiendaId=bbbbbbbb-bbbb-4bbb-8bbb-bbbbbbbbbbbb&zona=Zona%20Norte,39,0,0
1788744812410,44,GET Request,200,OK,Grupo GET Request 1-437,text,true,,984,221,2,2,http://localhost:3000/logistics/tenderos/productos-disponibles?tiendaId=bbbbbbbb-bbbb-4bbb-8bbb-bbbbbbbbbbbb&zona=Zona%20Norte,44,0,0
1788744812434,47,GET Request,200,OK,Grupo GET Request 1-438,text,true,,984,221,2,2,http://localhost:3000/logistics/tenderos/productos-disponibles?tiendaId=bbbbbbbb-bbbb-4bbb-8bbb-bbbbbbbbbbbb&zona=Zona%20Norte,47,0,0
1788744812454,45,GET Request,200,OK,Grupo GET Request 1-437,text,true,,984,221,2,2,http://localhost:3000/logistics/tenderos/productos-disponibles?tiendaId=bbbbbbbb-bbbb-4bbb-8bbb-bbbbbbbbbbbb&zona=Zona%20Norte,45,0,0
1788744812482,40,GET Request,200,OK,Grupo GET Request 1-438,text,true,,984,221,2,2,http://localhost:3000/logistics/tenderos/productos-disponibles?tiendaId=bbbbbbbb-bbbb-4bbb-8bbb-bbbbbbbbbbbb&zona=Zona%20Norte,40,0,0
1788744812499,39,GET Request,200,OK,Grupo GET Request 1-437,text,true,,984,221,2,2,http://localhost:3000/logistics/tenderos/productos-disponibles?tiendaId=bbbbbbbb-bbbb-4bbb-8bbb-bbbbbbbbbbbb&zona=Zona%20Norte,39,0,0
1788744812522,37,GET Request,200,OK,Grupo GET Request 1-438,text,true,,984,221,2,2,http://localhost:3000/logistics/tenderos/productos-disponibles?tiendaId=bbbbbbbb-bbbb-4bbb-8bbb-bbbbbbbbbbbb&zona=Zona%20Norte,37,0,0
1788744812545,39,GET Request,200,OK,Grupo GET Request 1-439,text,true,,984,221,2,2,http://localhost:3000/logistics/tenderos/productos-disponibles?tiendaId=bbbbbbbb-bbbb-4bbb-8bbb-bbbbbbbbbbbb&zona=Zona%20Norte,39,0,1
1788744812560,38,GET Request,200,OK,Grupo GET Request 1-438,text,true,,984,221,2,2,http://localhost:3000/logistics/tenderos/productos-disponibles?tiendaId=bbbbbbbb-bbbb-4bbb-8bbb-bbbbbbbbbbbb&zona=Zona%20Norte,38,0,0
1788744812584,40,GET Request,200,OK,Grupo GET Request 1-439,text,true,,984,221,2,2,http://localhost:3000/logistics/tenderos/productos-disponibles?tiendaId=bbbbbbbb-bbbb-4bbb-8bbb-bbbbbbbbbbbb&zona=Zona%20Norte,40,0,0
1788744812598,38,GET Request,200,OK,Grupo GET Request 1-438,text,true,,984,221,2,2,http://localhost:3000/logistics/tenderos/productos-disponibles?tiendaId=bbbbbbbb-bbbb-4bbb-8bbb-bbbbbbbbbbbb&zona=Zona%20Norte,38,0,0
1788744812624,38,GET Request,200,OK,Grupo GET Request 1-439,text,true,,984,221,2,2,http://localhost:3000/logistics/tenderos/productos-disponibles?tiendaId=bbbbbbbb-bbbb-4bbb-8bbb-bbbbbbbbbbbb&zona=Zona%20Norte,38,0,0
1788744812655,40,GET Request,200,OK,Grupo GET Request 1-440,text,true,,984,221,2,2,http://localhost:3000/logistics/tenderos/productos-disponibles?tiendaId=bbbbbbbb-bbbb-4bbb-8bbb-bbbbbbbbbbbb&zona=Zona%20Norte,40,0,1
1788744812663,38,GET Request,200,OK,Grupo GET Request 1-439,text,true,,984,221,2,2,http://localhost:3000/logistics/tenderos/productos-disponibles?tiendaId=bbbbbbbb-bbbb-4bbb-8bbb-bbbbbbbbbbbb&zona=Zona%20Norte,38,0,0
1788744812695,39,GET Request,200,OK,Grupo GET Request 1-440,text,true,,984,221,2,2,http://localhost:3000/logistics/tenderos/productos-disponibles?tiendaId=bbbbbbbb-bbbb-4bbb-8bbb-bbbbbbbbbbbb&zona=Zona%20Norte,39,0,0
1788744812701,39,GET Request,200,OK,Grupo GET Request 1-439,text,true,,984,221,2,2,http://localhost:3000/logistics/tenderos/productos-disponibles?tiendaId=bbbbbbbb-bbbb-4bbb-8bbb-bbbbbbbbbbbb&zona=Zona%20Norte,39,0,0
1788744812734,39,GET Request,200,OK,Grupo GET Request 1-440,text,true,,984,221,2,2,http://localhost:3000/logistics/tenderos/productos-disponibles?tiendaId=bbbbbbbb-bbbb-4bbb-8bbb-bbbbbbbbbbbb&zona=Zona%20Norte,38,0,0
1788744812768,40,GET Request,200,OK,Grupo GET Request 1-441,text,true,,984,221,2,2,http://localhost:3000/logistics/tenderos/productos-disponibles?tiendaId=bbbbbbbb-bbbb-4bbb-8bbb-bbbbbbbbbbbb&zona=Zona%20Norte,40,0,1
1788744812773,37,GET Request,200,OK,Grupo GET Request 1-440,text,true,,984,221,2,2,http://localhost:3000/logistics/tenderos/productos-disponibles?tiendaId=bbbbbbbb-bbbb-4bbb-8bbb-bbbbbbbbbbbb&zona=Zona%20Norte,37,0,0
1788744812808,39,GET Request,200,OK,Grupo GET Request 1-441,text,true,,984,221,2,2,http://localhost:3000/logistics/tenderos/productos-disponibles?tiendaId=bbbbbbbb-bbbb-4bbb-8bbb-bbbbbbbbbbbb&zona=Zona%20Norte,39,0,0
1788744812810,38,GET Request,200,OK,Grupo GET Request 1-440,text,true,,984,221,2,2,http://localhost:3000/logistics/tenderos/productos-disponibles?tiendaId=bbbbbbbb-bbbb-4bbb-8bbb-bbbbbbbbbbbb&zona=Zona%20Norte,38,0,0
1788744812848,35,GET Request,200,OK,Grupo GET Request 1-441,text,true,,984,221,2,2,http://localhost:3000/logistics/tenderos/productos-disponibles?tiendaId=bbbbbbbb-bbbb-4bbb-8bbb-bbbbbbbbbbbb&zona=Zona%20Norte,35,0,0
1788744812880,35,GET Request,200,OK,Grupo GET Request 1-442,text,true,,984,221,2,2,http://localhost:3000/logistics/tenderos/productos-disponibles?tiendaId=bbbbbbbb-bbbb-4bbb-8bbb-bbbbbbbbbbbb&zona=Zona%20Norte,35,0,1
1788744812883,34,GET Request,200,OK,Grupo GET Request 1-441,text,true,,984,221,2,2,http://localhost:3000/logistics/tenderos/productos-disponibles?tiendaId=bbbbbbbb-bbbb-4bbb-8bbb-bbbbbbbbbbbb&zona=Zona%20Norte,34,0,0
1788744812915,34,GET Request,200,OK,Grupo GET Request 1-442,text,true,,984,221,2,2,http://localhost:3000/logistics/tenderos/productos-disponibles?tiendaId=bbbbbbbb-bbbb-4bbb-8bbb-bbbbbbbbbbbb&zona=Zona%20Norte,34,0,0
1788744812917,33,GET Request,200,OK,Grupo GET Request 1-441,text,true,,984,221,2,2,http://localhost:3000/logistics/tenderos/productos-disponibles?tiendaId=bbbbbbbb-bbbb-4bbb-8bbb-bbbbbbbbbbbb&zona=Zona%20Norte,33,0,0
1788744812949,35,GET Request,200,OK,Grupo GET Request 1-442,text,true,,984,221,1,1,http://localhost:3000/logistics/tenderos/productos-disponibles?tiendaId=bbbbbbbb-bbbb-4bbb-8bbb-bbbbbbbbbbbb&zona=Zona%20Norte,35,0,0
1788744812985,34,GET Request,200,OK,Grupo GET Request 1-442,text,true,,984,221,2,2,http://localhost:3000/logistics/tenderos/productos-disponibles?tiendaId=bbbbbbbb-bbbb-4bbb-8bbb-bbbbbbbbbbbb&zona=Zona%20Norte,34,0,0
1788744812989,33,GET Request,200,OK,Grupo GET Request 1-443,text,true,,984,221,2,2,http://localhost:3000/logistics/tenderos/productos-disponibles?tiendaId=bbbbbbbb-bbbb-4bbb-8bbb-bbbbbbbbbbbb&zona=Zona%20Norte,33,0,0
1788744813019,34,GET Request,200,OK,Grupo GET Request 1-442,text,true,,984,221,2,2,http://localhost:3000/logistics/tenderos/productos-disponibles?tiendaId=bbbbbbbb-bbbb-4bbb-8bbb-bbbbbbbbbbbb&zona=Zona%20Norte,34,0,0
1788744813022,33,GET Request,200,OK,Grupo GET Request 1-443,text,true,,984,221,1,1,http://localhost:3000/logistics/tenderos/productos-disponibles?tiendaId=bbbbbbbb-bbbb-4bbb-8bbb-bbbbbbbbbbbb&zona=Zona%20Norte,33,0,0
1788744813055,34,GET Request,200,OK,Grupo GET Request 1-443,text,true,,984,221,1,1,http://localhost:3000/logistics/tenderos/productos-disponibles?tiendaId=bbbbbbbb-bbbb-4bbb-8bbb-bbbbbbbbbbbb&zona=Zona%20Norte,34,0,0
1788744813090,34,GET Request,200,OK,Grupo GET Request 1-443,text,true,,984,221,2,2,http://localhost:3000/logistics/tenderos/productos-disponibles?tiendaId=bbbbbbbb-bbbb-4bbb-8bbb-bbbbbbbbbbbb&zona=Zona%20Norte,34,0,0
1788744813102,34,GET Request,200,OK,Grupo GET Request 1-444,text,true,,984,221,2,2,http://localhost:3000/logistics/tenderos/productos-disponibles?tiendaId=bbbbbbbb-bbbb-4bbb-8bbb-bbbbbbbbbbbb&zona=Zona%20Norte,34,0,1
1788744813124,34,GET Request,200,OK,Grupo GET Request 1-443,text,true,,984,221,2,2,http://localhost:3000/logistics/tenderos/productos-disponibles?tiendaId=bbbbbbbb-bbbb-4bbb-8bbb-bbbbbbbbbbbb&zona=Zona%20Norte,34,0,0
1788744813137,33,GET Request,200,OK,Grupo GET Request 1-444,text,true,,984,221,1,1,http://localhost:3000/logistics/tenderos/productos-disponibles?tiendaId=bbbbbbbb-bbbb-4bbb-8bbb-bbbbbbbbbbbb&zona=Zona%20Norte,33,0,0
1788744813170,33,GET Request,200,OK,Grupo GET Request 1-444,text,true,,984,221,1,1,http://localhost:3000/logistics/tenderos/productos-disponibles?tiendaId=bbbbbbbb-bbbb-4bbb-8bbb-bbbbbbbbbbbb&zona=Zona%20Norte,33,0,0
1788744813204,34,GET Request,200,OK,Grupo GET Request 1-444,text,true,,984,221,2,2,http://localhost:3000/logistics/tenderos/productos-disponibles?tiendaId=bbbbbbbb-bbbb-4bbb-8bbb-bbbbbbbbbbbb&zona=Zona%20Norte,34,0,0
1788744813210,34,GET Request,200,OK,Grupo GET Request 1-445,text,true,,984,221,2,2,http://localhost:3000/logistics/tenderos/productos-disponibles?tiendaId=bbbbbbbb-bbbb-4bbb-8bbb-bbbbbbbbbbbb&zona=Zona%20Norte,34,0,1
1788744813238,34,GET Request,200,OK,Grupo GET Request 1-444,text,true,,984,221,2,2,http://localhost:3000/logistics/tenderos/productos-disponibles?tiendaId=bbbbbbbb-bbbb-4bbb-8bbb-bbbbbbbbbbbb&zona=Zona%20Norte,34,0,0
1788744813244,33,GET Request,200,OK,Grupo GET Request 1-445,text,true,,984,221,1,1,http://localhost:3000/logistics/tenderos/productos-disponibles?tiendaId=bbbbbbbb-bbbb-4bbb-8bbb-bbbbbbbbbbbb&zona=Zona%20Norte,33,0,0
1788744813277,34,GET Request,200,OK,Grupo GET Request 1-445,text,true,,984,221,1,1,http://localhost:3000/logistics/tenderos/productos-disponibles?tiendaId=bbbbbbbb-bbbb-4bbb-8bbb-bbbbbbbbbbbb&zona=Zona%20Norte,34,0,0
1788744813311,34,GET Request,200,OK,Grupo GET Request 1-445,text,true,,984,221,2,2,http://localhost:3000/logistics/tenderos/productos-disponibles?tiendaId=bbbbbbbb-bbbb-4bbb-8bbb-bbbbbbbbbbbb&zona=Zona%20Norte,33,0,0
1788744813322,33,GET Request,200,OK,Grupo GET Request 1-446,text,true,,984,221,2,2,http://localhost:3000/logistics/tenderos/productos-disponibles?tiendaId=bbbbbbbb-bbbb-4bbb-8bbb-bbbbbbbbbbbb&zona=Zona%20Norte,33,0,1
1788744813345,34,GET Request,200,OK,Grupo GET Request 1-445,text,true,,984,221,2,2,http://localhost:3000/logistics/tenderos/productos-disponibles?tiendaId=bbbbbbbb-bbbb-4bbb-8bbb-bbbbbbbbbbbb&zona=Zona%20Norte,34,0,0
1788744813355,34,GET Request,200,OK,Grupo GET Request 1-446,text,true,,984,221,1,1,http://localhost:3000/logistics/tenderos/productos-disponibles?tiendaId=bbbbbbbb-bbbb-4bbb-8bbb-bbbbbbbbbbbb&zona=Zona%20Norte,34,0,0
1788744813389,34,GET Request,200,OK,Grupo GET Request 1-446,text,true,,984,221,1,1,http://localhost:3000/logistics/tenderos/productos-disponibles?tiendaId=bbbbbbbb-bbbb-4bbb-8bbb-bbbbbbbbbbbb&zona=Zona%20Norte,34,0,0
1788744813424,34,GET Request,200,OK,Grupo GET Request 1-446,text,true,,984,221,2,2,http://localhost:3000/logistics/tenderos/productos-disponibles?tiendaId=bbbbbbbb-bbbb-4bbb-8bbb-bbbbbbbbbbbb&zona=Zona%20Norte,34,0,0
1788744813431,35,GET Request,200,OK,Grupo GET Request 1-447,text,true,,984,221,2,2,http://localhost:3000/logistics/tenderos/productos-disponibles?tiendaId=bbbbbbbb-bbbb-4bbb-8bbb-bbbbbbbbbbbb&zona=Zona%20Norte,35,0,0
1788744813458,35,GET Request,200,OK,Grupo GET Request 1-446,text,true,,984,221,2,2,http://localhost:3000/logistics/tenderos/productos-disponibles?tiendaId=bbbbbbbb-bbbb-4bbb-8bbb-bbbbbbbbbbbb&zona=Zona%20Norte,35,0,0
1788744813466,36,GET Request,200,OK,Grupo GET Request 1-447,text,true,,984,221,1,1,http://localhost:3000/logistics/tenderos/productos-disponibles?tiendaId=bbbbbbbb-bbbb-4bbb-8bbb-bbbbbbbbbbbb&zona=Zona%20Norte,36,0,0
1788744813502,39,GET Request,200,OK,Grupo GET Request 1-447,text,true,,984,221,1,1,http://localhost:3000/logistics/tenderos/productos-disponibles?tiendaId=bbbbbbbb-bbbb-4bbb-8bbb-bbbbbbbbbbbb&zona=Zona%20Norte,39,0,0
1788744813541,35,GET Request,200,OK,Grupo GET Request 1-447,text,true,,984,221,2,2,http://localhost:3000/logistics/tenderos/productos-disponibles?tiendaId=bbbbbbbb-bbbb-4bbb-8bbb-bbbbbbbbbbbb&zona=Zona%20Norte,35,0,0
1788744813545,35,GET Request,200,OK,Grupo GET Request 1-448,text,true,,984,221,2,2,http://localhost:3000/logistics/tenderos/productos-disponibles?tiendaId=bbbbbbbb-bbbb-4bbb-8bbb-bbbbbbbbbbbb&zona=Zona%20Norte,35,0,0
1788744813577,35,GET Request,200,OK,Grupo GET Request 1-447,text,true,,984,221,2,2,http://localhost:3000/logistics/tenderos/productos-disponibles?tiendaId=bbbbbbbb-bbbb-4bbb-8bbb-bbbbbbbbbbbb&zona=Zona%20Norte,35,0,0
1788744813581,35,GET Request,200,OK,Grupo GET Request 1-448,text,true,,984,221,1,1,http://localhost:3000/logistics/tenderos/productos-disponibles?tiendaId=bbbbbbbb-bbbb-4bbb-8bbb-bbbbbbbbbbbb&zona=Zona%20Norte,35,0,0
1788744813616,34,GET Request,200,OK,Grupo GET Request 1-448,text,true,,984,221,1,1,http://localhost:3000/logistics/tenderos/productos-disponibles?tiendaId=bbbbbbbb-bbbb-4bbb-8bbb-bbbbbbbbbbbb&zona=Zona%20Norte,34,0,0
1788744813650,33,GET Request,200,OK,Grupo GET Request 1-448,text,true,,984,221,2,2,http://localhost:3000/logistics/tenderos/productos-disponibles?tiendaId=bbbbbbbb-bbbb-4bbb-8bbb-bbbbbbbbbbbb&zona=Zona%20Norte,33,0,0
1788744813657,34,GET Request,200,OK,Grupo GET Request 1-449,text,true,,984,221,2,2,http://localhost:3000/logistics/tenderos/productos-disponibles?tiendaId=bbbbbbbb-bbbb-4bbb-8bbb-bbbbbbbbbbbb&zona=Zona%20Norte,34,0,0
1788744813684,34,GET Request,200,OK,Grupo GET Request 1-448,text,true,,984,221,2,2,http://localhost:3000/logistics/tenderos/productos-disponibles?tiendaId=bbbbbbbb-bbbb-4bbb-8bbb-bbbbbbbbbbbb&zona=Zona%20Norte,34,0,0
1788744813691,34,GET Request,200,OK,Grupo GET Request 1-449,text,true,,984,221,1,1,http://localhost:3000/logistics/tenderos/productos-disponibles?tiendaId=bbbbbbbb-bbbb-4bbb-8bbb-bbbbbbbbbbbb&zona=Zona%20Norte,34,0,0
1788744813725,34,GET Request,200,OK,Grupo GET Request 1-449,text,true,,984,221,1,1,http://localhost:3000/logistics/tenderos/productos-disponibles?tiendaId=bbbbbbbb-bbbb-4bbb-8bbb-bbbbbbbbbbbb&zona=Zona%20Norte,34,0,0
1788744813759,35,GET Request,200,OK,Grupo GET Request 1-449,text,true,,984,221,2,2,http://localhost:3000/logistics/tenderos/productos-disponibles?tiendaId=bbbbbbbb-bbbb-4bbb-8bbb-bbbbbbbbbbbb&zona=Zona%20Norte,35,0,0
1788744813767,34,GET Request,200,OK,Grupo GET Request 1-450,text,true,,984,221,2,2,http://localhost:3000/logistics/tenderos/productos-disponibles?tiendaId=bbbbbbbb-bbbb-4bbb-8bbb-bbbbbbbbbbbb&zona=Zona%20Norte,34,0,1
1788744813794,33,GET Request,200,OK,Grupo GET Request 1-449,text,true,,984,221,2,2,http://localhost:3000/logistics/tenderos/productos-disponibles?tiendaId=bbbbbbbb-bbbb-4bbb-8bbb-bbbbbbbbbbbb&zona=Zona%20Norte,33,0,0
1788744813801,33,GET Request,200,OK,Grupo GET Request 1-450,text,true,,984,221,1,1,http://localhost:3000/logistics/tenderos/productos-disponibles?tiendaId=bbbbbbbb-bbbb-4bbb-8bbb-bbbbbbbbbbbb&zona=Zona%20Norte,33,0,0
1788744813834,36,GET Request,200,OK,Grupo GET Request 1-450,text,true,,984,221,1,1,http://localhost:3000/logistics/tenderos/productos-disponibles?tiendaId=bbbbbbbb-bbbb-4bbb-8bbb-bbbbbbbbbbbb&zona=Zona%20Norte,36,0,0
1788744813870,34,GET Request,200,OK,Grupo GET Request 1-450,text,true,,984,221,1,1,http://localhost:3000/logistics/tenderos/productos-disponibles?tiendaId=bbbbbbbb-bbbb-4bbb-8bbb-bbbbbbbbbbbb&zona=Zona%20Norte,34,0,0
1788744813904,36,GET Request,200,OK,Grupo GET Request 1-450,text,true,,984,221,1,1,http://localhost:3000/logistics/tenderos/productos-disponibles?tiendaId=bbbbbbbb-bbbb-4bbb-8bbb-bbbbbbbbbbbb&zona=Zona%20Norte,36,0,0
